<?xml version="1.0" encoding="UTF-8" standalone="no" ?>
<COLLADA xmlns="http://www.collada.org/2005/11/COLLADASchema" version="1.4.1">
  <asset>
    <contributor>
      <author>Assimp</author>
      <authoring_tool>Assimp Exporter</authoring_tool>
    </contributor>
    <created>2026-09-06T12:33:37</created>
    <modified>2026-09-06T12:33:37</modified>
    <unit name="meter" meter="1" />
    <up_axis>Y_UP</up_axis>
  </asset>
  <library_images>
  </library_images>
  <library_effects>
    <effect id="material_0-fx" name="">
      <profile_COMMON>
        <technique sid="standard">
          <phong>
            <ambient>
              <color sid="ambient">1   1   1   1</color>
            </ambient>
            <diffuse>
              <color sid="diffuse">1   1   1   1</color>
            </diffuse>
            <specular>
              <color sid="specular">1   1   1   1</color>
            </specular>
          </phong>
        </technique>
      </profile_COMMON>
    </effect>
  </library_effects>
  <library_materials>
    <material id="material_0" name="">
      <instance_effect url="#material_0-fx"/>
    </material>
  </library_materials>
  <library_geometries>
    <geometry id="mesh_0" name="" >
      <mesh>
        <source id="mesh_0-positions" name="mesh_0-positions">
          <float_array id="mesh_0-positions-array" count="18000"> 11.6593199 0.459444851 0.232015863 10.9417276 0.759096205 0.304549724 10.1571331 1.86282182 0.235208154 10.0657291 2.43929124 0.25979206 11.0721245 4.38581228 0.193088502 11.1203566 4.49221134 0.0647233427 9.84594727 2.01625776 0.00528875971 10.9712343 0.650387466 0.0949504375 10.9266272 4.5500598 0.000526792428 10.6420927 0.700899363 0.0107640252 10.0534115 3.49721336 0.00793839619 10.4440241 1.25546563 0.263789982 10.31598 1.267928 0.080087252 10.0019245 2.28996181 0.107156649 10.161334 3.1756928 0.153541148 10.4664555 3.81393671 0.145539626 17.4217777 -0.40104264 4.04866076 12.7956858 0.385035783 0.158515036 13.4711685 0.197999567 0.135547131 15.8414221 -0.135275543 1.47680593 11.7704554 0.230828926 -0.00145301828 14.850316 0.236426041 0.924115479 15.8249989 0.00190610753 1.62685609 13.6374664 0.389384896 0.415320396 14.7278385 0.0487741753 0.633519948 24.542593 0.832278073 27.2248592 23.7470207 1.60105574 20.1288414 22.3821907 0.916293263 14.7505836 21.8256512 0.336326092 12.7730989 22.2848549 0.489070028 13.7556667 24.7497597 0.674012601 27.19767 24.4121914 1.28849316 25.0114098 24.5337601 1.23643506 24.2749195 22.9934921 1.04097915 16.1063976 23.6362762 1.38165212 18.7132664 24.1116772 1.46089745 21.2259274 24.181881 1.54846013 22.5146465 23.145565 1.37952256 17.2902679 22.7303028 -0.860213697 41.6449928 23.3737507 -1.02168739 39.3712234 23.9602718 -0.935734153 35.8641434 24.2451324 -0.780952454 34.2201042 24.0997581 -1.24888849 36.7265701 22.439518 -0.825045705 43.291851 21.6043606 -0.384707361 45.6660957 19.6608429 0.863719761 49.5782967 23.2008324 -1.16631448 40.7338524 24.5594063 -0.753908813 33.0694618 23.9510689 -1.09918976 37.0664177 24.7125702 -0.379868448 31.1680908 24.6104488 -0.111956537 30.5532627 21.4761906 -0.280357808 45.4153976 12.7417946 1.32779372 59.6938934 13.2154636 1.40840924 59.0952377 13.2435017 1.39539933 59.1177368 13.2703524 1.37803853 59.1386833 13.9060087 1.48180723 58.3237038 13.9335918 1.46474409 58.3448448 14.5529528 1.54510891 57.5145493 14.5812798 1.52833402 57.5358696 15.183754 1.58407485 56.6911011 15.2128372 1.56757867 56.7125854 15.7978334 1.59747577 55.8541832 15.8276834 1.58124804 55.8758125 16.3946095 1.58408237 55.004612 16.4252396 1.56811225 55.0263634 16.973505 1.54266524 54.1432228 17.004921 1.52694166 54.1650696 17.5338898 1.47197723 53.2708359 17.5661049 1.45648754 53.2927475 20.3769608 0.393588632 48.5077362 12.7113276 1.09306622 59.9908867 13.2955694 1.35659575 59.1577301 13.9594507 1.44345045 58.3641777 14.607789 1.50717807 57.5554886 15.2400017 1.54654932 56.7324867 15.8555098 1.56033504 55.8959808 16.4537296 1.54730582 55.0467987 17.0340843 1.5062325 54.1857529 17.5959415 1.43586659 53.3136673 13.3187065 1.33134007 59.1745186 13.9831161 1.4181968 58.38134 14.6319818 1.48191309 57.5730324 15.2647228 1.52126098 56.750412 15.8807573 1.53501308 55.9142952 16.4795036 1.52194166 55.0654984 17.060379 1.48081911 54.2048454 17.6227551 1.41039801 53.3331528 18.697834 1.22133899 51.4185982 14.0001678 1.39535773 58.39328 14.649354 1.45896041 57.5853348 15.2824087 1.49818492 56.7630844 15.8987494 1.51180565 55.9273529 16.4977951 1.49859679 55.0789528 17.2964287 1.42946029 53.9044838 13.9129705 1.3051821 58.591053 17.4999466 1.48205185 53.2483635 16.9404469 1.55312252 54.120636 16.3624268 1.59493756 54.9819565 15.7665091 1.608742 55.8314934 15.1532745 1.59576368 56.6684151 14.523303 1.55723023 57.4919014 13.8771725 1.49436951 58.3011169 17.8366261 1.39079976 53.0592461 17.4719868 1.48602164 53.2302856 16.9132404 1.55750692 54.1023216 16.3359566 1.599751 54.963459 15.7407656 1.61399615 55.812851 15.1282434 1.60146821 56.6496696 14.49897 1.56339276 57.4730835 13.8535242 1.50099564 58.2822571 18.0198822 1.38030016 52.2837677 16.5026836 1.59738851 54.5087471 15.2894373 1.61014533 56.3793755 14.753932 1.58590102 57.0920486 11.0842819 1.48199141 58.8046684 13.3170147 1.44436336 58.8748779 15.6312637 1.28872144 56.4710922 14.3680468 1.37445891 58.0050316 14.0153923 1.37046039 58.4035301 14.6648006 1.43386698 57.5959854 15.2980671 1.47288549 56.7741585 15.914607 1.48629284 55.9388657 16.8754311 1.37133062 54.6527138 19.1759853 0.929509223 50.9068031 11.5510912 1.12273026 60.9400291 11.6624069 0.984481871 61.0456696 10.2277613 4.55847359 61.3107834 10.645134 5.01270914 60.809761 9.82521248 2.73959112 62.1843262 9.70326328 3.16688848 62.3069687 10.1696777 4.66045284 61.5213623 10.6239643 1.18224216 61.9389572 10.0171871 2.03328466 62.2182999 9.83097363 3.53765798 61.9727936 10.0824594 1.79431009 62.2717552 19.5695305 7.74391603 46.6915436 18.3059235 7.96189308 49.119072 18.2089462 7.88459539 49.0903969 18.2325344 7.90066862 49.1026917 17.7809544 7.90657902 49.8454704 17.8046265 7.92253017 49.8586998 17.3468266 7.89856625 50.5975304 17.3705921 7.91434574 50.6116753 16.9071693 7.86143064 51.3455086 16.9310398 7.87699175 51.3605537 16.4623489 7.79606056 52.0885735 16.4863338 7.8113575 52.1045074 16.0126019 7.7033391 52.8260269 16.0367069 7.718328 52.8428268 15.5581598 7.58414793 53.5571594 15.5823927 7.5987854 53.5748138 15.0992584 7.43936872 54.2812729 15.1236248 7.45361423 54.2997589 14.6361332 7.26988411 54.9976654 14.6606369 7.28369808 55.0169563 14.1690197 7.07657623 55.7056274 14.0138617 7.01408529 56.0248985 10.1074934 5.23918629 56.2073631 13.4768839 6.75264168 56.756134 13.3283358 6.69970512 57.1318169 13.0073185 6.58333206 57.7480659 18.3850098 8.18887424 49.1107216 18.1206436 8.05329037 49.5305786 16.3324146 7.83292532 52.5052834 16.0590229 7.7364769 52.8589897 18.2545834 7.91944504 49.1139908 17.8267078 7.94127655 49.8709908 17.3927174 7.93301296 50.6249542 17.4224949 7.98442364 50.6661682 11.3652363 5.75064707 60.0480728 16.6077042 8.13432503 52.1838417 17.5544777 8.20073509 50.5755615 15.5952549 7.83691692 53.8618584 17.4847546 8.12217045 50.6832809 17.0438957 8.08576488 51.4406548 16.5979576 8.02072811 52.193058 16.1936054 7.9272995 52.8604431 17.6774273 8.10157871 50.3371506 17.0392246 8.05428791 51.4358253 16.5936794 7.98898125 52.1871948 16.1432762 7.89597082 52.9328804 14.2081709 7.23225069 56.0270348 15.426507 7.59407806 53.9704361 17.3700752 8.02005291 50.8202553 16.3440342 7.91410923 52.5836906 15.8892126 7.78421831 53.3091469 22.8926907 8.61941433 32.6225243 22.3539181 7.84854078 37.914402 21.7745018 7.66232061 40.5385323 19.1669044 7.99515343 47.6601753 19.6079502 7.94916058 46.8098526 20.8828182 7.61461449 43.4746475 22.7140045 8.15108776 35.371254 22.9522438 8.60381413 33.8128853 20.8019199 7.83044624 44.035305 22.9862289 9.10663986 31.1884689 22.6629848 8.16645813 36.8421059 22.819025 9.2115345 29.9093494 21.9102859 7.86162806 40.5553131 20.0074806 8.14197922 12.2714176 22.8528957 9.67843056 29.2587376 21.0440483 10.1536331 17.2737846 20.4706764 9.18666553 14.1562166 21.3780899 10.3013105 19.5710239 20.7423649 9.57517815 15.6842585 22.2345486 10.2354908 25.4085255 20.6552601 9.40205002 15.495677 21.849226 10.4590034 22.6656437 21.1260414 10.0760736 18.5847588 22.5272388 9.947258 27.2073059 22.2425251 10.5688057 24.7070675 21.6484928 10.6638851 20.902298 15.4021902 5.74957848 2.42463207 16.6772194 5.9960227 4.40858459 18.7007351 6.8417387 8.51347446 19.522459 7.53262091 10.6080046 19.9156246 8.16494083 11.6643639 19.2296886 7.38328362 9.51326561 17.7866096 6.37774897 6.43461561 17.0205421 6.26827288 4.82085943 18.4751186 6.86035967 7.67782974 12.8913736 5.16790056 0.370849252 14.936676 5.85502863 1.67826581 14.3753386 5.55118656 1.28317583 12.58813 5.24550915 0.16340223 13.8385525 5.5820303 0.751648188 20.8842468 -0.194080368 10.5307741 19.4546413 -0.506082714 7.67462158 18.3808079 -0.651107252 5.2935586 16.5389099 -0.302235186 2.38437247 20.295927 -0.591192305 8.86634445 12.2469435 5.75910521 0.156949133 11.4292288 5.42073298 0.0141072217 2.75672054 2.78185964 -1.20569013e-07 5.97661543 8.40972614 0.00156672322 3.4919517 -1.52438271 0.00117545121 9.9848938 -1.90625238 0.0190665442 9.82542038 -3.06968021 0.0154173039 10.1514206 -5.11287546 0.00100187724 7.17975378 -8.88599777 0.00100185408 3.08289075 -2.31983805 -8.98270343e-07 1.97920549 -3.38420558 1.00561476e-06 0.556965113 -3.958323 1.79212634e-06 -0.976934791 -3.958323 1.67267513e-06 -2.39917564 -3.38420534 8.04581589e-07 -3.50286055 -2.31983805 -2.47023763e-06 -4.70904446 -9.71772957 0.0142332409 -10.7097416 -0.753911138 0.0143982256 -9.32593822 4.57180738 0.000383937062 -12.0340958 2.91277671 0.00925499853 -3.91589999 1.50641859 0.00113265181 -9.5072422 6.27945042 -0.00128561235 -3.26661134 2.60616159 -7.7248086e-07 -2.0659821 3.56005669 9.10717574e-07 -2.34302211 10.3186512 0.0107041262 -0.595231652 3.99535227 1.78644393e-06 2.57448888 10.6444597 0.0166929495 0.931605637 3.8484478 1.39411054e-06 7.74863911 7.0448966 0.00970789418 8.04283714 8.59971237 0.00286503369 14.7177887 -0.521559358 0.630884945 10.8551598 2.71146226 39.4070778 10.3551416 5.18955421 58.8232193 9.45472145 3.54830265 59.5871696 10.0320196 2.17950606 48.6509247 10.7815809 1.68617642 55.3889618 10.0882092 2.00158262 57.8181534 9.51749706 2.89494205 59.4105225 10.5800495 1.34924293 61.8401337 11.026577 1.50640786 52.8957634 9.88271904 2.20897961 53.7785378 9.61700344 2.56276155 53.0184822 11.6841669 0.818565309 49.2536964 9.50126648 4.36536789 53.9018936 10.4768591 4.48735332 49.4169807 9.66071415 4.77004147 55.5028076 9.48724651 4.34760857 57.7036705 10.3773708 4.94580889 51.376133 9.89193153 4.76672459 52.5493851 11.1481333 1.15380716 61.3167496 9.84331417 4.67122173 59.2862244 9.51364708 2.70547104 56.8053741 9.28464413 3.60495901 54.8691673 9.5871067 3.03157806 51.0329132 9.70445633 3.74862671 50.5326347 10.3017178 5.23539543 53.4952126 10.4441624 1.66823864 51.9729271 10.9064207 -4.46033525 0.289090455 10.0218182 -2.51505065 0.223466024 10.4318895 -1.49930787 0.246238396 11.7378769 -0.432873309 0.0137013802 10.6518869 -1.03199577 0.0272085033 10.492528 -4.1056695 0.239234969 10.7599945 -4.49243498 0.0674371719 10.1515589 -3.55324602 0.209230334 10.1742077 -4.15115261 0.00679179654 10.0305252 -3.1748836 0.207164511 10.1083336 -2.09714365 0.166318774 11.5153294 -0.66741091 0.157546028 11.831604 -4.93892288 0.158513904 11.5074396 -4.96056032 0.0148343137 13.7299652 -5.97230387 0.964953601 12.6071539 -5.27907419 0.41880852 15.1306438 -7.05841827 2.9430275 14.2657328 -6.57426119 1.33248699 13.4599943 -6.03201723 0.633546293 12.3726215 -5.38453579 0.135547161 22.5281429 -9.981637 29.6547184 22.7667656 -9.23470974 26.9419518 22.1137733 -8.23659325 19.0089798 20.5287037 -8.65860844 13.7197895 22.7734985 -8.63480663 23.812624 22.9163666 -9.09557819 25.1939392 21.4047508 -8.48366928 16.0755482 22.8138561 -8.74347878 22.9702816 22.8519554 -9.58816338 27.4093342 22.1277142 -8.40922546 18.6694832 20.7588005 -8.36317348 14.6245689 22.5980225 -8.42028141 21.5307178 21.5071278 -8.26336384 16.7092934 20.6053867 -10.3115549 40.594677 21.3248005 -10.9895048 37.6823692 20.3873425 -10.2686911 42.2615433 19.1203556 -8.5945015 47.282505 19.1657219 -8.58281517 46.6663857 22.5723972 -10.2520561 29.8519287 21.2665653 -10.6907043 37.6742668 21.7162209 -10.7306328 35.1222801 22.2023735 -10.7306967 32.5314903 19.9639015 -9.78326702 44.0809822 22.147871 -10.4532404 32.1861458 19.7907085 -9.45117664 44.2407684 10.6827526 -3.40591669 60.1684341 11.9618177 -3.99053597 59.8651695 12.5401878 -4.14924669 59.204937 11.9867773 -4.01847553 59.8934708 12.5603781 -4.17254734 59.227417 12.5777321 -4.1993227 59.248333 13.1153517 -4.33379889 58.5471764 13.1333818 -4.3605957 58.5682564 13.6530676 -4.50581408 57.8555641 13.6717806 -4.53264189 57.8768082 14.1730003 -4.68925095 57.1529884 14.1924019 -4.71611881 57.1743774 14.6745071 -4.8846879 56.4399452 14.6946039 -4.9116044 56.4614716 15.1568394 -5.09262037 55.7170601 15.1776361 -5.11959553 55.7387047 17.3542557 -6.38916636 51.7718086 18.4390411 -7.46065331 49.2624245 13.5504417 -5.02917576 58.1160583 12.0392437 -4.22153759 59.9855118 12.6135664 -4.354671 59.315136 12.0394735 -4.17569351 59.9753761 12.6123648 -4.31780815 59.3054237 12.0341454 -4.13141584 59.9606895 12.6087427 -4.28915453 59.2956161 12.602746 -4.2615962 59.2840691 13.1593676 -4.42315674 58.6045609 13.1481581 -4.39052677 58.5875053 13.6871147 -4.5626893 57.8963051 12.0074711 -4.05183172 59.9192314 12.5919523 -4.22914743 59.2673302 12.0233898 -4.08978844 59.9418221 15.594244 -5.29054117 54.9622955 15.132658 -5.06959438 55.6943779 14.6511412 -4.86162663 56.4172592 14.1504421 -4.66614342 57.1303215 13.6313086 -4.48265123 57.832943 13.0943813 -4.31057167 58.5246162 16.0121651 -5.50987244 54.2032967 15.571991 -5.27537251 54.9437943 15.1111317 -5.05433273 55.6757507 14.6303358 -4.84626102 56.3985329 14.1303501 -4.65066528 57.1115227 13.6119213 -4.46705198 57.8140945 13.0756903 -4.29484558 58.5057373 15.9873695 -5.49801064 54.1849556 15.5479765 -5.26335859 54.9251938 15.0878935 -5.04215336 55.6569214 14.3573771 -4.7306428 56.7440262 13.1705456 -4.51696157 58.6367149 14.9364958 -5.27312183 56.2775612 13.1693306 -4.4797864 58.6265488 13.7090244 -4.65257025 57.9363213 14.2309208 -4.83680916 57.2351341 14.9867086 -5.13699055 56.1574364 13.1655874 -4.45090818 58.6164093 13.7051697 -4.62346077 57.9258385 14.2269669 -4.80746555 57.2242928 14.7303362 -5.0034976 56.5122795 15.2145262 -5.21205139 55.7904129 15.6787834 -5.43362284 55.0593071 16.1213493 -5.7501421 54.3910599 18.2934437 -7.46307898 49.8605232 13.6987362 -4.59551048 57.913681 14.2082949 -4.74629068 57.1941185 14.2203255 -4.7793107 57.2118225 14.7234936 -4.97513437 56.499485 15.20749 -5.1834774 55.7772865 15.6715593 -5.40483618 55.0458374 16.1149521 -5.63970661 54.3057594 16.3594551 -5.71320677 53.7526779 17.5233192 -6.66921568 51.7248878 14.7110577 -4.94190884 56.4814491 15.1946516 -5.15004063 55.7589149 15.6419296 -5.33947563 55.0077248 11.7430334 -4.05724764 60.314209 11.0233097 -0.203881323 61.4438019 10.0105228 -1.34204721 62.3866539 9.9507103 -2.78367782 62.2249756 10.3661041 -0.778790414 62.1558762 11.2069426 0.0681338608 61.4981155 10.0617418 -1.59688663 62.2691956 10.3929605 -0.8699103 61.9860649 10.4612579 -3.7298789 61.6117706 10.417963 -3.4527235 61.6033936 11.7132044 0.289954305 59.9719315 12.721386 0.482776254 59.9959106 20.7606564 -0.825362206 47.2288589 19.7428112 -0.139990017 49.5611877 18.2170868 0.38354519 52.2567558 16.7379169 0.578673184 54.381794 16.673851 0.584867299 54.5350571 16.0602169 0.707670331 55.7804413 15.5714512 0.617605686 56.0351143 15.5688677 0.616598725 56.0896034 20.9037437 -0.681114614 47.32584 20.0498772 -0.109422401 49.2081909 13.9163799 0.679183781 58.6292839 15.1710358 0.623959482 56.780098 13.5518751 0.479715645 58.8038254 18.2830696 0.57047677 52.496067 16.9923706 0.585495889 54.2004585 24.5867062 -0.962907493 29.9517307 23.904501 -1.95350718 36.0849457 23.3688202 -2.00712013 39.0411415 21.8368473 -1.44276679 44.5286827 24.7751846 -0.459371209 28.7556305 22.6479492 -1.83335471 41.8134308 24.3551884 -1.56701159 32.8636208 24.7304974 -0.92120868 30.4152088 24.2851391 -1.70195079 35.1239433 23.9770775 -1.8422842 37.0035057 21.8738651 -1.23660922 44.8866196 24.5607071 -1.4188112 32.9003906 23.4693813 -1.85321367 39.4969749 22.7829494 -1.68150389 42.0368958 24.4040031 0.675644815 23.0943928 23.9967556 0.864460289 20.2714787 23.1526127 0.500289321 16.5871353 22.1985168 -0.201108202 13.4874258 24.5372753 0.00105368427 26.4896698 24.3258324 0.455259353 23.862793 23.9666767 0.624714971 21.4675217 22.4825096 -0.053597264 14.8354874 23.0951691 0.352884561 17.0103798 23.6138592 0.593677223 19.1953144 24.7281609 0.102101006 26.6991787 16.3190784 -1.14380395 2.59534907 16.6276169 -1.20295858 2.95936775 16.1509151 -1.06574833 2.21872735 16.6530151 -1.19550705 2.94370246 16.1889572 -1.0498364 2.19554758 16.6839828 -1.182042 2.92532253 16.713623 -1.16422522 2.90854144 17.1641483 -1.29315352 3.66877699 17.1943684 -1.27562702 3.65175676 17.6323452 -1.38036799 4.42315483 17.6631527 -1.36312342 4.40590811 18.0881691 -1.44284725 5.18759203 18.1195717 -1.42587578 5.17013454 18.5312195 -1.47975314 5.96122503 18.5632248 -1.46304524 5.94357443 21.5036564 -0.758486092 11.6993618 16.7414398 -1.14233637 2.89364433 17.2226849 -1.25388813 3.6365037 17.6919746 -1.34152663 4.39030266 18.1489029 -1.40441334 5.15418196 18.5930672 -1.44170952 5.92728233 19.6561546 -1.38288438 7.73823118 16.7545013 -1.03736377 2.73685455 16.7669334 -1.11665511 2.88091707 17.248579 -1.2282176 3.62331319 17.7182693 -1.31585908 4.37664366 18.1755962 -1.37874234 5.14004993 19.6991425 -1.45989501 8.18236065 16.7853413 -1.09359014 2.87247038 17.5102234 -1.25520253 3.99537992 20.5263405 -1.15225184 9.43616199 20.8028698 -1.18071568 10.4734707 18.4976425 -1.49154925 5.97990847 18.0552597 -1.45504498 5.20623922 17.6000938 -1.39297891 4.44173717 17.1325436 -1.30618739 3.68726945 21.5206738 -0.79791975 12.2657862 18.766367 -1.51011217 6.57897186 18.4700394 -1.49725926 5.99538136 18.0282249 -1.46117675 5.22180319 17.5736122 -1.39954269 4.4573617 17.1066093 -1.31319177 3.70292664 18.1871967 -1.48197603 5.56051302 17.7912922 -1.43863368 4.88115597 17.1654434 -1.33627105 3.84941816 17.8948536 -1.25242829 4.53205872 18.8908672 -1.40292239 6.2802968 15.8731632 -0.737557828 1.50577056 12.0768404 -0.558880806 0.153758004 12.7996683 -0.45525381 0.0371472873 15.7370691 -0.923660338 1.58693004 13.7998934 -0.427337408 0.23722437 14.7136707 -0.706122398 0.72867167 19.2944355 -8.7324295 11.2694874 16.5259686 -8.01200962 5.51530409 14.695447 -6.79902077 1.89854586 18.8207607 -8.96731758 10.0031281 16.9641285 -8.43979454 6.19149542 15.6427813 -7.5790925 3.62278199 17.8527565 -8.58336449 8.15235996 12.201602 -6.10759068 0.21001865 13.2187929 -6.54893017 0.630884349 11.6535854 0.135586262 60.883358 10.063693 -0.681906283 59.5157051 9.82944489 -1.29615462 58.7953491 9.95854759 -2.28669024 62.2438545 11.0025215 -3.7791779 60.9671974 10.610611 -3.0222919 57.1359673 10.5660591 -3.02482176 54.3297348 10.7035789 -3.40401936 51.6303596 10.4407768 0.0376369618 53.9074287 10.4210224 0.0260703973 57.7122841 11.0463438 -0.402697384 49.4807129 10.7511702 0.342184484 55.509861 10.7662497 -0.026358122 59.9359436 11.4928379 0.0619897097 50.5416412 10.9610882 0.245630026 52.5533333 11.3688822 0.59841603 56.0716248 10.0833139 -2.82976484 61.9604378 11.3674774 0.488167286 58.1692886 10.1511927 -2.55255604 57.7240829 9.88823318 -1.9825052 54.5988808 9.78750706 -1.53576076 53.7423973 9.93370628 -0.569019079 54.8752937 9.97447395 -1.22938108 51.0240784 10.3755674 -0.608374894 50.5347214 11.5258665 0.506837904 53.4990578 10.2051916 -2.80965209 51.9757767 10.5861387 -4.89642 46.0934601 10.1118031 -5.66867304 39.8153992 10.2754898 -5.71262789 36.4139938 10.4116907 -5.45946074 33.5062294 11.0850172 -4.18385601 27.5148449 10.8356352 -3.56116581 25.4394188 11.1032887 -4.20169306 14.0826101 8.08185959 -8.52745152 0.290543377 7.90354252 -8.1274004 0.229217172 7.97677135 -6.72882223 0.241009593 10.8301992 -5.42354536 0.0458644442 10.0565453 -5.24859571 0.043470189 9.04658794 -5.45695448 0.0250345152 7.96094179 -6.21594572 0.00348500116 7.91703081 -8.54689693 0.0220336206 7.80976915 -7.43181276 0.207882255 7.64092445 -7.37239885 0.0255950559 8.21635628 -6.29946041 0.185885325 8.5737381 -5.92214489 0.179935813 8.78542805 -9.41047382 0.158514425 10.0993519 -11.1266451 0.96495086 9.35557461 -10.0366611 0.418807268 10.9372768 -12.6887836 2.94338012 10.3439627 -11.8944788 1.33248627 9.68113327 -10.8529081 0.479747295 8.76616383 -9.62488842 0.0389130898 16.757637 -17.9580956 28.1435795 16.5021744 -18.3841553 29.6806164 16.943861 -17.8950596 27.4530373 17.2239456 -17.4650116 25.1799278 16.8396149 -16.6065292 19.0194912 16.1345215 -16.3404961 16.225996 15.3769197 -16.2079353 14.103056 17.2040672 -16.9447441 21.9288654 16.8490353 -17.8595085 27.6579151 16.9616375 -18.1405411 27.4112797 17.2207489 -17.7174492 25.1998634 17.2709751 -17.354641 22.9806671 15.4417562 -16.4169388 14.2801981 16.7824669 -16.7698383 18.6816025 16.200079 -16.5714664 16.4467564 13.9813957 -15.8736038 46.9763336 13.7730236 -14.6071453 49.2925758 13.85882 -14.79004 48.5795631 14.1626091 -16.8838997 44.7736206 14.4485474 -17.6816463 42.3521194 14.7837048 -18.4782829 39.3396912 16.0589485 -18.8978367 31.6383324 15.0203743 -18.4641743 37.9624138 15.3298445 -18.9116459 35.7431831 16.119957 -18.5902367 31.4343929 14.2425814 -16.8845329 43.9351273 14.6323328 -17.9009953 40.5171051 15.4989929 -18.7427101 34.9070473 8.82236481 -8.02696037 59.877388 9.29012871 -8.59704399 59.8651695 9.75394249 -8.97727585 59.2049332 9.30156708 -8.63271999 59.8934708 9.76291084 -9.0067749 59.2274132 9.76787376 -9.03829479 59.2483292 10.204318 -9.37981415 58.5471725 10.2098904 -9.41162872 58.5682564 10.6255798 -9.75566578 57.8555641 10.6317635 -9.78778553 57.8768082 11.0259409 -10.1347008 57.1529999 11.0327377 -10.1671381 57.1743927 11.4045954 -10.5172157 56.4399643 11.4120073 -10.5499802 56.4614944 11.7606554 -10.9033566 55.7170753 11.7686825 -10.9364586 55.7387238 13.1426535 -12.8051672 52.1532631 13.6176567 -13.8561935 50.1497383 9.73429585 -9.46720886 59.197773 9.28576088 -8.79777908 59.9753761 9.75132179 -9.16062069 59.3054237 9.29890251 -8.75516224 59.9606895 9.75966644 -9.13297272 59.2956161 9.76539612 -9.10536003 59.2840691 10.2081842 -9.479352 58.6045609 10.211216 -9.44498253 58.5875053 10.6335506 -9.82147312 57.8963013 9.30690384 -8.67160988 59.9192314 9.76873398 -9.0713253 59.2673302 9.30600834 -8.71275997 59.9418221 12.0797462 -11.2620821 54.962307 11.7479296 -10.8724852 55.6943932 11.3926287 -10.4866438 56.4172821 11.0147314 -10.1044159 57.1303368 10.6151218 -9.72565365 57.8329391 10.1946077 -9.35006523 58.5246124 12.3723316 -11.6324463 54.2032967 12.065587 -11.2391748 54.9438057 11.7344723 -10.8497887 55.675766 11.3798733 -10.4641466 56.3985558 11.0026731 -10.0821047 57.1115379 10.6037569 -9.70351982 57.8140945 10.1839285 -9.3280983 58.5057373 12.3545055 -11.6115265 54.1849556 12.0485363 -11.2184334 54.9252052 11.7181988 -10.8292112 55.6569405 11.1775255 -10.247489 56.7440758 11.3752899 -10.8201065 56.5375633 10.1802425 -9.56959057 58.6367111 10.8130903 -10.1412525 57.5919991 10.1942539 -9.53513432 58.6265488 10.6170092 -9.9124918 57.9363213 11.0188389 -10.2930593 57.2351494 11.3989372 -10.6771278 56.5235138 11.9440413 -11.2622051 55.4113922 10.2025785 -9.50723171 58.6164093 10.6253271 -9.88433361 57.9258347 11.0271606 -10.2646465 57.2243118 11.4072742 -10.6484623 56.5123024 11.7647781 -11.0359259 55.790432 13.2950487 -13.2772102 51.7373161 10.6308174 -9.85618401 57.913681 11.0349846 -10.2011671 57.1941338 11.0325451 -10.2362261 57.2118416 11.4125595 -10.6197701 56.4995117 11.7699718 -11.0069618 55.7773056 12.1038904 -11.3979454 55.0458488 12.487299 -12.0369844 54.1036339 12.6069021 -11.9594698 53.7526627 11.4147129 -10.5843582 56.481472 11.7718439 -10.9711933 55.758934 12.103404 -11.3261757 55.00774 8.87176418 -8.4364109 60.5643463 9.24023247 -5.04720402 61.9186287 8.71236229 -5.34679413 62.3143616 8.05858994 -6.26764679 62.3403511 8.62171268 -5.53710938 62.1590233 10.9295359 -4.74254513 60.5542259 9.35997486 -4.90717125 62.036026 10.4540873 -4.57223129 61.3310547 8.15490341 -6.23688889 62.1861458 10.1688194 -4.70952559 61.3105698 11.0148277 -4.69134617 60.7400856 7.97905493 -7.40548468 61.8100815 8.02077579 -7.00360918 61.8918571 8.33809566 -8.04006767 61.2152367 18.6890926 -9.40544128 46.9452553 17.5943317 -7.51060152 51.0832176 11.9474964 -4.68608856 59.9773102 12.9963131 -5.28576517 58.2982216 15.8909607 -6.56318331 53.8670197 10.8455372 -4.39774084 58.5399895 18.5790768 -8.92287159 48.0247841 16.1240578 -6.53403234 53.9370575 17.0036736 -7.26720142 51.9445114 15.0523691 -6.06843901 55.5192413 20.1768761 -11.1863575 40.7022514 22.4201603 -9.99944687 26.2621899 19.482151 -10.4843102 43.8502197 21.1713085 -11.5863705 35.4680405 21.6177711 -11.4049177 32.6685181 20.7872467 -11.3699093 38.9589424 19.8220139 -10.5705938 43.3454208 22.168644 -11.0440722 30.8294849 21.8313103 -11.3773146 32.9729004 22.1246929 -10.9331942 29.7931938 20.8907566 -11.5684395 37.5262489 19.1901207 -9.76158142 45.9249039 21.4675121 -11.528244 35.192791 20.282093 -11.0272703 41.3180618 19.3756065 -9.57947922 12.2714386 22.5341053 -9.52053642 23.7751541 22.5510082 -10.314105 27.837471 21.345705 -9.03695393 16.5950947 20.9382629 -9.19082832 16.0332127 20.2815552 -9.33708954 14.3167467 22.330307 -9.47470379 23.2779121 22.1362152 -9.24439526 21.0626507 21.8017616 -9.14070225 19.1549664 22.0938168 -9.03061008 19.4890137 22.5379047 -9.24573231 22.3514233 22.693716 -9.72622776 25.4388523 17.5349503 -9.47840977 8.51347828 18.5982189 -9.62678051 10.6080141 19.7698689 -9.42451572 12.5425301 18.2913284 -9.50914097 9.51327515 14.4610367 -7.47150946 1.94240916 15.0318747 -8.1743412 3.41599298 16.2704201 -8.97162437 5.83355999 16.1327171 -8.70506668 5.1259532 17.3978271 -9.29828548 7.67783976 14.0708094 -7.41260624 1.74592745 11.5978832 -5.68421364 0.0365003422 13.034667 -6.65236712 0.675518274 13.9095945 -7.09905529 1.26666796 11.65905 -13.8897238 5.06779671 10.6451254 -12.2746286 1.89858973 14.3017035 -16.232357 11.7945423 14.0742702 -15.9603863 11.2367601 12.1775808 -14.5627584 6.46278381 12.711894 -15.0810356 7.99697018 11.7622356 -14.3362532 5.36061096 13.4026499 -15.8353786 9.66727161 8.64809608 -10.6285944 0.210016862 9.3978405 -11.4455109 0.630883932 10.4623575 -5.65588188 47.2877998 10.5781746 -4.85438919 50.0315018 9.29435444 -4.38697624 53.8176613 8.37277603 -6.11414671 48.2124519 8.27132893 -6.81158447 57.9316673 8.55738354 -5.04919863 58.5279274 8.94961452 -4.87385798 60.1847115 8.27653122 -7.76511669 61.2172394 8.44962215 -7.16343069 57.1411438 8.40789318 -7.14672089 54.3346367 8.19196987 -6.02411604 53.7879181 8.23418427 -5.88333321 50.6528854 8.38771725 -7.63767529 51.3197899 9.21672344 -4.86160564 50.5368805 10.0067883 -4.13428307 55.0699501 9.24408531 -4.36212587 56.7787743 9.91322231 -4.94690561 49.4810638 10.1099119 -4.33713341 52.4556923 10.8549681 -4.32829189 53.6844101 10.5946627 -4.17115498 56.4493484 8.14583874 -6.33602762 58.9819145 9.97321892 -4.33056259 59.1525307 8.32472229 -5.37408638 56.4027519 8.65378857 -4.85276747 55.1672897 8.60538197 -5.25412464 51.0378761 8.16579342 -6.80315542 51.9787216 8.20147705 -8.92208672 29.1947975 8.48229599 -8.68341923 27.9443588 8.55034351 -8.49026108 27.2624607 3.90251303 -11.1778336 0.287579417 4.40395927 -9.59175968 0.210011765 7.67348337 -9.44588947 0.0458641984 7.03787661 -8.97139454 0.0434700809 3.90009618 -10.7256098 0.229217485 3.79820848 -11.150423 0.0694785789 3.81571293 -10.1418438 0.0095942365 3.65910101 -11.9792938 -0.00837330054 4.07339668 -10.1040487 0.184811965 4.39023113 -9.3391552 0.0170892794 5.64102745 -8.73757172 0.0187588595 5.35356665 -8.98981571 0.214699432 4.97822475 -9.10180569 0.118301839 6.75127459 -9.00122452 0.176805705 4.76857519 -15.079052 1.62693167 4.18386793 -12.2564564 0.15851517 4.61442089 -15.3386927 1.48745728 4.74825716 -15.3078566 1.64362669 4.44812441 -13.0556774 0.41531381 4.55188131 -14.1845007 0.670187116 4.30892801 -13.3778648 0.277556777 4.07254219 -12.434865 0.0356028154 7.99021149 -23.3076782 28.1435795 7.71648932 -23.4496002 29.1603012 8.61795235 -23.0458775 25.1720161 8.68844032 -22.2365799 19.7716141 7.32970285 -21.2569466 13.9645538 8.07715988 -23.5729618 27.5033035 7.82329273 -21.3613262 15.2838688 8.81023026 -22.5611382 21.9141636 8.11381054 -23.2547855 27.6579132 7.9548583 -21.7422695 16.0739708 8.70521259 -22.9631901 22.967617 8.49390411 -22.229475 18.6664009 8.51224518 -23.2751694 25.1924095 8.38344955 -21.840519 17.6193066 6.28508902 -20.5388241 45.8452644 7.18824244 -23.6388702 31.249403 8.14243317 -23.4489727 27.6256161 6.13299036 -23.3123779 37.5573311 5.90406322 -22.3623333 41.7296371 6.41857386 -19.8191719 47.8908691 6.08728743 -21.1489754 45.0541153 7.19600916 -23.843544 30.687397 6.1917305 -21.0135918 45.039856 6.53320265 -23.7621136 34.1307068 6.49673986 -23.4326324 35.0482597 6.06878281 -22.4601631 40.6843872 6.14162731 -22.8696365 38.6047897 4.5543313 -10.3768768 60.1686516 4.97578382 -11.7186251 59.8651695 5.24484444 -12.2546377 59.204937 4.9717226 -11.7558689 59.8934708 5.24103832 -12.2852325 59.227417 5.23275185 -12.3160439 59.248333 5.49255466 -12.8055553 58.5471764 5.48470545 -12.8368845 58.5682602 5.72452497 -13.3202591 57.8555641 5.7171092 -13.3521166 57.8768082 5.93610859 -13.829402 57.152977 5.92912483 -13.8617973 57.174366 6.12644529 -14.3328714 56.43993 6.11989021 -14.3658161 56.4614563 6.29466438 -14.8304462 55.7170448 6.28853369 -14.8639498 55.7386932 6.78021145 -17.11063 52.1270866 5.52767038 -14.7947416 56.5085564 4.76970625 -12.4726181 59.549221 5.28039265 -12.7067375 58.9724197 4.89014721 -11.9002285 59.9753761 5.16787291 -12.4210644 59.3054276 4.919487 -11.866642 59.9606895 5.18674374 -12.3991995 59.2956161 5.20321178 -12.3763008 59.2840691 5.45560169 -12.898057 58.6045647 5.47234964 -12.8678932 58.5875092 5.70504045 -13.3836164 57.8963051 4.96078062 -11.7935667 59.9192314 5.22010326 -12.3465681 59.267334 4.94322538 -11.8307953 59.9418221 6.67014027 -18.4860382 50.315464 6.44026089 -15.2879295 54.9622917 6.29559565 -14.7970686 55.6943665 6.12794828 -14.3000765 56.4172478 5.93818665 -13.7971764 57.1303139 5.72717905 -13.2885904 57.832943 5.49578428 -12.7744303 58.5246162 6.55690908 -15.7452574 54.2033005 6.43664312 -15.261241 54.9437904 6.2925334 -14.7708578 55.6757355 6.12544537 -14.274332 56.3985176 5.93624544 -13.7718868 57.1115112 5.72579908 -13.2637444 57.8140945 5.4949646 -12.7500162 58.5057411 6.54913235 -15.7188921 54.1849556 6.42950201 -15.2353544 54.9251862 6.28603458 -14.7454376 55.6569099 6.02872372 -13.9941273 56.7440033 5.80733538 -14.0208902 57.2545395 6.17706966 -15.1248255 55.7137451 5.59470558 -13.5412807 57.9285431 5.83790064 -13.9973602 57.2462502 6.02865982 -14.5030193 56.5351181 6.27734137 -15.257679 55.442318 6.51539278 -16.3321686 53.854599 5.42018223 -12.9433546 58.6265526 5.65290451 -13.460042 57.9363213 5.86520672 -13.9711809 57.2351227 6.0562315 -14.4766579 56.5234756 6.22510862 -14.9762459 55.8019943 6.37096786 -15.4697199 55.0712929 6.49294043 -15.9568529 54.3319817 5.43913937 -12.9212484 58.6164093 5.67195892 -13.4376993 57.9258385 5.8843689 -13.9486065 57.2242813 6.07550907 -14.4538584 56.5122643 6.24450922 -14.953229 55.7904015 6.39049768 -15.4464931 55.0592995 6.51260376 -15.9334259 54.3195801 5.68842602 -13.4142141 57.913681 5.91733694 -13.893796 57.1941071 5.90084887 -13.9248304 57.2118111 6.09200954 -14.4297943 56.4994698 6.26103687 -14.9288788 55.7772751 6.40705776 -15.4218616 55.0458298 6.52920151 -15.9085178 54.3057594 6.63818359 -16.1393871 53.7526932 6.66499949 -17.209795 52.4341316 6.10837889 -14.3983202 56.4814339 6.27729416 -14.896966 55.7589035 6.43580437 -15.3561134 55.0077133 6.78010035 -18.5463009 49.7621422 4.73061275 -11.5452986 60.4066238 8.06740093 -8.7233448 60.9424629 5.62522697 -8.55297184 62.3515167 6.89609909 -8.30750084 61.9191246 4.30590868 -10.7627258 61.2790527 4.66611624 -9.25394917 62.268528 5.26677418 -8.82791233 62.2432747 6.14215851 -8.47394466 62.0269089 7.15321541 -8.48432922 61.5223694 4.31426716 -10.1429214 61.7383156 9.00955963 -9.62944221 59.3082695 13.0519533 -14.9474382 49.5187645 12.3862143 -13.3775368 52.390873 11.7210102 -12.4204473 54.0194016 11.5286264 -12.1584044 54.5357971 11.3003702 -11.8790636 54.9979515 11.1849022 -11.7351437 55.3181763 10.9723606 -11.4948997 55.7055702 10.8129034 -11.3161564 56.0900688 10.6213188 -11.1141338 56.4041901 10.4136953 -10.9011087 56.8507957 7.8897748 -8.33605194 58.7235985 9.80168533 -10.3144827 57.9167252 11.0326939 -11.3631039 56.2466545 13.4391947 -16.2424793 47.1431694 12.6524935 -13.8457975 51.5579681 8.87732887 -9.28482246 59.9900322 12.1191368 -12.6640882 53.8105278 13.1809683 -14.5800524 50.1993866 11.4193182 -11.9082489 55.1728745 11.5521736 -12.1744022 54.5540886 11.7546396 -12.4080019 54.1800194 11.2081041 -11.7513609 55.3374367 10.8357172 -11.3326111 56.1102829 15.6769304 -19.1161404 30.1046829 15.0006599 -19.365694 34.6493607 13.304472 -16.7393188 45.971241 13.6435614 -17.9664803 42.6797562 14.0124588 -18.7778912 39.5429306 14.4737873 -19.2212429 36.3474998 14.9944048 -19.3218365 33.2050171 14.2507744 -18.8191338 39.5358467 15.3627262 -19.3459492 32.6201439 14.585227 -19.1877975 37.2144699 16.0405655 -19.0046959 29.462986 13.5619745 -16.8944168 45.7215004 14.0172615 -18.381319 41.4228325 13.7871389 -17.7783413 43.4230881 14.3103113 -16.8126717 13.2649632 15.4283819 -16.9140816 15.33603 15.3796368 -16.9742508 15.683588 16.5637646 -17.7674141 22.7793941 16.2669106 -17.3544559 19.5708714 15.9749022 -17.1844177 18.5850887 16.4416847 -18.2547741 25.7708206 15.3550816 -16.972456 16.161396 16.7453041 -17.4906254 20.9269657 16.7338161 -18.2154427 25.4065113 12.1493216 -15.8772631 8.51347637 13.5285282 -16.5734787 11.1816177 12.8277922 -16.2129765 9.51324463 10.1574411 -12.7935982 1.94241261 10.0041857 -12.9085045 2.13359857 13.3810062 -16.5819988 11.5266724 10.788682 -14.3090963 4.59140396 11.2096987 -14.5863781 5.12144852 12.0973101 -15.6569366 7.6778388 11.3148346 -15.0321856 6.14818954 8.26877594 -9.99626923 0.0365002602 9.18756104 -11.4651117 0.675515413 9.80516243 -12.2290497 1.26666772 6.52319908 -20.4898148 11.7051582 5.99042797 -19.9385757 10.0360508 4.75827837 -17.162796 4.04529762 5.39703321 -19.515028 8.36276817 6.77300453 -20.9641361 12.6294785 5.43834019 -19.0179157 7.84592342 5.13874865 -18.1953659 6.1753459 4.92585611 -17.1671314 4.49135113 3.91560769 -14.3646402 0.630884528 7.90608168 -8.76651669 60.7696114 5.14751911 -9.07735538 48.2123947 5.46866274 -8.51002121 50.9309845 6.15921164 -8.10255718 59.5944252 4.38820553 -10.5463638 61.217205 4.79115057 -10.0668249 57.1378288 4.75959444 -10.035121 54.3315201 4.54130983 -10.4757195 51.3173103 6.95144176 -7.89273834 53.9094696 7.02965355 -8.63733387 49.4818039 7.38544559 -7.91971016 55.5124702 6.92939568 -7.88613129 57.715477 7.12134266 -8.17787933 59.9383011 7.67365837 -8.65824986 50.5424614 7.45431709 -8.14018631 52.554821 7.98922348 -8.20733643 56.0736389 4.69973421 -9.32191753 62.1036377 5.55110121 -8.33130074 58.7973099 4.83273888 -9.41112518 57.7259865 5.08062077 -8.83392143 54.6007423 5.3373251 -8.46344852 54.3009911 6.16135502 -7.92195559 54.8775787 6.42773342 -8.27655315 50.5354958 8.02628994 -8.38514423 53.500515 4.67804003 -9.62295246 51.9768181 4.17663193 -11.154952 48.911335 2.4908452 -11.4670792 39.8141441 3.15390277 -11.5099573 31.77421 4.20260954 -11.4689913 27.9445686 4.34338951 -11.3201761 27.2624607 4.53310442 -10.5823851 25.4885197 4.54547405 -10.5567551 16.3376541 -0.991998672 -11.8710384 0.290542215 0.640522659 -10.4910288 0.231882215 2.78726697 -11.364007 0.157571584 2.94387126 -11.3202267 0.0302427709 -1.14564872 -11.5686264 0.00243655359 -0.605563939 -11.1760492 0.284675598 -1.03020191 -11.8562384 0.139110699 3.47763467 -12.4412193 0.0141462777 -0.0565000437 -10.7321434 0.223820731 -0.751185775 -11.1688223 0.0549203455 -0.0683106855 -10.4908047 0.0113633536 1.47680807 -10.268117 0.0056047691 0.765065193 -10.4037838 0.0934419185 1.48172736 -10.5298519 0.164092779 2.25036597 -10.8504524 0.137273133 -1.17743468 -12.9847603 0.158514634 -1.35387409 -13.0886469 0.0317501687 -1.54928327 -15.0300732 0.925409436 -1.26128244 -13.8274784 0.418814868 -1.907107 -15.8597555 1.40634739 -1.65001738 -14.6155319 0.479728669 -2.6797452 -24.6509571 29.7655697 -1.13323474 -23.7530193 19.02668 -1.31137109 -23.2949924 16.9871674 -1.68604565 -22.5795593 14.6235771 -1.89932919 -22.4722881 14.0251322 -1.11074448 -24.1017036 20.8278065 -1.80851042 -24.7424946 26.5939522 -1.80953002 -22.8601265 14.9623966 -1.57896304 -24.7463379 24.1933365 -1.300547 -24.3351154 21.0950966 -1.93795013 -24.8764877 26.3022213 -1.23068166 -24.4643383 22.5936813 -1.2554996 -24.4136944 21.956274 -1.32721364 -24.5279522 23.8170013 -1.31137478 -23.847065 18.6075935 -1.48551273 -19.9619484 49.3431854 -3.31237102 -24.4369869 32.6663437 -3.83972621 -24.3482151 34.9327393 -2.54283714 -21.1518593 47.066246 -1.81305683 -20.3825569 48.691597 -2.504668 -21.2390118 46.2353096 -3.21761799 -22.1846848 44.1224251 -3.71255374 -22.9854279 41.4599571 -3.94921947 -23.6827412 38.5279732 -3.18730307 -24.7945709 30.8036366 -3.15931988 -22.2254143 43.5728493 -3.77143979 -24.2887001 35.0949821 -3.72820663 -23.6534634 38.0568581 -2.43102574 -24.8852463 28.320261 -3.64530587 -24.0642681 35.5457649 -3.58009648 -23.0272942 40.7757072 -3.14931083 -24.6130524 31.5993538 -0.235227168 -12.8155289 59.8651695 0.0559770539 -11.4343634 59.1161232 -0.193112612 -13.5123568 59.0469322 -0.174422324 -13.9458418 58.4862328 -0.177770674 -14.2025518 58.2222557 -0.172935322 -14.5084639 57.7946434 -0.18548961 -14.873394 57.381424 -0.187744945 -15.0575199 57.0922737 -0.217580393 -15.5241518 56.5253334 -0.275353968 -16.1540928 55.6548653 -0.255461097 -16.0564651 55.6162262 -0.360136956 -16.7624989 54.7708778 -0.473281682 -17.3485775 53.874218 -0.483718425 -17.4034939 53.7578392 -0.606213093 -17.8484268 53.3176117 -0.959011376 -18.5444145 52.4132271 -0.202565074 -13.5345116 59.0658226 -0.254085869 -12.8479004 59.8934708 -0.218421102 -13.561058 59.0883179 -0.23848249 -13.5859661 59.1092682 -0.202297091 -14.2528667 58.26371 -0.222132474 -14.2785625 58.2848587 -0.209248811 -14.925354 57.4228973 -0.228869542 -14.9518499 57.4442291 -0.240590185 -15.5777884 56.5667572 -0.26000765 -15.6050959 56.5882607 -0.297635138 -16.2094364 55.6961746 -0.316860676 -16.2375641 55.7178192 -0.381713092 -16.8195782 54.8119888 -0.400758088 -16.8485413 54.8337555 -0.494181067 -17.4074192 53.9150391 -0.513058007 -17.4372253 53.9369011 -0.27941525 -12.8778887 59.9192314 -0.262435168 -13.60882 59.128315 -0.24600257 -14.3020945 58.3042068 -0.252670109 -14.9760675 57.4638748 -0.283750594 -15.630003 56.6081924 -0.34055689 -16.2631683 55.7380333 -0.424417287 -16.8748436 54.8542404 -0.536689937 -17.4642334 53.9576378 -0.310594857 -12.9047585 59.9418221 -0.289965093 -13.6292028 59.1451149 -0.273589045 -14.3230228 58.3213921 -0.280327529 -14.9975386 57.4814529 -0.311491132 -15.6520157 56.6261711 -0.36839053 -16.2857208 55.7564125 -0.452351868 -16.8979321 54.873024 -0.346861005 -12.9278507 59.9606895 -0.314350843 -13.6434822 59.1567268 -0.298115969 -14.3376265 58.3333664 -0.305007696 -15.0124598 57.4938049 -0.336334199 -15.6672468 56.6389084 -0.39340356 -16.3012524 55.7695541 -0.62390095 -17.3554554 54.3189659 -0.340525627 -13.6558228 59.1666069 -0.556281328 -13.4240456 59.5362511 -0.375269085 -13.6683779 59.1764069 -1.54982567 -19.8752632 49.9206161 -0.932914734 -18.8868961 51.5462341 -0.475269467 -15.1265669 57.4750557 -0.48679921 -16.2252712 55.974823 -0.32450664 -14.3501883 58.3436508 -0.331626326 -15.0252285 57.504509 -0.186814696 -14.2254486 58.241127 -0.194130808 -14.897048 57.4002495 -0.225826174 -15.5485783 56.5440788 -0.283213556 -16.179306 55.6734962 -0.367621213 -16.7885132 54.7893486 -0.480404049 -17.3754063 53.8924866 -0.34737277 -12.5594444 60.3765793 3.35488915 -10.9820013 61.1529236 0.163744718 -10.7283344 61.9781532 -0.313874871 -11.1566982 61.7275734 2.29630208 -10.3028822 62.1591187 3.61497092 -10.9671249 61.3479538 1.45905232 -10.2667189 62.2772293 2.26778722 -10.3658237 61.9727974 3.09915996 -10.7574024 61.5188828 0.479806215 -10.4200096 62.2872543 3.75292325 -11.4840317 60.6289635 5.7565937 -19.0959148 49.2854729 5.58013153 -20.1809883 47.4519348 5.15115118 -14.4389124 56.7825813 5.72140551 -16.3897686 53.9264145 5.80053425 -17.1778355 52.4450188 5.86118841 -17.8590374 51.4400101 5.82422733 -18.3980026 50.4506645 5.81558847 -18.6316242 50.0924644 6.08245945 -18.9434128 49.8960724 5.95347834 -16.5320396 53.8933487 4.36812925 -12.4404526 59.6246796 5.98501015 -18.3133926 50.898613 5.13038301 -22.7329311 40.344368 6.58306122 -24.0239735 30.7515335 6.18662453 -23.9150867 31.4888821 5.30695581 -20.9236126 45.6716042 5.17849827 -22.0258427 42.9104843 5.6551652 -23.757349 34.2928772 6.67565632 -23.8768463 29.5165043 6.07085371 -23.9912243 33.0161629 5.52641821 -23.4838886 37.566185 5.33574772 -22.976511 39.9652519 5.3113637 -22.5129185 41.6534691 5.66199541 -23.7735329 35.6161156 5.31227541 -23.4224072 37.2262573 5.50924349 -21.2613392 45.2353859 7.91742611 -23.4863281 25.0660744 7.34853268 -23.6385384 27.0365067 7.31179905 -23.8486691 28.1771488 7.90437889 -22.4473915 18.5078316 6.87400341 -21.5977402 14.4101534 7.74453306 -22.4510269 18.8368435 7.70873642 -23.3761482 25.0412922 7.90825367 -22.957386 22.0282841 7.67344379 -22.3826447 19.1229191 7.06678057 -21.8175755 15.6930265 6.79598188 -21.6079903 15.0233393 8.147192 -23.094595 22.351368 4.62664843 -19.5323715 8.5134697 6.03461838 -21.1306458 12.668745 5.81563473 -20.8789291 11.6643877 5.11005211 -20.1151943 9.51364708 4.15717173 -18.2536125 5.83366728 3.92088246 -16.7996559 3.4160254 4.26311398 -17.9728451 5.12592506 4.66872168 -19.3098888 7.67772579 5.45455837 -20.6869316 11.4174976 3.12878442 -11.9986467 0.112380579 4.06021404 -16.0084953 2.08544207 3.84388161 -15.5757198 1.74592352 3.62776852 -13.3620195 0.21374473 3.9767015 -15.2855148 1.29924953 3.70099235 -14.2445879 0.650370777 -2.73116088 -20.2228889 9.01703167 -2.74804258 -19.2087307 7.03862619 -2.14140821 -16.6963844 2.82184362 -2.89492798 -18.8795338 6.07223415 -2.87939239 -20.6394005 9.50650787 -2.49063349 -21.323143 11.2793837 -2.53504944 -17.9050961 4.73091221 -2.61794281 -21.5538464 11.5531263 -2.24395013 -16.5881233 2.28982425 -2.27997756 -14.8015718 0.630884945 2.67102838 -11.6890793 29.5558681 1.4541837 -11.2035131 41.5790443 2.31762719 -9.99281693 59.5878677 0.99604708 -10.4724274 48.2125053 1.5195533 -10.085166 50.9276924 0.327100545 -11.1177568 55.3898544 0.713190913 -10.4611444 57.8187828 1.66884041 -9.95458794 58.7907524 0.818728805 -10.3716488 62.2349548 -0.226072922 -11.3563147 61.3557205 -0.385359287 -11.8696442 61.0587425 0.174675152 -11.3367834 53.6176758 0.941058576 -10.2783794 53.7791786 -0.552905619 -11.4092541 48.6776962 -0.629893363 -12.0140839 49.3190765 3.12548089 -10.124403 53.9026222 3.15618157 -11.0842924 49.5084457 3.51124406 -10.325305 55.5037346 3.10916519 -10.1086807 57.7048111 3.16639328 -10.4530506 59.930378 3.90709186 -11.0114422 53.4957008 3.61116505 -11.0563879 51.3763657 3.48384356 -10.5548887 52.5499077 3.94595027 -10.8336039 56.0669327 3.82172847 -10.9048805 58.5653 1.47813678 -9.9661026 55.0600967 2.39187312 -9.82950783 54.8699608 2.49088526 -10.2620144 50.5329094 0.344588786 -10.7802353 51.9733009 -0.208463401 -11.529829 50.8485146 -2.35233998 -11.4736795 40.0886803 -2.41707873 -11.7353392 36.6679878 -0.627206206 -11.9919071 14.2963676 -5.48871231 -10.2874117 0.260823548 -4.80698395 -9.92922688 0.311866164 -3.50994396 -10.0025625 0.270680368 -1.91535151 -11.9103966 0.0239868294 -5.2813611 -10.0777111 0.136298582 -2.0342567 -11.1814823 0.00975477323 -5.79040527 -10.3312922 0.0188087542 -4.20657349 -9.85518551 0.246989951 -2.67733693 -10.3205404 0.0216503236 -2.60429621 -10.6455479 0.230656177 -2.24008536 -11.1823149 0.170956329 -3.72155166 -9.77103996 0.0296656936 -6.79080486 -12.2051973 0.418806255 -6.41147184 -11.4146729 0.0596712418 -7.59760475 -13.2493982 0.964951158 -8.85196877 -14.5594587 2.9782989 -8.25226784 -13.7193117 1.33248806 -7.62877512 -12.9746695 0.633547604 -6.95600986 -12.0830574 0.181536838 -12.5046339 -21.5802937 29.6547012 -11.7870693 -21.895546 26.9433155 -11.3247051 -21.9736271 24.5754337 -10.7261543 -21.351963 19.0145931 -10.7419691 -19.7808018 14.1194162 -10.9348097 -21.8036938 21.923439 -11.6646481 -22.05896 25.1971149 -10.8973274 -20.6207619 16.0788879 -11.3039312 -21.9942455 22.975872 -12.1474228 -21.9433384 27.4103661 -10.8992043 -21.3479424 18.6759834 -10.9997244 -19.8198376 13.947053 -10.6913214 -20.599411 16.2233124 -12.6318665 -19.6336441 40.5942535 -13.4143295 -20.7668438 34.9545212 -13.1757841 -20.0043488 39.1608162 -12.5665083 -19.4213238 42.2609558 -10.497179 -18.1910496 47.8891296 -13.0053396 -21.4385281 30.8513184 -11.2240877 -18.6505013 45.7530136 -13.0779667 -20.2515011 37.6742325 -13.1646547 -20.6945572 35.1221313 -12.0393896 -19.0509224 44.0806885 -12.9338846 -21.1528435 32.1858978 -11.690897 -18.9132996 44.2408638 -5.0442729 -11.0770102 59.8777275 -5.44187355 -11.6980906 59.8651695 -5.66017008 -12.2567024 59.2049332 -5.47226906 -11.7199936 59.8934708 -5.68545389 -12.2743473 59.227417 -5.71389675 -12.2888069 59.2483292 -5.90383291 -12.8094254 58.5471725 -5.9323678 -12.8245564 58.5682564 -6.13111162 -13.3262148 57.8555641 -6.15974903 -13.342021 57.8768082 -6.36788368 -13.8241158 57.1529961 -6.39663267 -13.8406029 57.1743889 -6.61466837 -14.3024435 56.4399567 -6.64353848 -14.3196173 56.461483 -6.87188053 -14.7603998 55.7170677 -6.90088224 -14.7782631 55.7387161 -8.41446114 -16.8355541 51.7466278 -9.47698498 -17.7112541 49.4087601 -6.16119766 -12.576211 58.9783134 -5.80647802 -12.3102589 59.2956161 -5.77844429 -12.3071747 59.2840691 -5.99730349 -12.8438606 58.6045609 -5.96367979 -12.8361235 58.5875053 -6.19123459 -13.3541298 57.8963013 -5.50760603 -11.7370872 59.9192314 -5.74504519 -12.2998323 59.2673302 -5.72474432 -11.9254522 59.799736 -7.11444187 -15.1747227 54.9623032 -6.84645271 -14.7387571 55.6943855 -6.5892911 -14.2816153 56.4172707 -6.34254456 -13.8040962 57.1303329 -6.10580111 -13.3069944 57.832943 -5.87854052 -12.7909975 58.5246124 -7.37626171 -15.5674334 54.2032967 -7.09703064 -15.1541777 54.9438019 -6.82902527 -14.7189445 55.6757584 -6.57183552 -14.2625313 56.3985443 -6.32505131 -13.7857332 57.1115303 -6.0882616 -13.2893457 57.8140945 -5.86094809 -12.7740536 58.5057373 -7.36187363 -15.544014 54.1849556 -7.08257341 -15.1315517 54.9251976 -6.81448412 -14.6971083 55.6569328 -6.42830515 -14.0031271 56.7440681 -6.24404621 -13.1076736 58.295166 -6.09176064 -12.8451719 58.6367111 -6.3203249 -13.3638077 57.9469566 -6.55841494 -13.8635206 57.246273 -6.89258909 -14.4031496 56.454174 -6.05466223 -12.8478498 58.6265488 -6.28291178 -13.3665247 57.9363213 -6.5206871 -13.8662958 57.2351456 -6.76850319 -14.3464775 56.5235023 -7.36653709 -15.3101702 54.9909897 -6.02555132 -12.8471451 58.6164093 -6.25356054 -13.3657341 57.9258347 -6.49109173 -13.8654299 57.2243042 -6.7386632 -14.3455477 56.5122948 -6.99668741 -14.8052864 55.7904243 -8.07989311 -16.2600327 53.2315254 -9.33730221 -17.4855347 50.3154373 -6.22509146 -13.362258 57.913681 -6.42830086 -13.8532553 57.1941261 -6.46239805 -13.8617687 57.211834 -6.70974159 -14.3417082 56.4995003 -6.9675355 -14.8012762 55.777298 -7.23619366 -15.2396688 55.045845 -7.61478806 -15.891572 53.7526741 -6.6753974 -14.3328133 56.4814606 -6.93293953 -14.7920027 55.7589264 -7.16809034 -15.2170305 55.0077324 -5.43257332 -11.4158764 60.3501625 -1.33253312 -11.6705122 60.9504776 -2.03465414 -10.5941687 61.921669 -3.7175796 -9.89241886 62.1471825 -4.34405279 -9.87144947 62.0993271 -1.14744806 -11.9456139 60.9873009 -2.74006391 -10.099885 62.2840614 -1.71170568 -10.7762537 61.9533844 -5.34830809 -10.6594343 61.1544037 -3.50388575 -9.87354946 62.2923775 -1.46892667 -11.3182135 61.4064331 -4.44595003 -10.0251808 61.8958435 -1.19074798 -13.3214874 59.215847 -3.13295293 -20.7307644 47.4565125 -2.12333274 -19.1692467 50.6460762 -1.9602226 -18.8239117 51.3137169 -1.71264577 -18.1399212 52.4427261 -1.61677873 -17.8599949 52.9792557 -1.50965703 -17.4572964 53.6256714 -1.46954823 -17.2558537 53.854496 -1.39660525 -16.9302692 54.4340515 -1.32911813 -16.5055561 54.9978523 -1.30763817 -16.383709 55.232296 -1.26306713 -16.0046082 55.7055931 -1.24176824 -15.8183918 56.0195999 -1.21498048 -15.4888954 56.4042664 -1.19793892 -15.2348728 56.7953186 -0.982226789 -11.6055241 58.7713432 -1.16713941 -15.9747934 56.1281166 -1.2078222 -16.5619221 55.3462181 -1.0714165 -16.0935898 56.1115608 -1.26977694 -17.1284161 54.5491333 -1.7979008 -18.426733 52.0411301 -1.7352047 -18.2776699 52.3432579 -1.12917149 -15.1120262 57.2883835 -1.02392268 -12.9942884 59.9595451 -2.04313517 -19.4331665 50.6396675 -1.38294268 -17.6566925 53.7315407 -1.82719016 -18.733057 51.7622414 -1.31640458 -17.8035641 53.6035881 -1.40902376 -17.637598 53.7235489 -1.29620719 -17.1095886 54.5400009 -1.61228096 -17.8883438 52.9955711 -1.43263018 -17.6163006 53.7137909 -1.32008147 -17.0885162 54.5290642 -1.23191655 -16.54109 55.3341103 -1.59477699 -18.0285225 52.9533806 -1.50539935 -17.4855881 53.6428032 -1.45830321 -17.5867252 53.6991463 -1.34595633 -17.0591679 54.5129089 -1.25793111 -16.5119877 55.316452 -1.2288959 -15.9396753 56.0243225 -1.49497831 -17.520689 53.6632729 -1.39269543 -16.9584713 54.4522018 -1.47918272 -17.5546284 53.6821785 -1.3668803 -17.0272484 54.4944305 -1.27883577 -16.4802685 55.2964821 -1.38255835 -16.9934521 54.4740562 -1.3041234 -16.4118004 55.251442 -1.2943325 -16.4466381 55.2746582 -4.43444681 -24.2117596 33.5926285 -4.6608839 -23.7568588 36.399765 -4.55698967 -22.879982 40.5546494 -3.07005358 -20.9779949 47.2927551 -4.04094887 -21.8964634 44.1159096 -4.30930376 -24.3217564 32.5983925 -3.68554258 -24.5865517 29.7354393 -3.92435408 -22.1224155 44.0458832 -4.45397854 -24.1930847 35.1242294 -4.5613122 -23.8720856 37.0035515 -4.42860651 -23.0686779 40.7155647 -4.20118999 -24.496767 32.9004326 -4.64552069 -23.3639088 38.9604492 -3.33117676 -21.4388351 11.9813328 -2.69448137 -22.4674587 14.5229902 -2.39880872 -22.7973366 14.9231033 -3.53940296 -24.7831116 29.7345085 -2.28782415 -24.4366131 23.799715 -2.08093381 -23.8821087 20.015028 -2.94047332 -24.6431255 27.1126919 -1.9669348 -24.3826752 21.646225 -2.25652194 -24.7531586 24.6762848 -1.99714899 -23.8353424 18.8023529 -2.29588079 -23.1899395 16.8720112 -2.97098827 -16.1699638 2.21872735 -3.13884211 -16.5491066 2.8900125 -3.1638031 -16.6475163 2.98737454 -3.28325629 -16.960825 3.54523849 -3.32814407 -17.1293755 3.75978732 -3.40830994 -17.3652134 4.20908165 -3.46547556 -17.6010437 4.54384136 -3.51339245 -17.7620831 4.88095903 -3.57480669 -18.0622177 5.33859491 -3.63790774 -18.3651772 5.93847036 -3.70563126 -19.9220371 8.84426975 -3.34108233 -21.2682209 11.0766296 -3.59740877 -20.6483841 10.2231112 -3.15906 -16.6735897 2.97169995 -2.95914006 -16.2094593 2.19554758 -3.14892292 -16.7058086 2.95332122 -3.13431597 -16.7371616 2.93653607 -3.31429553 -17.1887836 3.72562766 -3.30004978 -17.2207031 3.7085948 -3.45264459 -17.6615925 4.50962639 -3.43875194 -17.694088 4.49236012 -3.56297612 -18.12393 5.30438328 -3.54942822 -18.1570091 5.28690004 -3.64429617 -18.5754929 6.10896301 -3.63108397 -18.6091671 6.09128284 -3.69560957 -19.0159779 6.9224329 -3.68272352 -19.0502567 6.90457821 -3.71587777 -19.4450703 7.74392128 -3.70330787 -19.4799614 7.72591734 -3.70423007 -19.8620987 8.57222271 -3.69196296 -19.8976078 8.55409813 -3.02354717 -16.8021832 2.7839303 -3.1154654 -16.7671223 2.92162991 -3.28140736 -17.2511654 3.69331932 -3.42030954 -17.7250557 4.47671938 -3.531178 -18.1884899 5.27090025 -3.66483688 -19.0827713 6.88788509 -3.68559289 -19.5129986 7.70889473 -3.09259677 -16.7951679 2.90888882 -3.25859237 -17.279623 3.68009734 -3.39754009 -17.7539272 4.46301079 -3.64216876 -19.112875 6.87269163 -3.68179417 -19.7094727 8.06365108 -3.57682014 -19.7714844 7.92404795 -3.0715661 -16.8159084 2.90042067 -3.23749399 -17.3006191 3.67117095 -3.64240646 -19.0553703 6.7390275 -3.04838562 -16.8349209 2.89356303 -3.30302143 -17.5726852 4.08339882 -3.43050432 -18.3364811 5.28573227 -3.658252 -20.2210464 9.12917423 -3.32392001 -17.1559544 3.74412203 -3.46176434 -17.6281395 4.52821255 -3.5716002 -18.0898418 5.32303238 -3.6524353 -18.5407562 6.12764454 -3.70327568 -18.9805832 6.94111204 -3.73246908 -19.1807384 7.49706364 -2.1271832 -13.1564732 0.151097193 -2.64948559 -15.6583261 1.32105494 -2.68906331 -16.1273232 1.76036096 -2.82975388 -15.8220139 1.72213805 -2.03704429 -11.9961901 0.172656879 -1.94227517 -12.9584579 0.0278267041 -2.20525765 -13.9597178 0.284179181 -2.5617063 -15.0598402 0.964495242 -10.6255655 -17.1138363 8.32580185 -8.52073383 -14.1231947 1.89857292 -11.0833149 -17.8672218 9.71044254 -9.84267235 -15.7221537 5.3690238 -10.9601116 -18.6892929 11.586236 -10.0045195 -15.6312332 4.97571468 -8.1176405 -12.6807556 0.630883455 -2.99355698 -11.3237286 32.8626976 -3.27948523 -11.0221748 41.0986404 -3.00849414 -11.0414343 43.5631561 -1.96251607 -10.1579742 59.5937004 -3.83165765 -9.94429684 48.3483086 -4.05844975 -10.1774931 57.9282227 -5.06428242 -10.5830879 61.1997757 -4.33779573 -10.4555416 57.1371078 -4.33546686 -10.4109097 54.3308144 -3.33469725 -9.85865593 53.7841988 -2.82755971 -9.80413628 53.1473846 -4.64211416 -10.4821873 52.0115547 -5.07430458 -10.6407747 50.4378777 -5.03632832 -10.2157164 48.6702843 -1.27667975 -10.6064138 53.908699 -1.77792108 -11.162693 49.4809303 -1.00631618 -10.9469643 55.5114746 -1.28636301 -10.585597 57.7142563 -1.37470567 -10.9234438 59.937397 -1.3624444 -11.6552382 50.5419807 -1.12416732 -11.1456604 52.5542412 -0.816088438 -11.5880594 56.0728378 -3.64437914 -9.911026 58.977272 -2.75703502 -9.80338097 58.6605759 -1.82703364 -10.0387278 54.876709 -2.4879837 -10.0102367 51.0246429 -1.91232657 -10.47404 50.5351906 -0.923489511 -11.7345829 53.4998817 -4.08370447 -10.0745058 51.9764252 -6.33752441 -10.1432018 45.4389305 -6.92485094 -9.89562035 41.2987289 -7.07135963 -9.86655426 37.48106 -5.84739971 -10.7344151 28.5380878 -4.56738901 -10.5727921 18.0828514 -5.49777842 -10.5828152 13.7644329 -9.53703213 -7.36483145 0.232016966 -8.75441265 -7.18912792 0.191905782 -7.4265542 -7.66852045 0.211846977 -7.02925873 -8.10725689 0.20683445 -6.48230362 -9.97593689 0.00989778154 -9.45537472 -7.20484018 0.0652620196 -9.057827 -6.90220928 -0.00254801032 -6.56879711 -8.6056776 0.0145659903 -7.85878134 -7.19481182 0.0153893065 -7.11478567 -7.68950081 0.0124545535 -8.04761887 -7.30441904 0.230986953 -6.77096224 -8.60442543 0.214525014 -6.60594654 -9.30995178 0.152559653 -10.4869785 -7.77570724 0.0223540422 -13.4138918 -9.46267509 1.71243584 -10.500102 -7.9725666 0.15851371 -12.3442097 -9.0999012 0.964950144 -11.1824474 -8.47413158 0.418806374 -14.0005531 -9.77703094 2.95446134 -12.9957829 -9.2125721 1.21854603 -12.2609472 -8.83624554 0.633547902 -11.2836914 -8.2953577 0.1815373 -20.2154903 -14.7146835 29.6547089 -18.4985008 -15.2302713 19.0186577 -18.1602821 -14.5568676 16.2255421 -17.8733559 -13.7879553 14.1200066 -19.1730862 -15.600235 23.8208828 -19.6883526 -15.2943516 26.9443073 -19.6432095 -15.4934072 25.1993732 -18.3571148 -14.4926405 16.0813065 -19.2875977 -15.581233 22.9798622 -20.0369549 -15.1914778 27.411108 -18.6549416 -15.1563425 18.6806545 -18.8999882 -15.5566826 21.5426044 -18.1247139 -13.7188234 13.9477291 -19.5399857 -12.8845844 40.5941124 -20.7156734 -13.601552 34.9545517 -20.1876335 -13.0019979 39.1607475 -19.3939533 -12.7172108 42.2607498 -17.0030899 -12.4349623 47.8890686 -20.6152477 -14.3815079 30.851368 -17.8538971 -12.5590286 45.7532082 -20.1987782 -13.267561 37.6742859 -20.4581814 -13.6370726 35.1221352 -18.7617054 -12.5932417 44.0806007 -20.4337673 -14.1495867 32.1859398 -18.3873272 -12.609252 44.2408752 -8.59793472 -7.74390888 60.1691399 -9.74387932 -8.55952644 59.8651695 -10.1705103 -8.98105526 59.2049332 -9.78055573 -8.567173 59.8934708 -10.2007847 -8.98688984 59.2274132 -10.2326508 -8.98853111 59.2483292 -10.6179199 -9.38688564 58.5471725 -10.6501427 -9.38910198 58.5682564 -11.0357466 -9.76655293 57.8555641 -11.0683374 -9.76934528 57.8768082 -11.4545574 -10.125102 57.1529999 -11.4875278 -10.1284714 57.1743927 -11.8745584 -10.4616995 56.4399643 -11.907918 -10.4656458 56.4614906 -12.2958012 -10.7754459 55.7170753 -12.3295612 -10.7799692 55.7387199 -14.3144035 -11.9418688 52.1270561 -10.8650942 -9.29748058 58.6481514 -11.4049063 -9.16607189 58.2896996 -10.4457064 -8.89696884 59.3255882 -10.0537319 -8.45043659 59.9912796 -10.0198402 -8.48292828 59.99086 -10.4163189 -8.92101383 59.3218994 -9.98264599 -8.51107883 59.9855118 -10.3851023 -8.94189262 59.315136 -9.94305801 -8.53419971 59.9753761 -10.3525763 -8.95928288 59.3054237 -9.90204811 -8.55172443 59.9606895 -10.3259525 -8.97047234 59.2956161 -10.2990894 -8.97905731 59.2840691 -10.7173166 -9.38032627 58.6045609 -10.6834526 -9.38693428 58.5875053 -11.102026 -9.76760101 57.8963013 -9.81978989 -8.56841564 59.9192314 -10.2655907 -8.98593426 59.2673302 -9.8606205 -8.56322384 59.9418221 -15.6565247 -12.262229 50.3153496 -12.685915 -11.0552912 54.9623032 -12.2637691 -10.766017 55.6943932 -11.8429031 -10.4529943 56.4172783 -11.4232664 -10.1171198 57.1303368 -11.0048065 -9.75928974 57.832943 -10.5873194 -9.38033867 58.5246124 -13.0848322 -11.30756 54.2032967 -12.6616526 -11.0436039 54.9438057 -12.23979 -10.7550058 55.675766 -11.8191948 -10.4426594 56.3985519 -11.3998175 -10.10746 57.1115379 -10.9816055 -9.75030041 57.8140945 -10.5643559 -9.372015 58.5057373 -13.0621634 -11.2920179 54.1849556 -12.6392431 -11.0288143 54.9252014 -12.2176247 -10.7409716 55.6569366 -11.5825338 -10.2640381 56.7441063 -10.8355713 -9.32194138 58.643959 -11.2555256 -9.70246506 57.9547119 -12.4449234 -10.0337086 56.6061668 -10.8041401 -9.34310532 58.6367111 -11.2238922 -9.72393703 57.9469566 -11.6446438 -10.0836058 57.2462769 -12.5475683 -10.7220564 55.8117867 -12.7074947 -10.8910027 55.4423256 -13.6569109 -11.4499006 53.8529778 -10.7713375 -9.36064148 58.6265488 -11.1908178 -9.74163628 57.9363213 -11.6113062 -10.1014853 57.2351494 -12.0330029 -10.4393568 56.52351 -12.4559584 -10.7543516 55.802021 -12.8802195 -11.0455694 55.0713043 -13.3058357 -11.3121119 54.3319778 -10.7444582 -9.37183762 58.6164093 -11.1636829 -9.75285244 57.9258347 -11.5839186 -10.1127319 57.224308 -12.0053654 -10.4506445 56.5122986 -12.4280758 -10.7656889 55.7904282 -12.8520975 -11.0569649 55.0593147 -13.277482 -11.3235722 54.3195763 -11.1362619 -9.76125526 57.913681 -11.5216045 -10.1271486 57.1941299 -11.5562162 -10.1210575 57.2118378 -11.9773827 -10.4588995 56.4995079 -12.3998127 -10.7738819 55.7773018 -12.8235579 -11.0651016 55.0458488 -13.2486668 -11.3316593 54.3057594 -13.4345827 -11.5066624 53.7526588 -14.4440079 -11.8628817 52.4344635 -11.9423895 -10.4647427 56.4814682 -12.3644361 -10.7794819 55.7589302 -12.7521315 -11.0721188 55.00774 -15.6798429 -12.3854094 49.7620926 -9.67202568 -8.31581116 60.3436661 -5.96931553 -10.3209581 61.0215378 -6.81123781 -7.86056709 62.4227791 -5.81292629 -10.2471609 61.28582 -8.87523842 -7.52489138 61.4490585 -6.90630007 -7.94184494 62.2413483 -5.9953084 -9.63995457 61.4438324 -6.29763174 -8.66606426 62.0269203 -8.01845551 -7.37238741 62.0587807 -6.01208496 -10.3933783 60.6889229 -6.25166416 -11.4940977 59.9701996 -10.3190327 -17.238205 49.5186729 -9.03164101 -16.1198864 52.3908958 -8.32695389 -15.1914816 54.0194321 -8.13719463 -14.9275494 54.5357971 -7.94206142 -14.6241446 54.9979515 -7.84086704 -14.4698534 55.3181763 -7.67806053 -14.1934748 55.7055702 -7.55733967 -13.9865875 56.0900688 -7.42440844 -13.741951 56.4041901 -7.64754391 -14.306673 55.9645576 -6.77100086 -12.4000149 58.4793129 -7.23857832 -13.8298807 56.9582405 -11.4330053 -18.0076008 47.1388817 -9.39470291 -16.5178394 51.5579796 -8.43565083 -15.645422 53.8105278 -9.92972088 -17.2473564 50.1993752 -8.14513302 -14.9548874 54.5540886 -8.30473042 -15.2196264 54.1800308 -7.84912014 -14.496932 55.3374367 -13.9228373 -20.3018589 34.0335503 -13.9069204 -20.5170841 34.2987251 -13.3357849 -21.0722599 29.5307007 -11.4322491 -17.7721348 47.1547966 -12.5969505 -18.4467983 44.1725235 -13.5576515 -19.2163219 40.2125473 -13.638381 -19.5839748 39.4855309 -13.2705545 -19.1895447 41.5234909 -12.673521 -18.7555351 43.7567101 -13.5931129 -21.0669041 30.9489536 -12.0181284 -18.3273964 45.7088852 -13.7229624 -20.7979317 31.6140881 -13.9034147 -20.0572739 36.9036484 -13.9290524 -19.8218136 36.859005 -11.7751522 -18.487051 12.2714176 -12.0467291 -21.634428 23.7754135 -12.8385658 -21.5678864 27.8412209 -11.4415407 -20.5031128 16.5952129 -11.5519848 -20.0817299 16.0330429 -11.628788 -19.4133854 14.3167553 -11.9276142 -21.4262333 22.911068 -11.7258692 -21.2596493 21.0107021 -11.5923653 -20.9458122 19.1550369 -12.5109797 -21.4710732 26.2617722 -11.5134039 -21.2477665 19.4890594 -11.773797 -21.6669254 22.3514938 -12.2679272 -21.771656 25.4388294 -11.4822359 -16.6670589 8.51348209 -11.7409363 -17.7089882 10.6080132 -11.6622477 -18.8953629 12.5425282 -11.5918617 -17.4160748 9.51327324 -9.16501999 -13.8197613 1.94241297 -9.92366028 -14.3139973 3.41597676 -10.8460379 -15.4624014 5.83352661 -10.5665483 -15.3533211 5.12593031 -11.288763 -16.5495071 7.67783594 -7.28150606 -11.2671146 0.10530556 -9.06564426 -13.4378233 1.745924 -6.74132872 -10.2001333 0.15514572 -7.57709694 -11.9329472 0.237224966 -8.20126629 -12.4868259 0.675517976 -8.73696423 -13.3102722 1.26667035 -16.6825466 -11.3990068 8.32675838 -15.4720888 -10.4775887 5.43266964 -16.9362926 -11.4152231 8.35717964 -17.6485767 -12.2637453 10.6596632 -15.3947725 -10.228919 4.74318218 -17.6287556 -12.7021389 11.586915 -12.5880013 -8.36890221 0.630884171 -7.17858839 -7.90686703 48.2121353 -6.53955555 -8.03691483 50.9329491 -7.73188829 -7.73378849 55.1771393 -7.72149467 -7.66563129 58.7673607 -5.93977308 -8.56750202 59.5988274 -7.38050747 -7.63195276 62.1723366 -8.14331913 -7.4499464 61.8409653 -8.94045925 -7.71428204 61.1424789 -8.23034763 -7.87349558 57.1416779 -8.41592693 -7.85502481 53.0325966 -8.94123173 -7.78465414 50.7617722 -5.49439907 -9.25628757 53.9137573 -6.18741274 -9.92155933 49.5108452 -5.38618851 -9.67735958 55.51791 -5.4957428 -9.23305702 57.7223434 -5.71430922 -9.50557899 59.9436455 -5.83883572 -10.2421417 51.4969788 -5.57426167 -9.81121349 52.5578651 -5.4732399 -10.3403702 56.0780563 -6.34508467 -8.0598011 58.801403 -5.61039019 -10.2956076 58.5747833 -6.87067318 -7.77808714 54.2406807 -6.52004194 -7.90353632 55.1190948 -5.76643419 -8.51392174 54.8823128 -6.0212307 -8.87684917 50.5371056 -5.65244293 -10.5209322 53.7533417 -7.84231424 -7.62888718 51.9790154 -9.45416069 -7.62488079 48.9110603 -9.84095383 -6.91498709 46.0916405 -10.2723398 -6.1183753 39.8146057 -10.3920984 -6.23805141 36.4143906 -9.26439953 -7.74752951 26.9659519 -9.35251713 -7.58050823 13.9388113 -11.7257195 -2.93662786 0.234964445 -10.0366526 -3.87544799 0.253223628 -9.7802906 -4.40467691 0.293869227 -10.0861473 -6.36220789 0.176928848 -9.63467693 -5.83103275 0.0125225596 -11.5438461 -2.6397078 -0.00342298625 -10.944437 -3.08904529 0.262469888 -11.5828247 -2.82230067 0.0652622804 -10.1157675 -6.67295361 0.0161076579 -10.208004 -3.32682514 0.0166746546 -10.9891472 -2.94411707 0.0713371113 -10.3693619 -3.46153903 0.22812435 -9.51732826 -4.57468367 0.0102965785 -9.72719574 -4.40614176 0.12595582 -9.62810326 -5.38104391 0.0895535573 -16.9444885 -3.31712174 3.13638377 -16.1134205 -3.26409602 1.69996452 -13.6768827 -3.2793963 0.418817252 -12.8355618 -3.03232861 0.0596715733 -14.9927082 -3.37852931 0.964960396 -15.6338053 -3.21644044 1.21856785 -14.8093481 -3.17153144 0.63352406 -13.6966391 -3.07489538 0.181540176 -24.5315342 -5.13300514 30.2775917 -23.8253689 -6.5591836 23.4773178 -23.1099262 -6.47658968 19.0258617 -22.4962349 -5.97854185 16.1268082 -22.1502018 -5.24659014 13.9422884 -23.4606133 -6.60633373 21.1898441 -24.2182369 -6.14344978 26.5111923 -24.452158 -5.92737293 26.7792454 -24.2350979 -6.28608561 24.9717751 -22.7464542 -5.90910244 16.3232765 -23.6105099 -6.5070591 20.8056602 -21.9287319 -5.35130739 13.9381247 -23.9273434 -6.49324274 22.7281322 -23.2512608 -6.35972404 18.8186779 -21.0387611 -4.41692448 46.4045753 -23.1540127 -3.91867423 40.4972305 -24.4570408 -4.10524797 34.9395828 -24.2027378 -3.88417435 36.9041176 -22.3526917 -3.95253086 43.8384552 -23.3576698 -3.78881884 40.673233 -21.4805546 -4.24180079 45.9626198 -24.6673317 -5.21816063 29.2668438 -24.3445797 -4.34344769 34.2290955 -23.944334 -4.01864624 37.0959854 -22.2093296 -4.06281614 43.5206642 -24.6465244 -4.58060503 32.2087555 -12.3973875 -3.94252229 59.8651695 -10.9934816 -3.79248595 59.1169357 -13.0446053 -4.19699144 59.0500259 -13.4536018 -4.34963703 58.4862251 -13.693881 -4.42415476 58.2285614 -13.9882374 -4.5249114 57.7946281 -14.3319635 -4.62362766 57.3910637 -14.5150032 -4.68049383 57.0922508 -14.95856 -4.79395437 56.5384102 -15.5702095 -4.93303347 55.676033 -15.486619 -4.92491817 55.613678 -16.1761208 -5.0413394 54.791172 -16.7664948 -5.11542273 53.898262 -16.8333321 -5.1235652 53.765358 -17.3095169 -5.15553474 53.159214 -17.2881069 -5.06107759 53.5696831 -13.068593 -4.19484663 59.0689125 -12.4340029 -3.93459034 59.8934708 -13.0987387 -4.18796778 59.0914116 -13.1286249 -4.17658377 59.1123581 -13.749301 -4.41636848 58.2700157 -13.7798653 -4.40544128 58.2911606 -14.3887072 -4.61707544 57.4325333 -14.4199619 -4.6065979 57.4538651 -15.0166597 -4.7886281 56.5798378 -15.0486212 -4.77859306 56.6013374 -15.6296949 -4.92891693 55.7173424 -15.6623716 -4.91931438 55.738987 -16.2370377 -5.03843069 54.8322868 -16.2704525 -5.02925825 54.8540535 -16.8288746 -5.11369801 53.9390907 -16.8630352 -5.10494423 53.9609489 -12.8945847 -3.95472383 59.633976 -13.1577616 -4.16086388 59.1314049 -13.809618 -4.39000893 58.3105087 -14.4503422 -4.59144258 57.4735069 -15.0796385 -4.76370525 56.6212692 -15.6940298 -4.90468359 55.7591972 -16.3027649 -5.01487923 54.8745308 -16.8960075 -5.09080791 53.9816818 -13.1856527 -4.14097929 59.1482048 -13.8380432 -4.3702383 58.3276939 -14.4793043 -4.5717721 57.4910812 -15.1091385 -4.74412298 56.6392403 -15.7240677 -4.88517904 55.777565 -16.3333454 -4.9954443 54.8933067 -16.9271259 -5.07143497 54.0008659 -13.2067661 -4.12220144 59.1598129 -13.8595076 -4.35142708 58.3396645 -14.5011168 -4.55291367 57.5034294 -15.1312943 -4.72520542 56.6519737 -15.7465591 -4.86619377 55.7906952 -16.5938225 -5.01598406 54.5520782 -13.2265882 -4.10112381 59.1696892 -13.7312803 -4.02105951 58.7466812 -19.8365879 -4.84554386 49.3054962 -19.4750576 -4.97845888 49.4630585 -17.8380489 -5.16810942 52.2597885 -15.7353315 -4.76540565 55.967495 -14.2342129 -4.41008759 57.9371262 -13.8796053 -4.33021307 58.3499451 -14.5214806 -4.53154755 57.5141296 -15.1519146 -4.70367479 56.6631126 -13.7184448 -4.42262506 58.2474327 -14.3571215 -4.62271261 57.4098854 -14.9843273 -4.79365158 56.5571594 -15.5965996 -4.93333578 55.694664 -16.2031555 -5.04224682 54.8096466 -16.7941914 -5.11692333 53.9165344 -18.436182 -5.01106262 51.8122025 -18.2296848 -5.15985394 51.7400131 -11.9944115 -3.73356462 60.4806938 -9.63193417 -7.00273323 60.8822212 -9.51685619 -7.03475094 61.2854996 -9.21686649 -5.68255997 62.1217957 -9.91371441 -3.97070932 62.2216568 -9.31116486 -6.02181721 61.6981354 -9.34775352 -5.12046051 62.1460915 -9.51010704 -4.5928421 62.3060379 -10.4191113 -3.59088993 61.9656448 -11.3495636 -3.33334017 61.3234444 -10.9226294 -3.51403284 61.4190941 -10.3173084 -8.13298512 59.9912796 -15.3490286 -11.3575106 51.4838409 -14.3189573 -10.8608065 53.1452827 -14.5798979 -11.0455284 52.8482513 -14.1424799 -10.8032799 53.5605507 -14.1571417 -10.8377504 53.579277 -14.1670475 -10.8747559 53.5960579 -13.9442625 -10.9290104 54.0321007 -16.0173817 -11.8077583 50.3361549 -9.73967171 -7.25698709 60.9912148 -12.9759436 -10.1505289 55.6707954 -13.5256138 -10.5538845 54.7435989 -13.6921787 -10.6047935 54.4238701 -12.6128473 -9.85044003 56.2723503 -13.2093182 -10.2656841 55.2215462 -13.6824398 -10.5678682 54.4055557 -11.3476763 -8.76601696 58.3462601 -11.7455397 -9.09629154 57.5232544 -12.2147989 -9.4861021 56.7472115 -12.703826 -9.86860943 55.9785118 -12.6851254 -9.84758949 55.958477 -13.1753607 -10.2010098 55.1767616 -13.1568594 -10.1795731 55.1577148 -13.6486015 -10.5025969 54.3636322 -13.8011265 -10.5836458 54.0548592 -9.50532436 -7.293612 59.0278168 -11.9713955 -9.28838539 57.0936089 -12.3859339 -9.62011909 56.4045486 -12.8013926 -9.92947865 55.7058678 -13.6391182 -10.4809675 54.2105827 -16.2516403 -11.6259947 49.9022903 -13.012785 -10.3513021 55.6352348 -13.6678085 -10.5335751 54.3853378 -13.1946907 -10.2316341 55.1998558 -12.7233009 -9.89881611 56.002964 -21.0639648 -13.1720295 34.3040047 -20.5154915 -14.5675392 27.8411751 -20.176857 -14.6123285 26.2617683 -17.3432331 -11.7176991 47.933876 -18.5239143 -11.7596893 45.4074936 -19.5293312 -11.92134 42.6767235 -20.3704109 -12.1957159 39.5077782 -20.9564095 -12.751359 35.340847 -20.9667358 -13.3863115 31.8570366 -20.4370747 -12.4286966 39.4957047 -19.9404373 -12.2184439 41.5317078 -19.2196922 -12.0653353 43.7597389 -21.0263767 -13.7117548 31.5124416 -20.8206158 -13.9309454 29.6473522 -18.0084782 -11.9056683 46.6982574 -20.8727894 -12.7529507 36.9129028 -18.4392529 -12.6934376 13.2649517 -19.8192139 -14.9503832 23.7755737 -18.7706432 -13.9445162 16.0776558 -18.5000973 -13.2115641 13.9330139 -19.1808014 -14.6993494 19.2858181 -19.6256847 -14.8086357 22.9110451 -19.3736153 -14.7385073 21.0106163 -18.9829559 -14.3100433 18.5850468 -18.7073708 -13.7157965 16.1614227 -19.5830536 -15.0910807 22.3513908 -20.077095 -14.9857693 25.4389324 -17.2869148 -10.649457 8.41177082 -18.1196518 -11.9409428 11.1816206 -17.6878872 -11.2817421 9.51327801 -15.1873598 -9.48323727 3.82394528 -18.1127033 -11.7933359 11.5266619 -15.0058517 -9.16152287 3.59715509 -16.7112389 -10.3390265 6.80635071 -16.199419 -9.80115128 5.80124426 -13.9795341 -8.95660686 1.91741514 -13.7619696 -8.67493057 1.74592102 -10.4734192 -6.78643131 0.153771207 -10.9998522 -7.35094357 0.0353150442 -11.6971922 -7.70865774 0.210017651 -12.5855169 -8.15772629 0.675517499 -13.4449282 -8.71157265 1.29925048 -18.7733574 -3.41736197 6.14135313 -17.7377872 -3.14904618 3.96139789 -20.4825459 -3.94213748 9.46340179 -21.0309525 -4.03166676 10.3947525 -21.5133305 -4.73962021 12.2435541 -19.3109989 -3.36425257 6.68449306 -10.4275064 -6.35851812 29.5545235 -10.2654676 -5.38966799 44.0446663 -9.77961063 -4.41323853 48.221756 -10.6091881 -3.95274854 55.3949318 -9.86552715 -4.11668587 57.8224678 -9.08850861 -4.86896229 58.7948532 -8.90642548 -5.53859425 59.4822235 -11.3918295 -3.52018285 61.0620804 -10.8857832 -3.82799125 52.8978844 -9.62063408 -4.27748013 53.7827263 -9.51984882 -4.38439322 50.649868 -8.7991457 -6.30717993 53.9069099 -8.78988075 -6.28626204 57.7114677 -9.54773426 -6.30695677 49.4810982 -8.87120724 -6.7360568 55.5091934 -9.63596916 -6.94547176 50.54179 -9.09779739 -6.78129435 52.5530014 -9.22034645 -7.30652189 56.0710602 -9.07086849 -6.67649841 59.2912788 -9.12345028 -4.7180028 56.3966141 -8.74554729 -5.51837254 54.8747368 -9.16045666 -5.02050686 51.0351715 -9.12612152 -5.74619579 50.5345345 -9.4012289 -7.32468748 53.4985847 -10.2822647 -3.86529255 51.9754982 -11.8428745 -1.46908486 38.0630188 -11.1883984 -3.73443651 16.8802204 -11.9353409 2.01216745 0.289727092 -11.5457554 1.78966403 0.229208946 -10.7340393 0.0411821082 0.270674348 -12.153697 -1.97450876 0.155149043 -11.518919 -1.82205844 0.00950464979 -10.5880156 0.498519033 0.0218095612 -11.7981987 2.12548208 0.0172496065 -10.8692131 1.44150102 0.00642464263 -11.0882092 1.31729376 0.203249767 -10.8142033 0.781162143 0.207945153 -11.072237 -1.04762888 0.153085455 -11.5152035 -1.58053684 0.146310747 -10.8315134 -0.528258145 0.197843954 -16.0704422 3.47761369 1.71239388 -13.0133991 2.30933523 0.158514366 -13.1238337 2.49412084 0.0389125161 -13.8427286 2.48080945 0.418812126 -15.6048536 3.33426881 1.21855426 -14.8671446 2.95464897 0.670187354 -14.0470972 2.76173377 0.277556181 -24.5018024 5.0947566 29.95364 -24.5805759 3.85406852 25.1175938 -23.7850056 3.38286877 19.2598457 -24.7230358 4.08012629 25.274519 -23.2255592 3.49835539 17.0491371 -24.2468319 3.45974517 21.9318371 -24.5032215 4.405159 27.6579247 -24.6953182 4.44720268 27.4816799 -24.548317 3.75138378 22.9873028 -22.425766 4.09289265 14.0401163 -23.2057247 3.72803688 16.4034157 -24.226059 3.57376838 20.7471561 -23.7730961 3.58786106 18.5161762 -24.0065918 6.09584045 35.0445976 -21.2958679 4.68081093 45.7000313 -23.3734398 5.9615593 37.8880501 -23.2510529 6.10807896 39.1258202 -21.6015415 5.02537489 45.2854652 -22.6215515 5.90763617 41.7015839 -24.420929 5.77746105 32.0315361 -23.9684238 5.86420965 34.4620285 -24.3875351 5.40790606 31.2925072 -22.4880219 5.61708164 41.5271873 -24.7409668 4.83161974 28.1556435 -12.9435835 1.35459995 59.8651695 -11.6001511 0.920532525 59.1159325 -13.6394892 1.38545394 59.0486946 -14.0740671 1.41228092 58.4862289 -14.3260946 1.44215488 58.2258453 -14.6337671 1.46961439 57.7946358 -14.9911404 1.5196718 57.3869133 -15.1782703 1.54173636 57.0922623 -15.6337624 1.6192224 56.5327797 -16.2530975 1.74202454 55.6643295 -16.1644516 1.71344447 55.6151314 -16.8482933 1.88930583 54.7824326 -17.418438 2.06233048 53.8879128 -17.4782772 2.08056712 53.7617493 -17.9020557 2.24659681 53.3312073 -13.660532 1.39717031 59.067585 -12.9738073 1.37673926 59.8934708 -13.6852741 1.4157151 59.0900803 -13.7079477 1.43827069 59.1110268 -14.3735628 1.47180796 58.2672997 -14.3970413 1.49422145 58.2884483 -15.0403214 1.5487349 57.4283829 -15.0646162 1.5710187 57.4497185 -15.6846857 1.64771652 56.5742073 -15.7098064 1.66988301 56.5957069 -16.3057899 1.7699734 55.7056427 -16.3317471 1.7920351 55.7272873 -16.9027786 1.91673613 54.8235474 -16.9295807 1.93870556 54.845314 -17.4747448 2.08927274 53.9287376 -17.5024014 2.11116338 53.9505959 -13.4024439 1.54568136 59.6343193 -13.7281713 1.46448147 59.1300735 -14.4179478 1.52042091 58.3077927 -15.0862093 1.59722054 57.4693604 -15.732091 1.69609964 56.6156387 -16.3547268 1.81827784 55.7474976 -16.9532585 1.96498454 54.8657951 -13.7455645 1.49399161 59.1468735 -14.4358759 1.55004394 58.3249779 -15.1046686 1.62697041 57.4869347 -15.7510786 1.72598839 56.6336136 -16.3742409 1.84831524 55.765873 -13.7572155 1.51973462 59.1584854 -14.447834 1.57596076 58.3369522 -15.1169262 1.65307236 57.4992828 -15.7636271 1.75228417 56.646347 -17.1132221 2.11689878 54.779705 -17.7580605 2.3003087 53.7581902 -13.7667522 1.54705381 59.1683617 -14.8387365 1.86448288 57.9754982 -20.4175224 3.87993097 48.551281 -19.7637157 3.30139017 50.0365295 -14.4575663 1.60351717 58.3472328 -15.1268406 1.68087649 57.5099869 -16.2716732 1.9352541 56.0256424 -14.3479166 1.45354331 58.2447166 -15.0137558 1.53073931 57.4057388 -15.6571856 1.62997794 56.5515251 -16.2773418 1.75247884 55.6829605 -16.8733692 1.89947128 54.8009071 -17.4443607 2.07222152 53.9061813 -18.8029537 2.78135204 51.974575 -18.6986637 2.5767796 51.8441315 -19.8817368 3.31751442 49.4059906 -12.4904757 1.38158751 60.4806709 -11.6457071 -2.5404315 60.9622726 -10.6139688 -0.848575473 62.1634674 -11.5159731 -2.6060226 61.3448944 -10.7637081 -1.54609478 62.0956726 -10.5363741 -0.643201947 62.3501129 -11.5757866 1.47161567 61.4748077 -10.9699001 -1.80020392 61.6981468 -11.3216448 1.14951587 61.6033897 -11.6988211 -2.75211048 59.8953934 -20.6799335 -3.70477057 47.7785606 -18.2637844 -4.20407963 51.9985962 -18.3704433 -4.17597532 51.699173 -17.0064278 -4.1423893 53.8589096 -16.6359177 -4.10513401 54.4839592 -16.2448597 -4.04245138 54.9978447 -16.0929699 -4.01995993 55.2744141 -15.7480755 -3.95046735 55.7055473 -15.5394449 -3.90759444 56.0541725 -15.2427645 -3.83683658 56.4042091 -14.9755735 -3.76916146 56.8225403 -11.4741449 -2.85927653 58.7474213 -14.4015913 -3.60578108 57.5788231 -13.8177347 -3.41857409 58.322319 -12.9743471 -3.11296558 59.4703903 -19.2936707 -4.40333509 50.6226234 -17.5704937 -4.3670125 53.4311295 -17.6229496 -4.20512295 53.0384026 -12.8775816 -3.22948408 59.8602791 -19.4219856 -4.09591484 50.1342163 -17.0518417 -4.18079042 53.9889526 -15.5842218 -4.10196638 56.3820343 -16.6615372 -4.11754751 54.5021782 -16.1368961 -4.08183622 55.423912 -16.1186085 -4.03196478 55.2936172 -15.565094 -3.91914201 56.074337 -15.0012264 -3.78020477 56.8436432 -14.3672047 -3.63222694 57.842514 -24.5334816 -3.47045875 33.5926285 -24.1708126 -3.11452842 36.3997765 -23.3047485 -2.94236946 40.554657 -24.7163467 -3.74167585 33.0732689 -22.2098999 -3.12923002 44.1159172 -24.5994205 -3.62346578 32.5983887 -24.6546135 -4.28239679 29.787405 -24.5217323 -3.44608331 35.124382 -24.2496433 -3.24484515 37.0034981 -23.4446449 -3.12270331 40.7150879 -21.4651985 -3.60403395 46.347683 -24.7952538 -4.17077589 31.1081123 -23.7923489 -3.00771308 38.9604454 -22.5279808 -3.26936293 43.6348457 -22.8498478 -5.22533894 16.1268959 -24.3828182 -5.69257164 24.8098392 -24.7548409 -4.76578474 28.7959442 -24.1828327 -5.54367065 24.2426777 -23.6378098 -5.64826441 20.9104004 -23.1420898 -5.39310837 17.9789829 -24.4708862 -5.01511621 27.13027 -22.4161148 -4.70420313 14.9536037 -23.730093 -5.85602045 20.3914833 -16.3990612 -2.36725092 2.20079041 -16.9693241 -2.35402799 2.97050357 -16.4669437 -2.40071011 2.19554758 -16.9968338 -2.37362576 2.95212483 -17.0221386 -2.39720678 2.93533969 -17.5065212 -2.36555791 3.7231977 -17.5324745 -2.38897061 3.70616531 -17.9982452 -2.37997556 4.50592947 -18.0248547 -2.40323067 4.48866367 -18.4714127 -2.41772556 5.29938793 -18.4986839 -2.44083381 5.28190613 -18.9254265 -2.4796536 6.10264206 -18.9533653 -2.50262642 6.08496332 -19.3596935 -2.56660652 6.91476011 -19.3883076 -2.5894556 6.89690638 -19.7735996 -2.6794672 7.73486853 -19.8028908 -2.70220494 7.71686602 -20.1662521 -2.81887317 8.56179523 -20.1962242 -2.84151411 8.54367065 -21.2249622 -3.52754998 10.6375313 -19.9437561 -2.86607528 7.71303701 -16.4975796 -2.43034053 2.17502403 -17.0448074 -2.42439365 2.92043424 -17.5556831 -2.41611433 3.69089079 -18.048605 -2.43034077 4.47302437 -19.4136982 -2.61651468 6.8802166 -19.8288307 -2.72926235 7.69984674 -16.5241852 -2.46539092 2.15766692 -17.0644131 -2.45480967 2.90769339 -17.5756969 -2.44660664 3.67767 -19.4353199 -2.64737558 6.86502743 -20.0146351 -2.79350471 8.0545435 -16.5461025 -2.5049901 2.14390779 -17.0776386 -2.48121929 2.89922619 -17.8532982 -2.47517562 4.07458401 -18.7638397 -2.6016078 5.5207963 -19.3807163 -2.62944102 6.73155165 -17.4965134 -2.55111432 3.4392314 -22.1081581 -4.36297417 13.2627897 -20.1334 -2.8010788 8.58035183 -19.7415314 -2.66146493 7.75350714 -19.3284073 -2.54837537 6.93343925 -18.8949127 -2.46117711 6.12132359 -18.4416618 -2.39898825 5.31803751 -17.9692516 -2.36096358 4.52451515 -17.4782734 -2.34625864 3.74169207 -20.1054192 -2.79060864 8.5952816 -19.7142372 -2.65074301 7.76865721 -19.3017921 -2.53738093 6.94876575 -18.8689709 -2.44989371 6.13678646 -18.4163857 -2.3874011 5.33359957 -17.9446335 -2.34906006 4.54014349 -17.4543037 -2.33402753 3.75735688 -21.6597595 -3.75273323 12.2138309 -21.1500282 -3.32239199 10.780262 -20.1307049 -2.80005908 8.68517685 -19.406168 -2.56157708 7.30125189 -18.7343369 -2.42171574 5.95506573 -18.1148586 -2.3533783 4.88096619 -17.7049389 -2.33067656 4.20908737 -17.032238 -2.32610989 3.16508842 -20.4846554 -2.95887995 9.12770367 -13.2445707 -2.30495024 0.0808448121 -16.3855457 -2.5418179 1.86873424 -15.8560867 -2.58141661 1.31219721 -12.318717 -2.1789732 0.0113434372 -14.9859762 -2.4181571 0.757888258 -14.0006647 -2.51289177 0.237225145 -14.9596834 -2.55357862 0.65892601 -22.4971676 3.82660556 14.594224 -19.2334518 4.54928112 7.45794582 -17.765152 4.17311335 4.77065277 -15.7250967 3.19985986 1.54213941 -18.6004829 4.59583187 5.91000462 -17.3944225 4.16280746 3.78616023 -20.7197819 4.55428505 10.4364042 -20.5907898 4.80557585 9.789814 -14.7050114 3.59574771 0.630884647 -11.6987553 -0.818610728 32.8818588 -11.4133072 -0.305754721 37.4712105 -10.4115257 -0.676132619 50.9284782 -10.9837389 0.412194431 55.1679344 -11.4578362 0.669465125 55.3006592 -10.4033127 -1.47911155 59.5894508 -10.6269741 0.10288541 62.2595177 -11.9613056 1.34730303 60.9671898 -11.5672245 0.979951441 52.0533829 -10.6184177 -2.26910377 53.904274 -11.5762892 -2.19929814 49.5088806 -10.8585987 -2.63167644 55.5058289 -10.6012173 -2.25422978 57.7073669 -10.9497252 -2.27500606 59.9322777 -11.5960846 -2.65469956 51.3769493 -11.0840416 -2.58057952 52.551075 -11.4095421 -3.0108223 56.068512 -10.8647366 0.609615922 61.9603996 -10.9691534 0.487783074 58.6769714 -10.2974377 -0.837905943 58.792347 -10.4979458 -0.178152308 54.5959969 -10.3054638 -0.585746109 54.2953568 -10.2484903 -1.57031667 54.8717918 -10.6889429 -1.6236155 50.5335274 -11.5822849 -2.95368719 53.496788 -10.9799747 0.565056741 51.9741478 -11.7980289 2.42978477 46.4467468 -12.2823191 1.70304549 27.2624607 -11.4910202 0.707142949 22.074892 -10.158 6.65601397 0.289079994 -10.1236696 3.83215666 0.231223613 -9.82690716 6.22305965 0.239233583 -10.0081148 6.65697908 0.0674369559 -11.242527 2.96630621 0.0150909908 -9.60824013 5.61181831 0.209226057 -9.56914234 5.23476171 0.211233184 -9.69975376 4.54871321 0.269146234 -10.1968927 3.46218276 0.00935671665 -9.46730804 4.83151007 0.0427593328 -9.69331932 4.17418575 0.0323164947 -13.2810669 9.62722301 1.71243739 -10.9634743 7.31650782 0.15851368 -12.6054983 8.72199631 0.96495086 -11.6513453 7.81046438 0.418803692 -13.7613144 10.0880146 2.95443702 -12.9140005 9.30685997 1.21854472 -12.1395063 8.54119492 0.479747981 -10.9892111 7.53024244 0.0389133021 -20.5386219 14.0198269 28.1435795 -20.3773327 14.4896774 29.6805649 -20.7077274 13.9193745 27.4526749 -20.8922729 13.4403572 25.1788406 -20.3373737 12.680604 19.0176716 -19.5924587 12.5671005 16.2250042 -20.776144 14.1557932 27.4109421 -18.7726326 12.5318403 14.1198463 -20.6075249 13.9043922 27.6579151 -20.150629 12.8235035 17.966814 -20.915184 13.3225641 22.9788933 -19.439497 12.7519646 15.6460981 -20.5268345 12.9884672 19.7945633 -20.9416161 13.687952 25.1988468 -20.799612 12.9761009 21.8329182 -18.7845554 12.7922621 13.947567 -17.0680027 11.741786 48.6661835 -17.5391483 12.8023052 45.7962341 -17.769577 13.3939114 44.933876 -18.2225113 14.2295055 42.3521347 -18.7159729 14.9390326 39.3397598 -20.0505829 15.0842981 31.6383476 -18.9445457 14.8760405 37.9624176 -19.3402748 15.2493944 35.7432251 -20.0463142 14.770731 31.4343529 -18.2850494 14.2137375 41.4673996 -19.4706078 15.0489836 34.907074 -10.7118673 5.95552635 59.8776131 -11.2880249 6.41591978 59.8651695 -11.8207579 6.69141054 59.2049332 -11.3066301 6.44843817 59.8934708 -11.8356628 6.71840048 59.2274132 -11.8470707 6.74819946 59.2483292 -12.3449831 6.99151421 58.5471725 -12.357049 7.02147484 58.5682564 -12.8351841 7.27156687 57.8555641 -12.8479109 7.30169964 57.8768082 -13.305604 7.55908203 57.1529999 -13.3189964 7.58939695 57.1743927 -13.7555141 7.85451221 56.4399643 -13.7695761 7.8850193 56.4614906 -14.1840763 8.15818501 55.7170753 -14.1988096 8.18889523 55.7387199 -16.0639362 9.88330173 51.7717743 -11.1621027 7.00914621 59.9944839 -11.315731 6.65797138 59.9855118 -11.8498249 6.90760183 59.315136 -11.3254871 6.61317682 59.9753761 -11.8563137 6.87129402 59.3054237 -11.3294811 6.56875896 59.9606895 -11.8587275 6.84251547 59.2956161 -11.8585911 6.81431389 59.2840691 -12.3694601 7.08807325 58.6045609 -12.3652802 7.05382442 58.5875053 -12.8566628 7.33427906 57.8963013 -11.3199368 6.48536825 59.9192314 -11.8547802 6.7803297 59.2673302 -11.3276157 6.52580547 59.9418221 -14.570776 8.44272804 54.9623032 -14.1652098 8.13063431 55.6943932 -13.7374525 7.82709599 56.4172783 -13.2883425 7.53178883 57.1303368 -12.8187151 7.24438572 57.832943 -12.3292999 6.96443415 58.5246124 -14.9339705 8.74416637 54.2032967 -14.5521641 8.42326546 54.9438057 -14.1473274 8.1112318 55.675766 -13.7202978 7.80774212 56.3985519 -13.2719088 7.51247263 57.1115379 -12.8029957 7.22509813 57.8140945 -12.3142881 6.94516706 58.5057373 -14.9121838 8.72740936 54.1849556 -14.5311737 8.4065218 54.9252014 -14.1271305 8.09448814 55.6569366 -13.4773159 7.63788176 56.7440796 -13.124094 7.86012363 57.496994 -12.3608913 7.18214893 58.6367111 -12.3674316 7.14553308 58.6265488 -12.8594065 7.42674875 57.9363213 -13.5279007 7.85660028 56.9385567 -12.3697739 7.11650896 58.6164093 -12.8616886 7.39747572 57.9258347 -13.3338137 7.68593407 57.224308 -14.0103521 8.13601208 56.1465683 -14.7465286 8.7816925 54.8834343 -16.2022095 10.1973696 51.6674881 -12.8612061 7.36880016 57.913681 -13.328269 7.62221479 57.1941299 -13.3331718 7.65701532 57.2118378 -13.784626 7.95316887 56.4995079 -14.2147293 8.25758934 55.7773056 -14.6226406 8.57060242 55.0458488 -15.2314129 9.01527882 53.7526512 -13.7793694 7.91808319 56.4814682 -14.2091236 8.22221375 55.7589302 -14.6072474 8.50050735 55.0077286 -16.8464622 11.0574722 49.4087601 -10.8842745 6.35973597 60.5185165 -11.4223738 2.27155018 61.4815407 -9.60199547 4.50310612 62.290287 -9.88007736 3.78106427 62.1968536 -11.2778215 2.45840883 61.3263626 -10.4022245 3.03735685 61.9860497 -11.8196611 2.15705729 59.8895721 -12.9491234 2.18848586 60.0184631 -17.4142952 3.06498313 53.8322449 -16.1381512 2.72299886 55.7074242 -14.1886969 2.40076661 58.3295097 -17.1707649 2.76979804 54.5830421 -20.7588425 5.06197166 47.2490501 -18.6320801 3.57665801 51.7490196 -19.6111622 4.24110842 49.6283569 -15.1816101 2.39412522 57.3412819 -18.9662781 3.49291325 51.4934082 -20.1822453 4.44223452 48.8001366 -18.2585716 3.20676684 52.744381 -24.1339226 6.42414141 31.6235542 -22.3792343 6.63193369 41.0882034 -22.8895741 6.85216618 38.8765221 -23.3893127 6.90047598 36.3109894 -23.7531986 6.75902796 34.0450592 -24.2644405 6.05183315 29.8618259 -23.0944366 6.73265934 39.0335007 -22.4847088 6.48537302 41.5307236 -21.8882046 6.05193663 43.760479 -24.3635998 6.18038702 31.2695618 -24.1269016 6.53530884 33.0158768 -21.2800446 5.56116486 45.7089081 -21.7435398 6.20328808 43.5579262 -20.778944 5.38575697 46.5561104 -23.79846 6.75526237 35.2556381 -23.425333 6.85085249 37.0353966 -23.0331917 4.37690639 16.1020393 -22.3814392 4.70260763 14.2662277 -24.2983971 4.30658722 21.8941021 -24.5257645 5.33232975 27.4991512 -24.5662975 5.63596106 28.8213673 -24.5678291 4.53419113 24.2551479 -24.3869324 4.88904285 25.3385124 -24.240221 4.515306 22.9028645 -22.6080551 4.64317656 15.5105286 -23.655014 4.33848286 19.5629063 -24.409565 5.28548813 27.1303444 -23.904047 4.17748356 19.4934158 -24.6231823 4.89467239 25.9996567 -23.5011406 4.34763479 18.3616199 -19.6093845 5.564641 8.66184711 -21.0605049 5.31708145 11.1807384 -20.2822094 5.43661785 9.51334953 -17.2725048 4.78183746 3.82406068 -16.1620369 4.48866653 2.33678436 -21.4318485 5.24783754 12.4000578 -17.5060768 5.11251402 4.64256144 -20.8102074 5.43054152 11.2708092 -18.1283722 5.15267658 5.37237358 -19.3643341 5.41615248 7.67781305 -18.6046333 5.41430378 6.57068968 -13.2637348 3.32948661 0.204892054 -15.5499678 4.00437212 1.31169844 -16.0728722 4.23660421 1.91740847 -11.9205017 3.0533545 0.155152068 -15.0592861 3.94857454 1.04873288 -12.9397364 3.08693242 0.0365001634 -13.8755789 3.43343878 0.284179091 -16.1326294 12.1375027 8.32661152 -14.8822556 11.2709961 5.43250942 -16.226532 12.3738508 8.35717773 -17.2535954 12.7890606 10.659584 -14.6219091 11.2743464 4.74312925 -17.6643906 12.634738 11.5868082 -11.2984028 8.56399536 0.237225145 -11.9856119 9.17974567 0.630883694 -10.823494 4.29654074 37.5116501 -11.8473215 2.31728625 60.8126488 -10.1193352 2.78542662 59.5188942 -10.1538172 2.4990716 54.7326851 -9.73500347 3.76798701 50.9695778 -10.249979 5.2504487 56.3553085 -9.81966305 4.61325836 56.8497734 -9.76246071 3.33742547 58.7980766 -9.67551422 4.45473099 62.1724625 -9.73774433 5.23416615 61.8401337 -10.2358723 5.91300535 61.1424789 -10.1696587 5.28583241 58.0419807 -10.1235409 5.18091822 54.3321648 -9.81528187 4.77754784 52.9286957 -9.67998123 4.12740183 53.9470139 -10.1684275 5.46280479 52.2790146 -9.72798157 5.46879768 48.6116066 -10.625802 2.75504827 50.1810799 -10.6376886 2.1593101 53.9102821 -10.6159878 2.16707325 57.7167053 -11.1385603 2.7160387 49.4810181 -11.0046539 1.92611504 55.5134888 -10.942728 2.29038835 59.9392166 -11.0188675 2.25627542 51.7689133 -11.6247511 1.92673469 53.2934761 -11.7753048 2.40973902 50.3462715 -11.6621046 1.80398023 56.0744171 -10.0149508 5.31049871 59.6390457 -9.69864178 4.44172144 58.9788284 -11.6378155 1.91175508 58.171917 -9.67702484 3.50699472 55.0699883 -9.88711452 2.88588214 55.1639137 -9.92322636 3.28869176 51.0365944 -10.2508516 2.87126017 50.9942131 -9.97268677 5.97763252 48.9028702 -10.2879391 6.24549103 49.3668938 -9.72798443 7.01407623 46.0263405 -9.21187782 7.57219219 41.4837914 -10.2908459 6.9600935 29.1943054 -10.5158052 6.66836071 27.9443417 -10.5422039 6.46528053 27.2624607 -10.2602949 5.42859888 18.0828438 -10.1730118 6.35493946 13.7644281 -6.54957628 10.0470066 0.290543616 -6.45833111 9.61862183 0.229217649 -9.67283535 7.54435301 0.131467968 -9.43527889 7.24867868 0.0105535276 -7.5594449 7.27997303 0.00375575153 -6.44966841 10.0659208 0.0674368441 -6.50320911 8.96251488 0.20325166 -6.17572212 9.71239758 -0.00553357834 -6.44263029 8.3777647 0.0076172296 -6.55228233 8.64418793 0.120967604 -6.92183542 8.11242294 0.286410749 -8.0288763 7.30174494 0.0694341809 -6.86737871 8.06241989 0.0845373198 -7.54203224 7.61975145 0.186801612 -8.16467094 7.3890419 0.223626256 -8.89598274 7.34022284 0.155675724 -8.23155022 14.1105957 1.71242809 -7.05418015 11.0570145 0.158513814 -7.86670685 12.8259888 0.774128258 -8.12171268 13.4108448 1.3222754 -7.48167515 11.7880554 0.41880849 -8.48284626 14.7268381 2.95435643 -8.0265255 13.6686497 1.21855175 -7.72906923 12.898489 0.633546233 -7.40966034 12.1279144 0.277555823 -6.95680046 11.2286873 0.0261842739 -12.7438316 21.4239235 29.6546974 -13.4356813 19.7698727 19.0165329 -12.8013487 19.3632832 16.22439 -12.0668879 18.9977131 14.1197376 -13.7354937 20.3611641 23.0749531 -13.6545496 20.6397648 24.8034554 -13.3755312 20.9601879 26.9437847 -13.5782394 20.9359818 25.1981869 -12.7168636 19.5523434 16.0800419 -13.7026491 20.591362 22.9777756 -13.2367611 21.2961464 27.4107208 -13.3457346 19.9177284 18.6781979 -13.7185879 20.2032433 21.5399933 -11.9718208 19.2404518 13.9473753 -10.9943657 20.5607548 40.5943527 -11.408021 21.7043152 36.0530739 -11.0434093 21.2171001 39.1612358 -10.8431625 20.397974 42.2611198 -10.8022146 18.2986298 47.2825546 -10.8457861 18.3158245 46.6664734 -12.6206827 21.6687107 29.8519192 -10.7339706 19.2855225 45.2733574 -11.3064051 21.2560501 37.6741867 -11.6467562 21.5526524 35.1220856 -12.0400381 21.8384438 32.5312157 -10.8685064 20.1365623 42.7912903 -12.1590261 21.581934 32.1858902 -10.8410101 19.3857327 44.240799 -8.08635139 10.8112326 59.1860466 -7.71697187 10.3662891 59.8651695 -8.09159565 10.8346453 59.2049332 -7.7207427 10.4035645 59.8934708 -8.09423447 10.8653641 59.227417 -8.09253502 10.8972263 59.2483292 -8.44843674 11.3220253 58.5471725 -8.4472723 11.3543024 58.5682564 -8.78234959 11.7772484 57.8555641 -8.78171921 11.8099527 57.8768082 -9.09515858 12.2312498 57.1529961 -9.09506226 12.2643909 57.1743889 -9.38601017 12.6841364 56.4399567 -9.38644791 12.7177248 56.461483 -9.654006 13.1358662 55.7170677 -9.65497494 13.1699142 55.7387161 -10.6696701 15.476429 51.7717896 -10.9174728 16.980896 49.2624092 -8.03021622 11.0439682 59.315136 -8.0509119 11.0134392 59.3054237 -7.76246834 10.7433367 59.793808 -8.06482315 10.9881296 59.2956161 -8.07616901 10.9623098 59.2840691 -8.43152332 11.4201908 58.6045609 -8.44163418 11.3872032 58.5875053 -8.77646351 11.8432751 57.8963013 -7.71787739 10.4427128 59.9192314 -8.0865097 10.9297142 59.2673302 -7.70844603 10.4827776 59.9418221 -9.89153957 13.553092 54.9623032 -9.64797688 13.1030245 55.6943855 -9.38066101 12.6517448 56.4172707 -9.09049034 12.199296 57.1303291 -8.77836037 11.745719 57.832943 -8.44512367 11.2909069 58.5246124 -10.1007271 13.9761896 54.2032967 -9.88245201 13.5277405 54.9438019 -9.63953209 13.0780249 55.6757584 -9.37286186 12.6270857 56.3985443 -9.08333397 12.1749649 57.1115303 -8.77184486 11.7217054 57.8140945 -8.43924522 11.2671995 58.5057373 -10.0876398 13.9520197 54.1849556 -9.87008667 13.5039072 54.9251976 -9.62789154 13.0545139 55.6569328 -9.21997261 12.3730764 56.744072 -7.03416586 9.12045574 60.0321426 -8.53661537 11.7657681 58.2951813 -9.3880558 13.2019882 56.2088928 -8.38543034 11.5026484 58.6367111 -8.72029972 11.9599094 57.9469566 -9.03401852 12.4159575 57.246273 -9.48615074 13.1064396 56.1427574 -8.40629864 11.471859 58.6265488 -8.74135876 11.9288664 57.9363213 -9.05528545 12.3846712 57.2351456 -9.3472271 12.8393774 56.5235023 -8.42024326 11.4462967 58.6164093 -8.75535011 11.9030523 57.9258347 -9.06933403 12.3586092 57.2243042 -9.36134243 12.8130713 56.5122948 -9.63047504 13.2663956 55.7904243 -9.87583256 13.7185392 55.0593109 -10.047842 14.2347717 54.3910294 -10.7982569 16.8972893 49.8604927 -8.76657391 11.8766594 57.913681 -9.09018517 12.2981424 57.1941261 -9.08050919 12.3319283 57.211834 -9.37247753 12.7861042 56.4995003 -9.64157772 13.2391443 55.777298 -9.88690853 13.6910057 55.045845 -10.1075687 14.1416454 54.3057594 -10.2621765 14.3448286 53.7526703 -10.6418314 15.8023367 51.7249146 -9.38194656 12.7519131 56.4814606 -9.65084553 13.204546 55.7589264 -9.90135288 13.6206999 55.00774 -7.39827108 10.1931162 60.4743462 -9.18332291 6.75118828 61.4438286 -6.78819036 8.73203373 61.8082085 -7.60804462 7.30724192 62.1843224 -9.90533829 6.81601095 60.9657745 -7.9047718 6.99235201 62.3139877 -9.45609283 6.64468193 61.5135498 -7.14224958 7.74393749 62.2767906 -8.2818203 6.91958427 61.9860535 -6.62670994 9.23591614 61.6525574 -6.84373569 9.20406437 61.4337654 -9.93085003 6.84662199 60.6888847 -16.2879677 11.8454247 49.5187492 -15.3103647 10.4482279 52.390892 -14.4607172 9.65036488 54.0194092 -14.2180538 9.43404579 54.5357971 -13.9367075 9.20826721 54.9979515 -13.7938404 9.09149933 55.3181763 -13.5359936 8.90069485 55.7055702 -13.3428583 8.75901031 56.0900688 -13.1134567 8.60123539 56.4041901 -13.2342701 8.60473633 56.6477509 -11.8471699 7.81113529 58.4793205 -13.5919876 8.63770103 56.3839264 -16.9360523 13.0316763 47.1430588 -15.66819 10.8508987 51.557972 -11.4805059 7.47720575 59.3211861 -14.9007874 9.80589485 53.8105507 -16.3377838 11.4592428 50.1993675 -14.0535383 9.21578503 55.1641579 -14.2444124 9.44479847 54.5540886 -14.4910221 9.63119984 54.1800156 -13.8199072 9.10253811 55.3374367 -19.8832932 15.2244864 29.3557854 -19.438448 15.5400066 31.3106117 -16.7019577 13.0066948 47.1582756 -17.0723724 13.8702946 45.1195068 -17.4948273 14.6763201 42.6769447 -18.0245895 15.3931913 39.5388641 -18.5679874 15.7303839 36.3436966 -18.9606857 15.7505264 34.0684013 -18.3680801 15.4534674 39.0648766 -19.7996082 15.4426241 30.8594913 -19.3948135 15.6981544 33.0331573 -17.1920185 13.6447716 45.7191429 -19.0027237 15.7650013 35.2800369 -18.6195641 15.6983662 37.0761604 -17.9467049 15.0044498 41.4191971 -17.5961037 14.4624863 43.4203453 -17.3777809 13.4241438 12.2714043 -20.3595676 14.7834568 27.9031963 -20.6293793 14.0261726 24.1805458 -19.4176731 13.3031006 16.5952091 -18.4181995 13.3060217 13.9330292 -19.938673 13.505311 19.3167458 -18.9862041 13.3439846 15.6836452 -18.3143597 13.3754101 14.3167887 -19.0297718 13.354023 16.3654861 -20.3816471 14.1220474 24.2759323 -20.2170982 13.7176933 21.5069599 -19.6121273 13.4257965 18.5850544 -20.2824745 14.57339 26.6257954 -20.3025551 13.5072098 20.2349434 -15.5983839 12.9425917 8.51348591 -16.6075592 13.3087845 10.6080074 -17.3517456 13.3331146 11.6643581 -16.3318272 13.1299067 9.51325417 -14.4668131 12.1839542 5.83351755 -13.4211235 11.1465883 3.41597104 -14.3875475 11.8945923 5.12591791 -15.5016966 12.7378912 7.67783737 -10.6441355 8.21657848 0.136144131 -13.0688276 10.4246616 2.0854435 -12.6394453 10.2016964 1.74593008 -10.5333891 7.93096781 0.0252128802 -12.5763168 9.88884163 1.29925036 -11.7840033 9.2426405 0.675517082 -9.81533623 17.5634174 8.32591629 -9.02554989 16.2631283 5.43175268 -9.80518532 17.8177586 8.35707474 -10.5745029 18.6147919 10.6593294 -8.78648376 16.1605721 4.74292278 -11.0124693 18.6408634 11.5863724 -6.85275126 12.3328743 0.237224847 -7.23010063 13.1749048 0.630883813 -8.12569714 6.57491541 59.522583 -8.2737875 6.32668352 54.7359695 -7.33603287 7.74683714 48.2121544 -7.37530851 7.31538391 50.9708176 -7.24272585 8.87955379 56.358696 -7.57527351 6.93382263 58.8008881 -7.04152203 7.91889429 62.1723518 -7.05407715 9.65854263 61.0126801 -7.15484953 8.87963772 58.0458527 -7.15557861 8.76427841 54.3347206 -7.06408691 9.06544399 52.0141411 -7.03023958 9.48705196 50.7617378 -8.60094738 6.75236082 50.1820564 -8.85408211 6.2129612 53.9132271 -8.83087444 6.21177483 57.7215805 -9.08532619 6.92511463 49.4825058 -9.28416634 6.14932394 55.5172348 -9.0790844 6.45760059 59.9431229 -9.65908337 7.1349535 49.3475151 -9.79853439 6.6585598 51.496727 -9.39759827 6.35039425 52.5574951 -9.93446636 6.30519247 56.0775986 -6.87938356 8.32333469 61.9604759 -9.87562656 6.4368701 58.5743561 -7.09716988 8.1392498 57.7294197 -7.21990395 7.52247763 54.6043243 -7.39393854 7.10678911 54.3053246 -7.87295151 6.57158518 55.167366 -7.74212503 6.95412064 51.0379448 -8.21117878 6.70600843 50.9955521 -10.0953188 6.5023303 53.7530365 -6.99017525 8.37794113 51.9787369 -6.81773901 9.98047638 48.9110641 -6.07129908 10.2909517 46.0916176 -5.23398113 10.6367474 39.8143921 -5.34045267 10.7683172 36.4145851 -5.59919691 10.6436415 33.5081596 -7.01555443 10.1080294 27.2624607 -7.04988623 9.49207973 25.7936592 -6.78425026 9.87475395 13.9389114 -1.91128802 11.7561493 0.29054296 -2.0021708 11.3276882 0.229216769 -2.88880372 10.2303658 0.305516303 -3.63077998 9.96174431 0.266186327 -5.78244686 10.7402077 0.131468147 -5.68569088 10.3734732 0.0105535565 -4.62745047 9.87510204 0.0234396551 -1.61443806 11.6954603 -0.00259195338 -1.81232417 11.7327938 0.0674369037 -2.31003284 10.7465582 0.203251749 -2.55536056 10.399086 0.112963803 -3.73602557 9.90497589 0.128609702 -3.76312494 9.76024532 0.020158723 -3.07349205 10.0800705 0.117064185 -5.15578508 10.237752 0.155676767 -1.96146083 12.8840857 0.158515111 -2.02298141 14.9620142 0.925412893 -1.90741134 15.8399487 1.54007757 -2.05465651 13.7258358 0.418821126 -1.76227832 15.809783 1.33248818 -1.8290062 14.8407946 0.633515537 -1.85063446 14.0069962 0.277558118 -1.81984472 13.0462055 0.038911622 -2.60690045 24.6253624 30.9088421 -4.31434298 24.0075226 22.4807281 -3.80476689 22.7401714 16.077507 -3.40662122 24.7599258 27.6094513 -3.36327076 22.3204098 14.2986126 -4.32306337 23.6618156 20.2376614 -4.15567446 24.2401199 24.3607445 -3.58303165 24.5614529 27.4197903 -4.19611788 23.8806057 20.3699341 -4.1823082 23.383358 18.5084152 -3.92570496 24.4780846 25.780798 -4.02752018 24.4708366 24.3294773 -4.18903351 24.2182045 22.4184685 -3.57527375 22.7771988 15.5094118 -2.11516762 21.8358002 44.7373276 -1.88336647 24.3116512 35.1550179 -1.99208951 24.7466869 33.0432472 -1.51308846 23.7529831 39.2661896 -2.46244431 20.9351139 47.496727 -2.3439281 21.370224 46.1223183 -2.72408891 24.8469677 29.8176975 -1.6641295 23.0084553 41.9734383 -1.98187292 22.044241 44.8534355 -1.59969676 24.2556858 36.7300797 -2.27533984 24.6848755 32.2676086 -1.66739106 23.6379681 38.8651199 -1.80819666 22.6780453 42.2395706 -2.84789276 12.5226536 59.8651695 -2.67222905 11.3168764 60.3513603 -3.03404522 13.1958122 59.0465546 -3.14237428 13.6156225 58.4862328 -3.19260716 13.8680363 58.2214813 -3.26080489 14.1656399 57.7946472 -3.32456255 14.5261116 57.3802452 -3.36047387 14.7057762 57.0922737 -3.42847466 15.1695948 56.5237312 -3.5029068 15.7980423 55.6528282 -3.5019424 15.6971226 55.6164513 -3.54640937 16.4110317 54.7683945 -3.55749297 17.0080605 53.8712769 -3.55871606 17.0625229 53.7569885 -3.53132677 17.5245628 53.3146782 -3.02940583 13.219449 59.0654449 -2.83617687 12.558239 59.8934708 -3.01941586 13.2487125 59.0879402 -3.00497174 13.2772474 59.1088867 -3.17907858 13.9223528 58.2629395 -3.16501951 13.9516115 58.2840843 -3.31212711 14.5818787 57.4217186 -3.29844427 14.6118755 57.4430504 -3.41712117 15.2268467 56.5651588 -3.40380621 15.2575951 56.5866585 -3.49262142 15.8568125 55.6941376 -3.47966528 15.8883266 55.715786 -3.53717494 16.4713554 54.8095016 -3.5245688 16.5036449 54.8312721 -3.54928756 17.0699673 53.9120941 -3.5370214 17.1030483 53.9339561 -2.81763577 12.5928383 59.9192314 -2.98629427 13.3045816 59.1279373 -3.14656401 13.9795923 58.3034325 -3.28019929 14.6405125 57.4626961 -3.38576102 15.2868958 56.6065941 -3.46181059 15.9182978 55.7360001 -3.50689578 16.5342941 54.851757 -3.51952171 17.1343822 53.9546967 -2.79272413 12.6256027 59.9418221 -2.96360373 13.3302431 59.1447372 -3.12393165 14.0057993 58.3206215 -3.25761056 14.6672659 57.4802742 -3.36320353 15.3141966 56.6245728 -3.43927407 15.9461451 55.7543793 -3.48437214 16.5626888 54.8705406 -3.49700356 17.1633205 53.9738884 -2.94271946 13.3492813 59.1563492 -3.1029768 14.0251846 58.3325958 -3.23657155 14.6869926 57.4926262 -3.34206963 15.3342609 56.63731 -3.41803646 15.9665394 55.7675209 -3.46302462 16.5834064 54.8840942 -2.91968203 13.3667946 59.1662292 -2.76039767 13.0211983 59.6505356 -2.88830829 13.3862991 59.1760292 -2.8545506 13.4029016 59.182888 -2.83618045 14.4170799 58.0678711 -2.98232388 19.8542423 49.6255836 -2.98662448 20.0658684 48.8803444 -3.19806242 19.494463 49.8466148 -3.01388645 14.0793056 58.3606873 -3.22433686 15.0916967 57.0597649 -3.04807687 14.0626593 58.3532333 -3.18114972 14.7248936 57.514267 -3.0797739 14.0429583 58.3428802 -3.21318865 14.7050171 57.503334 -3.31849527 15.3525238 56.6484604 -3.3095119 15.9417028 55.9328117 -3.39626408 17.5822563 53.526001 -3.18852186 13.892314 58.2403564 -3.32102895 14.5510464 57.3990707 -3.42548847 15.1952038 56.5424767 -3.50046229 15.8243408 55.6714592 -3.54449868 16.438036 54.7868652 -3.55610585 17.0357857 53.8895454 -3.26607299 18.9622765 51.203289 -3.47309995 18.3055058 51.9271202 -2.71414042 12.3769541 60.2809372 -3.0778594 10.0292578 62.2843018 -2.7575767 10.4874153 61.8918571 -6.34501076 10.2740049 60.7192917 -5.03392172 9.64209652 61.8846207 -6.21307707 9.97674751 61.2913208 -4.33375788 9.62005043 62.1747322 -4.3519845 9.49474716 62.3450356 -3.62377071 9.79292011 62.2589073 -5.84363651 9.89399529 61.3107491 -3.1947794 10.0390263 62.1576843 -2.44861007 10.8640881 61.7536926 -9.9605484 18.9892139 46.3616486 -10.2450743 16.6712666 50.8117294 -10.228302 18.3417683 47.8344688 -10.0905485 17.4597225 49.3584251 -9.66084957 14.7408848 54.0874825 -7.87244844 11.5949764 58.9918594 -7.14581347 10.9272814 60.0068398 -8.13046455 12.5022678 57.6124115 -8.4905138 13.0856113 56.5147247 -9.1012392 14.0943222 55.0938759 -7.35203314 11.4686956 59.1285973 -6.48841763 9.94192219 58.7472305 -9.86278915 16.0189667 51.8498344 -8.85589027 13.5257349 56.0766411 -9.5441637 15.0339346 53.5597839 -11.8070955 21.8645649 29.7036209 -10.3222752 21.5258617 38.3960876 -10.1352596 21.0059643 40.7150269 -10.0157051 20.3629131 42.9187164 -12.4499626 21.5352821 27.2335854 -10.7012882 21.9238338 35.4778404 -11.1695061 22.0403652 32.6744766 -10.5183077 21.5216255 38.9696312 -10.208169 20.3070545 43.3530388 -11.8275795 22.0724373 30.833437 -11.3584776 22.1434555 32.9789467 -11.8522186 22.0008316 30.056694 -10.6556845 21.8450623 36.9519958 -10.1727295 19.282011 45.9289398 -10.9751787 22.051054 35.2016373 -10.3115368 20.9467258 41.3283501 -10.3620281 19.1819134 12.2488689 -13.0196714 21.0544167 23.7753239 -12.5664759 21.7066498 27.8395157 -12.8121061 20.2515869 18.5071621 -11.6278133 19.6349163 14.4104748 -12.0108471 19.8971806 16.3593407 -12.7445917 21.2415791 25.4084797 -11.3247747 19.5932274 14.3387594 -12.8989191 20.8471756 22.9110756 -12.8555212 20.5891628 21.010664 -12.6504765 20.3166275 19.1549931 -13.1842699 20.8342991 22.3514061 -13.0278978 21.3146191 25.4388943 -9.00004387 18.0818825 8.51348495 -9.77302456 18.8268814 10.6079998 -9.59389305 18.551321 9.51325798 -8.27488232 16.9285965 5.83354759 -7.74151993 15.555584 3.41597867 -8.32015896 16.6320076 5.12593889 -8.99497604 17.8555508 7.6778326 -10.4323168 19.2086792 11.8374987 -6.39635754 11.749383 0.136144891 -7.7133131 14.7527742 2.08544254 -7.41173983 14.3744345 1.74592388 -6.41135454 11.4434166 0.0252128672 -7.48132086 14.0629549 1.29924822 -7.02034092 13.1503611 0.675517797 -1.81469035 19.8423309 8.10150051 -1.73506403 17.0537758 3.27763557 -2.39812851 21.2015305 11.2222672 -1.65787435 18.5980034 5.73217583 -1.91506934 20.7650032 9.60222244 -2.92097759 22.2156754 13.4209566 -1.50215518 18.9853916 6.03130627 -1.66809309 16.6280212 2.2868185 -1.2585057 13.9677086 0.237224698 -1.26074624 14.8904238 0.630884945 -4.02305746 10.5407486 40.3190384 -5.52463961 10.8323164 47.2863541 -6.08961535 10.2523117 50.0299225 -4.96829605 9.12691498 53.6187096 -3.56560421 9.97464848 48.2119942 -3.01954198 10.9711285 56.3484306 -3.20524788 10.2249994 56.8419838 -4.34128571 9.22091389 58.5185585 -2.55343699 11.0933666 61.3558502 -2.55640864 11.5735836 60.955143 -2.94005132 10.9344378 58.0341415 -2.98620009 10.8311586 54.3270607 -3.47109556 9.79626942 53.7805138 -3.58792996 9.70726299 50.6485748 -2.8066175 11.0533171 52.2757683 -2.30515504 11.6654882 49.366066 -2.47949243 10.7599049 48.6123085 -5.12502289 9.58127308 50.1791382 -5.55412292 9.1807003 53.942112 -6.05066252 9.33377361 55.059269 -5.30034781 9.06918049 56.764904 -5.49720526 9.93589211 49.4806213 -6.01425314 9.55872536 52.4493599 -6.62277985 9.98958683 53.678772 -6.50494862 9.70876789 56.4407005 -3.25221372 10.0198565 58.9728279 -4.76207066 9.3091917 60.175827 -5.82181692 9.42486286 59.103363 -3.96140862 9.34766293 56.3941574 -4.53364563 9.11968613 55.1568527 -4.25825834 9.41628838 51.0339661 -4.78757 9.38043785 50.9916306 -2.99200511 10.4111662 51.9741478 -0.697995603 11.8906603 42.3220139 -2.33710861 11.8392792 27.1963463 -2.8816545 11.0865383 23.7522888 2.81641769 11.142045 0.260823369 1.45168877 10.4311333 0.241626412 0.720454991 10.4910879 0.266193062 -0.923389137 12.0746765 0.136821955 -0.813865304 11.4252605 0.01508075 0.183805615 10.4950132 0.0136661669 2.62321711 10.9028797 0.201413661 3.14845252 11.4860792 0.0705707744 -1.09117472 11.979867 0.00444897031 2.09499764 10.5949869 0.210385278 1.52897978 10.263978 0.0275985375 -0.223003462 10.8844872 0.0724682063 0.701711714 10.4380465 0.115980871 -0.0348657072 10.8527346 0.223603263 -0.560439646 11.3635569 0.155693322 4.62015486 15.1090145 1.62694192 3.69008684 13.2836962 0.415310681 3.48464179 12.4365263 0.0596713126 4.89748192 15.2284575 1.48746943 4.20502329 14.2692862 0.774124682 4.77108145 15.2821798 1.64364314 4.35099792 14.2155123 0.633542001 3.87831521 13.2035208 0.181537822 6.09098911 23.7852001 24.5514812 5.86950254 22.0127335 15.2840147 6.04124117 21.475174 13.8909674 6.90425301 23.9281101 27.4028912 6.37317848 21.311655 13.2369137 5.74550915 23.5339985 21.8854446 6.62400484 23.8179989 27.1621418 6.40611076 23.9398804 25.1777821 6.06664276 22.0909405 15.2197371 5.87413025 23.2403145 19.3741112 5.89450455 22.7762375 17.4588776 6.11432648 23.8294525 23.3315048 5.92693138 23.6449986 21.7104034 5.67960787 23.2685318 19.9358025 5.67665434 22.6808739 17.4922276 6.90267086 20.6933174 44.8393555 8.1444025 22.5175152 37.0244179 8.08550072 22.9586201 34.5115509 8.44141006 22.8971119 35.7321587 6.70810986 20.4047012 46.3910637 6.33101082 20.2128372 46.6509285 7.58803558 23.7040024 30.0072098 7.92015886 21.679203 41.6960106 8.332757 22.3079567 38.8522758 8.08136845 23.43466 32.2590103 7.58296061 21.3160667 43.1260872 8.24499416 22.5716305 37.296257 7.74270439 23.4184608 31.540741 7.60952663 21.4347878 42.0550766 8.02892494 22.0973129 39.1906815 2.56079912 13.0843849 59.1860504 2.47730446 12.5121565 59.8651695 2.57469082 13.1039505 59.2049408 2.5024817 12.5399008 59.8934708 2.59575343 13.1264648 59.2274208 2.6205678 13.1465216 59.248333 2.69811058 13.6952524 58.5471764 2.72287536 13.7159843 58.5682602 2.81297851 14.2480068 57.8555641 2.83770275 14.2694206 57.8768082 2.94107366 14.7842836 57.1529694 2.96576548 14.8063869 57.1743622 3.0830214 15.3034782 56.4399223 3.1076889 15.3262777 56.4614487 3.23939538 15.8049002 55.717041 3.2640481 15.8284016 55.7386856 4.13392162 17.85285 52.3603783 4.73618078 18.7190704 50.5134354 5.40417337 19.3639736 49.3884392 3.32726836 15.14044 56.919323 3.34731197 13.7699986 58.5750694 2.84675217 13.1976748 59.3255882 2.79210258 12.6060276 59.9912796 2.74558544 12.6123934 59.99086 2.80884576 13.1998539 59.3218994 2.69894719 12.6133051 59.9855118 2.77132082 13.1983976 59.315136 2.65333033 12.6087418 59.9753761 2.73478627 13.1933498 59.3054276 2.60985184 12.598815 59.9606895 2.70666623 13.1867523 59.2956161 2.67988372 13.177907 59.2840691 2.78237629 13.7483664 58.6045647 2.7510972 13.7338076 58.5875092 2.86598206 14.2878103 57.8963013 2.53349233 12.5639677 59.9192314 2.6487422 13.1637812 59.267334 2.56957698 12.5837669 59.9418221 3.43180704 16.3152523 55.0092506 3.21902347 15.7784452 55.6943588 3.06252933 15.2778301 56.4172401 2.92045116 14.7594347 57.1303062 2.79221702 14.2239466 57.832943 2.6772027 13.6719704 58.5246201 3.71967101 17.0446815 53.7838287 3.37774515 16.2368698 54.9437866 3.2060945 15.7554398 55.6757317 3.04942179 15.2555313 56.39851 2.90715647 14.737833 57.1115036 2.77872872 14.2030344 57.8140945 2.66351533 13.6517363 58.5057411 3.55573773 16.673233 54.1849556 3.36830688 16.211729 54.9251823 3.19641018 15.7310543 55.6569023 2.96297455 14.972003 56.7439728 2.00824547 11.1713028 60.0310936 2.91236782 13.7706394 58.6439629 2.87450171 13.7692881 58.6367149 2.99024272 14.3241158 57.9469566 2.83765817 13.7641945 58.6265526 2.95308352 14.3189955 57.9363213 3.0817709 14.8573103 57.2351189 2.80932713 13.757453 58.6164131 2.92453456 14.3121195 57.9258347 3.05299926 14.8503103 57.2242775 3.19534397 15.371419 56.5122566 3.5229044 16.1508026 55.4431343 3.81676197 16.9223919 54.2355232 4.58633089 18.3503647 51.6700325 2.89740777 14.3027992 57.913681 2.99411011 14.825346 57.1940994 3.02569079 14.8407621 57.2118034 3.1678493 15.3616486 56.4994621 3.32445788 15.864768 55.7772675 3.13610697 15.345808 56.4814262 3.29254723 15.848505 55.7588959 5.32035685 19.3583298 49.0234718 2.5452311 12.087883 60.5416679 -1.190534 11.1830044 61.4437943 -0.572261453 10.6941652 61.9185715 0.082010068 10.4151373 62.2553139 -1.82231057 11.830142 61.025856 -1.02624261 10.8486996 61.9468193 1.20523047 10.3073807 62.3028221 1.11025643 10.3724642 62.1726227 -1.62539124 11.762866 60.965744 -1.29618514 11.2094727 61.5609093 0.542182565 10.3458643 62.2302818 2.13608241 10.8072538 61.7916451 1.7404958 10.6181755 61.902977 2.4695673 11.3963833 61.229847 -2.02500868 12.6756325 60.1361618 -1.61771047 20.916172 47.3195305 -2.36526418 18.9024086 51.002182 -2.44265366 18.573267 51.6270943 -2.48078299 18.2599735 52.0876427 -2.50171638 18.1832733 52.274456 -2.53168416 17.8032932 52.8253937 -2.5423038 17.7832794 52.9175186 -2.55888176 17.3339233 53.556881 -2.56490135 17.373682 53.5557365 -2.5631063 16.8524704 54.2812843 -2.56823039 16.8300018 54.3736229 -2.54508734 16.3595371 54.9977913 -2.54329252 16.2717762 55.1813202 -2.50556588 15.8556986 55.705616 -2.49117708 15.6997681 55.9777794 -2.4453826 15.3412256 56.4043121 -2.41309977 15.114295 56.762394 -2.36535883 14.816328 57.0934181 -2.27264595 14.2731028 57.9921303 -2.08902407 13.5011559 58.9282799 -2.45186424 15.23458 56.7659187 -2.59676933 15.8372822 56.0859451 -2.60942483 15.7911253 56.1741371 -2.67803645 16.4254093 55.294735 -2.73349667 16.9975491 54.488018 -2.02236199 20.2311592 48.8525848 -2.43625641 18.8403397 51.3163452 -2.45334435 18.6000519 51.6416664 -2.51223445 18.210062 52.2898636 -2.78800964 16.429142 55.376564 -2.5906868 15.1354361 57.1417694 -2.80589676 17.5932598 53.641861 -2.73028445 17.5424843 53.6608124 -2.49585152 19.5678921 50.3509979 -2.70083809 17.5292034 53.6529198 -2.70375776 16.9846058 54.4789734 -2.27394414 19.4978619 50.1825027 -2.524863 18.7863617 51.5636292 -2.55261517 17.8100681 52.9337463 -2.67334771 17.5132599 53.6432686 -2.67604613 16.9689407 54.4681244 -2.65015435 16.4100266 55.2827072 -2.57497263 17.4004669 53.5727768 -2.59862423 17.9439659 52.8903847 -2.6420989 17.4896431 53.6287498 -2.64464021 16.9455891 54.4520798 -2.61865807 16.3869495 55.2651443 -2.56524873 15.8144855 56.0668755 -2.59248686 17.4326439 53.5931282 -2.57794309 16.8567715 54.3916931 -2.61500382 17.4625683 53.6119118 -2.61753297 16.9187012 54.433712 -2.59160733 16.3602543 55.245266 -2.53832173 15.7879915 56.0455055 -2.59515667 16.8888893 54.4134445 -2.55259538 16.2985191 55.2003975 -2.56944036 16.3305683 55.2235298 -2.51643133 15.758441 56.0223236 -2.50002003 15.7264757 55.9978409 -1.10985518 24.5429268 33.5925484 -0.866181076 24.3075161 35.2939682 -0.713084698 23.2657452 40.5545502 -1.66471946 21.2677937 46.8706017 -1.36047208 24.7531433 33.0732689 -1.16584492 21.8381023 45.0455933 -0.882064581 22.6004143 42.8613129 -0.731419623 23.8681412 38.3406754 -1.6741308 24.7097511 30.6692009 -1.97288215 24.7553005 29.5356598 -1.84945619 24.8893604 30.8024368 -0.991718471 24.4195042 35.9335213 -0.938066363 23.8744354 38.8810806 -1.37578976 21.9067955 45.3260727 -2.32975364 24.8943329 28.986166 -0.874268889 23.333189 40.9859734 -1.10023046 22.6066113 43.40205 -1.58188522 21.5355682 11.9355822 -2.72617865 22.7519989 15.255764 -2.80628514 22.7355156 14.9207907 -3.1061902 24.4196396 24.8009777 -3.32721853 24.149744 22.5949478 -3.35136199 23.8006306 20.4684792 -3.10214067 23.2338352 17.7596169 -2.74372005 22.7800732 15.6849346 -2.65568423 24.6242275 27.1031666 -3.54790688 24.1023865 21.0865726 -3.40402389 24.544138 24.1151276 -3.45204401 23.6060677 18.461729 -3.20388222 23.4208317 18.1202145 -3.02639437 24.7560616 26.287962 -0.897371054 16.3316612 2.07190156 -0.791405261 16.8950653 2.9579432 -0.889142156 16.4087524 2.19554758 -0.808026493 16.9244652 2.93956375 -0.828838408 16.9520893 2.92278028 -0.747178257 17.4226036 3.69768882 -0.76775831 17.4508457 3.68066192 -0.709751964 17.9057541 4.46712351 -0.730109632 17.9346218 4.44986677 -0.696596742 18.3734169 5.24696827 -0.71674192 18.402916 5.22949743 -0.708561599 18.8250923 6.03632212 -0.728504837 18.8552303 6.01865625 -1.06618226 20.6074562 9.62894154 -0.9799968 20.0362511 7.98229265 -0.915408015 16.442318 2.17502403 -0.853510797 16.9774723 2.90787864 -0.79233253 17.4767513 3.66539717 -0.754594386 17.9610538 4.4342432 -0.741145551 18.4298782 5.21352053 -0.724644184 19.1586151 6.65910625 -0.947485447 16.4724426 2.15766692 -0.88171351 17.000145 2.89514399 -0.761516452 19.4812107 7.17551517 -0.984576821 16.4983768 2.14390779 -0.886184454 17.703764 3.85185885 -0.834787488 19.0055428 6.03318262 -1.00383103 17.0929852 2.90506792 -1.80023408 21.7746658 12.0243731 -0.693349898 18.7928696 6.0550046 -0.68105036 18.3419132 5.26561689 -0.693858087 17.8749619 4.48570824 -0.73092556 17.3925133 3.71618247 -0.673778594 18.6373615 5.88604116 -0.672149062 18.3156128 5.28117943 -0.684578955 17.8492718 4.50133467 -0.721258759 17.367424 3.73184347 -0.771246791 19.5378819 7.68165779 -0.669882417 18.0428104 4.88105011 -0.6901353 17.6327305 4.20914841 -0.756116867 16.9581718 3.15971637 -1.37906349 21.1046581 10.3063259 -1.09214818 16.2049656 1.69139779 -1.08402681 14.4704084 0.533159971 -1.13201356 13.0945864 0.0604047216 -1.00513721 15.4527025 1.1834209 -1.16319489 15.4698925 1.02364802 5.85326862 16.7887287 4.04528618 6.45555115 20.2218723 11.0552549 6.53667545 18.4316521 7.1244545 6.67980051 19.9099331 10.1256723 6.14866686 17.8534985 6.21250916 6.42133665 18.7791672 7.98907995 5.72025824 16.8907604 4.49138212 4.8902936 14.0296717 0.63088423 0.50274682 11.401392 41.0981293 0.233666733 11.3638897 43.5629387 -1.5965364 11.7615929 60.7423134 -0.841057122 10.2724018 53.6199226 1.68948042 11.1646233 56.349968 -0.22976093 10.1033401 58.5199432 -0.679372132 10.407814 60.1459122 2.26361752 11.2183981 61.217205 1.74734998 11.0988646 58.035881 1.66289711 11.0231476 54.3281593 1.94810116 11.1566019 52.0097809 2.3377192 11.4015522 50.4373932 2.38887167 10.9779034 48.6702919 -0.799418628 10.7512226 50.1795616 -1.36968291 10.5784578 53.9055939 -1.16770065 10.3547678 56.7668877 -0.995084405 11.2267456 49.4802284 -1.70510006 10.8552637 55.507515 -1.22319102 11.793416 49.3459816 -1.65096855 11.5910902 51.3774338 -1.63084316 11.0741282 52.552021 -2.02454519 11.4428148 56.0697708 0.410931796 10.1282997 56.3933487 -1.49926805 10.8918371 59.1048889 -1.89997613 11.6189184 58.6972389 1.23631251 10.5610886 57.7223892 0.735248625 10.2544289 55.8877335 0.99932009 10.3219404 51.7373085 0.165864542 10.1043777 53.2466583 -0.446870595 10.0890312 55.1584206 -0.0608126372 10.2471428 51.0232506 -0.57287246 10.4305038 50.9922066 -1.94974422 11.6085835 53.4976501 1.48669636 10.6417856 51.9748268 3.45672655 11.2102537 46.2609749 4.10028696 11.1241446 33.5064507 3.44200182 11.2454243 30.2780514 1.73335576 11.2892418 21.0523682 2.09446311 11.4044142 16.8223095 7.09036589 8.9470253 0.260821044 6.34905863 8.73840618 0.311855644 5.60699224 8.8331728 0.305345327 4.91083336 9.20485497 0.266188443 4.37451077 9.83463764 0.242329493 3.95131898 11.4478874 0.0266458839 3.90476966 10.642561 0.0166612938 6.81658936 8.80711937 0.2014139 7.53362656 9.12626648 0.070570752 3.53515935 11.4578037 -0.0162190385 7.31776237 8.76349163 0.00388925872 6.11755705 8.69324303 0.147319391 6.76697731 8.66417122 0.0514802225 4.79825258 9.24505997 0.128609329 4.21751785 9.73715591 0.0180638749 4.50939035 9.40348434 0.0426830649 5.52876377 8.76015949 0.0720581934 4.09867764 10.5238791 0.168262646 11.2483768 12.4125328 2.95447874 10.7653294 12.0514174 1.88949168 8.19957638 9.9197073 0.158513367 9.63089275 11.2391148 0.774131298 10.108304 11.6623554 1.32226217 8.7627306 10.5521803 0.418805361 10.8921375 11.9349203 1.75230777 10.3829117 11.6515007 1.21854782 9.74237633 11.1306181 0.633549511 9.10820961 10.5887117 0.277553856 8.40975475 9.91251087 0.0356037952 15.0442696 19.17066 23.471405 14.5142832 18.6818924 19.0191803 14.3234358 17.9528713 16.2258377 14.2677698 16.5692425 12.7365732 14.4628382 17.1256313 13.94769 14.2026224 17.1410332 14.1200743 14.7214298 18.9935875 21.1821518 15.5496922 19.0407276 26.4485703 16.0125732 18.9836617 27.1650696 15.5363722 19.1908474 24.9674034 14.5543756 18.0094204 16.3195648 16.0220985 18.9299259 27.666008 14.901062 19.0011482 20.796957 15.16539 19.1769962 22.7210369 14.6975365 18.6705761 18.8123608 15.9128246 16.5451813 41.0590591 16.602663 17.1946926 36.9259453 16.7101517 17.5988979 34.5113983 16.0236092 18.7593708 28.4347782 13.7371416 15.6684103 47.6741333 13.9314089 15.7688313 46.6665535 14.9780798 15.9914856 45.057991 16.9512482 17.3770504 36.055294 16.0343876 16.4833946 41.7855072 16.9227295 17.8919582 33.1019402 14.9504166 16.094923 44.2408981 16.5839958 18.158432 31.540514 16.336216 16.8336391 39.4047241 7.64686632 10.8254108 59.1860466 7.33784485 10.3366156 59.8651695 7.66751194 10.8376331 59.2049332 7.37212992 10.3517199 59.8934708 7.69591188 10.8496361 59.2274132 7.72674036 10.8578663 59.2483292 8.02076817 11.3276186 58.5471725 8.05182552 11.3364859 58.5682564 8.35052681 11.7858591 57.8555641 8.38182449 11.7953672 57.8768082 8.68563652 12.2236481 57.1529999 8.71718597 12.233798 57.1743927 9.02647591 12.6402111 56.4399643 9.05828571 12.6510077 56.4614944 9.37328243 13.0346832 55.7170753 9.40536404 13.0461264 55.7387238 12.5349865 15.3794289 49.4087563 8.89360523 11.7361517 57.8203926 7.95417738 10.8126011 59.3255882 7.62370157 10.319066 59.99086 7.92043257 10.8300114 59.3218994 7.58146667 10.3388681 59.9855118 7.88555717 10.8439436 59.315136 7.53793716 10.3532534 59.9753761 7.85012627 10.8541918 59.3054237 7.4941802 10.3618689 59.9606895 7.82175779 10.859601 59.2956161 7.79369688 10.8624125 59.2840691 8.11935711 11.3418674 58.6045609 8.08485889 11.3412905 58.5875053 8.41514015 11.8006649 57.8963013 7.41024828 10.3610926 59.9192314 7.7595005 10.862175 59.2673302 7.45126677 10.3645039 59.9418221 9.69668865 13.3895235 54.962307 9.34391022 13.0188007 55.6943932 8.99732208 12.6251144 56.4172821 8.65668869 12.2093334 57.1303368 8.32177258 11.7723217 57.8329391 7.99219704 11.3148508 58.5246124 10.034441 13.7192202 54.2032967 9.67538738 13.3730469 54.9438057 9.32274532 13.0030441 55.675766 8.97628117 12.6100769 56.3985558 8.63576031 12.1950092 57.1115379 8.30094814 11.7587051 57.8140945 7.97146654 11.3019352 58.5057373 10.0154991 13.6993046 54.1849556 9.65654182 13.3539219 54.9252052 9.30398178 12.9847088 55.6569405 8.78198242 12.3862143 56.7440643 6.72500467 9.71858978 59.8357162 8.24716568 11.3093452 58.643959 8.21202183 11.3235121 58.6367111 8.54342079 11.7832928 57.9469566 9.28007412 12.6457033 56.5228043 8.17628956 11.3338442 58.6265488 8.50739002 11.7937288 57.9363213 8.84387016 12.2331371 57.2351494 9.6740551 13.1288748 55.6542549 8.14766979 11.3392076 58.6164093 8.47851658 11.799058 57.9258347 8.81474304 12.2384434 57.2243118 9.15672302 12.6565943 56.5123024 9.50469494 13.0526409 55.790432 10.0232563 13.6118202 54.6767387 10.9554911 14.3524446 53.0020676 11.2082481 14.6766281 51.9794579 12.3514128 15.1876822 50.3154526 8.44994736 11.8015757 57.913681 8.7507925 12.2395897 57.1941338 8.78591537 12.2408276 57.2118416 9.12763596 12.6588516 56.4995117 9.47534657 13.0547791 55.7773056 9.82928467 13.4277372 55.0458488 10.3351564 13.9866905 53.752655 9.09219265 12.6572914 56.481472 9.43957806 13.0529013 55.758934 9.75796032 13.4197531 55.0077362 7.23185158 9.91974926 60.5453224 3.34996533 10.964201 61.1068306 6.06955338 8.84697437 61.965168 3.33195543 11.5213118 60.5588379 3.51260567 10.451354 61.6210136 4.03784037 9.52928734 62.2797279 3.13309693 11.5160303 60.9764748 3.56945539 10.0369072 62.0891762 6.83980608 9.22485447 61.3248482 5.25118303 8.93550396 62.1482544 4.56875944 9.21256447 62.1889648 3.27911115 11.2514505 61.0482025 3.88522911 9.80879307 61.9860382 4.85585833 9.01497269 62.338028 5.65290499 8.88992882 62.0453148 3.19193292 12.5041304 59.9912796 6.25600529 19.0845795 49.1189461 6.24849987 18.9607353 49.0903969 6.25233889 18.9890194 49.1026917 5.94578028 18.6573849 49.8454704 5.94976568 18.6856499 49.858696 5.66124678 18.3294029 50.5975304 5.66542244 18.3576221 50.6116753 5.39465427 17.9778233 51.3455086 5.39906216 18.0059738 51.3605576 5.14558983 17.6035156 52.0885773 5.15027046 17.6315746 52.1045113 4.91355515 17.2072449 52.8260269 4.9185462 17.2351875 52.8428307 4.69805145 16.7897758 53.5571632 4.70338869 16.8175793 53.5748138 4.4985795 16.3518715 54.2812767 4.50429726 16.3795109 54.2997589 4.314641 15.8942957 54.9976616 4.32077122 15.9217482 55.0169563 4.14573669 15.4178143 55.7056236 4.15230989 15.445056 55.7257042 3.99136782 14.9231911 56.4044571 3.92333603 14.686698 56.7561493 3.85849786 14.4378357 57.1151619 3.65954018 13.5798607 58.1853371 3.59854054 13.3021173 58.5993652 3.34346986 12.2901278 60.1068611 6.1401906 19.2951965 49.1106987 6.06406164 19.0080013 49.5305481 5.03125048 17.5316238 52.5052872 4.91999149 17.263916 52.8589935 6.25313854 19.0179672 49.1139908 5.95060968 18.7146015 49.8709908 5.66635466 18.3865547 50.6249542 5.64807653 18.4430904 50.6661606 3.89814925 15.285821 56.493454 4.98913813 17.9354038 52.1894341 5.57554626 18.6858406 50.5757523 4.53516674 16.9867477 53.8613892 5.58736849 18.5815239 50.6832809 5.3194294 18.2295399 51.4406586 5.06936932 17.8546238 52.1930618 4.86829996 17.4917488 52.8602142 5.7315383 18.7108669 50.3372955 5.33969498 18.2050056 51.4358292 5.09009886 17.8302021 52.1871986 4.85784054 17.4332504 52.9328842 4.60257864 16.6985817 53.9704437 5.58653498 18.4279823 50.8202171 4.9787035 17.5945988 52.5836639 4.77091789 17.1697388 53.3090401 4.5062747 16.4079838 54.3177681 3.96326971 14.9548855 56.6276321 4.33343935 16.0409908 55.0180855 4.07396078 15.2276411 56.100811 8.97906494 21.8053265 39.010807 6.88962317 19.5794506 47.6343575 6.88061523 19.8714848 47.4003601 7.91258192 20.4508648 44.6596107 8.52253246 21.0867195 42.1958961 9.09033108 22.4057026 35.6022377 8.43509293 23.2431412 30.2679462 8.72255516 21.695118 40.566143 8.32783794 21.1780586 42.7629128 8.3157835 23.4610462 30.1494713 8.86450958 23.0017185 33.7132607 8.9080658 22.083149 38.7964401 8.84495926 22.9745445 32.7148361 7.4315238 20.0619621 46.2074776 9.00237465 22.5914688 36.1512299 9.08782482 22.387661 36.4390335 7.83526516 20.6626625 44.7066879 7.26067686 20.4695435 12.2714539 7.62939787 23.725996 27.8936005 6.98760414 23.7345543 24.7976017 6.69080591 23.6834316 23.2593536 6.51517916 22.3721218 16.5950661 6.82687712 21.4223957 13.9327374 6.54658747 22.9301682 19.3168068 6.68728685 21.9747925 15.6846809 6.92491436 21.3451881 14.3167562 6.68345833 22.0190277 16.3656445 6.97556829 23.4797592 24.1540699 6.66252136 23.2606449 21.5073624 6.57185364 22.594902 18.5845776 7.45619106 23.5871773 26.6262512 6.43239355 23.1657238 19.71838 7.35256529 18.628397 8.51347542 7.38897896 19.7013512 10.6080074 7.18214417 20.4166431 11.6643734 7.30405569 19.3840275 9.51360416 6.98073959 17.3178635 5.83361483 6.31728792 16.0027313 3.4160111 6.73000622 17.1530018 5.12589788 7.18775749 18.4731312 7.67773056 4.47483778 12.6241226 0.204892591 5.73954487 15.4445848 2.08545542 5.66017771 14.9672995 1.74592543 4.05981064 11.3171091 0.155150741 4.20379591 12.2726336 0.0353150778 4.51703835 13.1858196 0.237225041 5.01240969 13.8573656 0.675517678 5.3821435 14.810586 1.29924798 13.4286108 14.4173498 7.99685717 14.0501518 15.6069937 10.6906233 12.492177 13.3683033 5.38236952 14.2978868 15.6096535 10.6698809 13.765729 14.6090574 8.31187153 12.6553745 13.2819433 5.08172321 11.3854036 11.5987749 1.89962125 10.159462 10.7415018 0.630896151 5.1590786 10.107832 36.9367256 5.16631222 10.0875168 39.6401596 4.30353308 11.171586 47.2239571 3.44442987 9.84100914 59.7677612 3.39482856 9.64025497 53.6256332 6.07032871 9.42610264 56.3572197 5.39166641 9.06472206 56.852047 4.11698437 9.14118004 58.7996674 3.71901155 9.42788982 59.2299271 6.16742706 8.9827013 61.7036819 6.73441315 9.32822514 61.1867218 6.09735918 9.34253407 58.0441322 5.98777199 9.3076086 54.3335648 4.89393044 8.97551537 53.7869072 4.74952364 9.00278282 50.6522751 6.30247498 9.31362724 52.0133972 6.71354103 9.41171169 50.7626114 3.62767601 10.0606909 50.1816101 3.03644776 10.1347685 53.9119186 3.13087606 9.84816456 56.7771759 3.64258146 10.5747309 49.4810715 2.84298301 10.5241098 55.5155678 3.68100095 11.1952515 49.2895241 3.16847301 11.1705866 51.4960938 2.9992907 10.6940784 52.55653 2.79027247 11.1906939 56.0763664 6.10570145 9.18604183 59.6406326 5.20863676 8.96227074 58.9807243 3.04723167 10.4735422 59.1128197 2.99051428 11.2996988 58.8144035 4.23342609 9.03961182 56.4015541 3.68064451 9.31237411 55.1658249 4.08492994 9.30618572 51.0373192 3.7040143 9.67567444 50.9949226 2.92812109 11.4045734 53.7524681 5.67144489 9.03091621 51.9780807 7.77476835 8.74826336 46.0917015 8.47273636 8.16107178 39.7401009 8.25599575 8.40839577 33.5070419 7.72002935 8.80655861 30.2804146 7.00491381 9.45824432 26.7682476 6.2485075 9.41771889 18.0828342 7.16066504 9.23409271 13.7644157 22.4853954 -8.5873394 20.5335388 17.1815453 -17.1237755 21.3711967 8.21313572 -8.43930244 13.5448198 8.71647453 -22.7152672 21.3556385 -11.1120539 -21.8374329 21.3654556 -10.1427116 -8.3455534 59.9912796 -10.2305737 -8.23973179 59.9912796 -18.9877377 -15.375906 20.5424213 -11.8626633 -2.39376855 2.44576383 -11.8251028 2.55198574 2.44593167 -13.5295544 20.2717495 20.5405006 -3.93681622 23.3194218 17.5858021 -1.60730362 11.5823164 11.9343443 2.92573714 12.5734768 59.9912796 3.05901885 12.5395098 59.9912796 3.44708633 11.1776123 2.18927264 10.8855295 11.2125092 1.24920237 10.0843878 10.4138441 0.610410035 8.90480804 9.44688606 0.0568283945 9.47507763 10.1222792 0.237127811 12.1613998 12.1290874 3.23192549 14.8994122 15.8347216 12.0950584 14.112462 13.9910364 7.88530493 14.5806866 14.8326797 9.83959293 13.3834543 13.0545931 5.73596764 11.5163412 11.4700727 2.09472036 14.6751137 14.6983776 10.1254377 12.8384209 12.4140244 4.52135372 13.7392378 13.2417746 6.77708769 14.2434587 13.9076757 8.32747269 14.9067488 15.420517 11.8203535 15.0080996 16.8495102 14.9253368 16.1944504 18.7092361 25.7258167 16.9023266 18.2317486 29.1096897 15.2338705 18.2401066 18.853569 15.3637724 18.2492466 20.2736969 15.0725555 17.5179596 17.0914745 15.7152948 18.4855957 23.0274544 16.4117203 18.3294907 26.8680305 15.9638662 18.5511494 24.3988152 15.5864716 18.733778 22.0634346 16.951889 16.1245575 39.5663376 16.9635696 16.1618919 39.5741959 16.7404175 15.9699459 40.6056976 16.7517853 16.007143 40.6137581 16.491663 15.8201494 41.6375084 16.5026913 15.8572178 41.6457672 16.2062302 15.6748819 42.6604576 16.2168903 15.7118301 42.6688995 15.8847246 15.5338612 43.6732254 15.894989 15.5706978 43.681839 15.5277519 15.3968019 44.6744881 15.5375938 15.4335346 44.6832657 15.1359177 15.2634201 45.6629333 15.1453114 15.3000584 45.6718597 14.7098732 15.1333017 46.6372871 14.7187939 15.1698542 46.6463547 14.2504635 15.0054626 47.5965157 14.2588854 15.0419369 47.6057167 14.2630119 15.0795422 47.6129189 13.9046011 14.9478073 48.2959251 14.2626867 15.1176739 47.6179581 14.1795712 15.1354971 47.7803192 14.5231695 15.2482386 47.0790482 15.0063286 15.5204744 45.9248962 15.4066 15.6959829 44.8734627 16.3080082 16.021492 42.220829 16.7007675 16.2548046 40.639225 16.5334015 16.7734451 39.6938896 16.9125767 16.4103222 39.6026535 17.059103 16.4661026 38.9586296 13.7389507 15.1446228 48.5510139 14.2379045 14.9707222 47.5854759 13.834549 14.8555632 48.3506279 14.2249012 14.9444351 47.575367 14.1115055 14.8939695 47.7587738 14.3987169 14.9715233 47.1781082 13.4685259 14.7324934 49.0093575 14.6831951 15.0722332 46.6167297 14.7947721 15.0777369 46.3077126 15.1081753 15.2022915 45.6429939 15.2902317 15.2278318 45.1008987 15.6289101 15.3663301 44.2670174 15.85501 15.4725475 43.6546173 16.0573425 15.5427799 42.9636993 16.1756096 15.6134424 42.6425667 16.3159084 15.6564693 42.0342674 16.4601955 15.7585611 41.6203651 16.7040844 15.8869228 40.5074463 17.1993237 16.3421097 37.9108124 17.4045296 16.7177467 35.672081 17.3749256 17.2879353 32.4374275 17.0163403 17.8823452 29.5219841 16.9339104 16.3766308 39.6014633 16.7218819 16.2211647 40.6389236 16.4724751 16.0704918 41.6688652 16.1862907 15.9243364 42.6899681 15.8639307 15.7824135 43.7009125 16.9507675 16.3405361 39.5990753 16.7385921 16.1851559 40.637291 16.4890385 16.034586 41.6679688 16.2027092 15.8885441 42.6897888 15.8802061 15.7467489 43.7014313 15.5221338 15.6089191 44.7015877 16.9628792 16.3026981 39.5955467 16.7506351 16.1474323 40.6343651 16.5010185 15.9969864 41.6656303 16.214632 15.851079 42.6880264 15.8920803 15.7094269 43.7002335 15.5339689 15.5717478 44.7009354 15.1409016 15.4377584 45.6888123 16.9689941 16.271431 39.5919075 16.7567577 16.116272 40.6310921 16.5071526 15.9659386 41.6627197 16.220789 15.8201475 42.6854668 15.8982677 15.6786156 43.6980209 15.5401983 15.5410604 44.6990585 15.1471844 15.4071989 45.6872673 14.7198792 15.2766171 46.661377 16.9363365 16.0754604 39.4659157 16.7243519 15.9346952 40.5968781 16.4760075 15.7850056 41.6283264 16.1910172 15.6398344 42.6509285 15.8699865 15.4988966 43.6633606 15.5135164 15.3619099 44.6643066 15.1222134 15.2285891 45.6524506 14.6967278 15.0985212 46.6265221 17.367878 17.5758801 32.2658653 16.9717216 16.2398071 39.5875893 16.7595444 16.0847626 40.6270294 16.5100136 15.9345465 41.658905 16.223732 15.7888756 42.6819 15.90131 15.6474648 43.6946983 15.5433502 15.5100327 44.6959763 15.1504602 15.3762941 45.6844177 14.7232924 15.2458353 46.6587563 17.4543152 17.066309 34.9772949 17.3042717 16.6940804 37.309433 17.0896969 16.2682838 38.8729439 16.9702568 16.2005291 39.5813255 16.7582359 16.0456333 40.6209183 16.5088787 15.895565 41.6529503 16.2227917 15.750041 42.6760979 15.9005823 15.6087751 43.6890488 15.5428553 15.4714861 44.6904793 15.150218 15.3378887 45.6790733 14.7233229 15.2075682 46.6535645 12.0162821 14.017189 51.752388 11.5455351 13.7040033 52.72929 11.2916842 13.4946585 53.1776314 11.0385942 13.2926741 53.7431602 10.7457476 13.0220385 54.281662 10.6458931 12.9352903 54.5354233 10.3918352 12.6789865 54.9977951 10.2608452 12.5491848 55.3178711 10.0440435 12.312603 55.705452 9.88300323 12.1354027 56.0898323 9.70204163 11.9236689 56.4041023 9.5119276 11.6949701 56.8506203 9.14717579 11.2289133 57.5995407 9.19370937 11.2960968 57.4470444 8.78830719 10.7382584 58.3358994 12.2707024 14.2365561 51.4050446 10.3426285 12.8560963 55.3326416 8.96641064 11.321167 58.1187057 8.06736946 9.97285652 59.9913635 10.9724417 13.5527744 53.9745178 13.1568775 14.6975718 49.7099838 11.5714369 13.7672749 52.7706947 11.3813944 13.590476 53.0995331 12.1254692 14.3836517 51.7006378 10.6253233 13.0012627 54.7252769 11.051815 13.3180418 53.7604523 10.6593418 12.9603806 54.5537148 10.2745476 12.5739555 55.3371353 9.89698315 12.159812 56.1100464 9.52620411 11.7189751 56.8717613 8.73319054 10.6904898 58.6322594 7.6675992 9.07406616 60.7945023 7.57493114 9.09675026 60.9763641 7.36949635 8.35813904 61.5991516 7.47564363 7.24135303 62.1800995 8.51494408 5.87037659 62.1438026 8.94197941 5.68337107 61.8894501 9.90442467 5.56789398 61.3736076 7.96931791 6.26360416 62.3779793 8.9958353 5.56552792 62.0313797 9.53454494 5.61857939 61.4542809 8.05904293 6.27606821 62.2308769 7.43425274 7.86896038 61.6606483 7.66256428 6.91074753 62.1128082 11.0767107 6.47914839 59.6958542 11.0463877 6.33168268 59.9606895 10.833086 6.09667826 60.3533554 11.187149 6.20165205 59.9911995 11.4830875 6.74956083 59.0885353 11.5139961 6.74908543 59.1110344 11.5455904 6.74415112 59.1319809 12.0888481 7.10010672 58.3100624 12.1209946 7.09574699 58.3312035 12.6587858 7.42319059 57.4937439 12.6914997 7.41940117 57.5150681 13.2237988 7.71694851 56.6628952 13.2570953 7.71372557 56.6843872 13.7838755 7.97999334 55.8183479 13.81777 7.97733212 55.8399811 14.3390055 8.21093655 54.9609184 14.3735113 8.20883179 54.9826736 14.8891783 8.40839005 54.0914268 14.9243088 8.40683651 54.1132774 15.4342661 8.5708828 53.2107773 15.4700365 8.56987095 53.2326927 17.5966015 8.87456608 49.580574 18.0725651 8.81950474 48.9331741 18.1511173 8.71539593 49.1322556 14.8977184 8.24199104 54.5463028 13.1200085 7.26884842 57.3969879 11.5773506 6.73482227 59.1510277 12.153286 7.0868187 58.350544 12.7243338 7.41086578 57.5346909 13.2904816 7.70557547 56.7042923 13.851717 7.96955967 55.8601608 14.4080296 8.20143127 55.0031166 14.9594059 8.3998003 54.133976 15.5057192 8.56319237 53.253624 11.6087618 6.7211628 59.16782 12.1851826 7.07337761 58.3677101 12.7567225 7.39763069 57.5522423 13.3233662 7.69253492 56.722229 13.8851013 7.95670414 55.8784904 14.4419136 8.18875217 55.0218391 14.9937916 8.38728905 54.1530914 15.5406055 8.55084324 53.2731361 11.633297 6.70719194 59.1794167 12.2100592 7.05944681 58.3796577 12.7819405 7.38372612 57.5645561 13.3489237 7.67864513 56.7349167 13.9109955 7.94281864 55.8915634 14.4681406 8.17486191 55.0353127 15.0203447 8.37338924 54.1669769 15.5674782 8.53692722 53.2874451 11.6570492 6.69070864 59.1892776 12.0146255 6.8261261 58.799469 16.4873066 8.79841995 51.5046158 15.3991146 8.56623268 53.1883163 14.8546886 8.40445709 54.0688477 14.3051586 8.20772839 54.9382629 13.7506523 7.9775157 55.7956619 13.1911812 7.71520662 56.640213 12.6267567 7.42218733 57.471096 12.0573883 7.0998435 58.2874756 15.3719168 8.55843925 53.1702499 14.8280144 8.39735413 54.0505486 14.2789907 8.20132446 54.9197731 13.7249737 7.97181559 55.7770233 13.1659746 7.71021414 56.6214676 12.602006 7.41790295 57.4522743 12.0330772 7.09626627 58.2686157 15.4240265 8.57310677 53.0524254 14.1733074 8.16419125 54.8878975 13.2906275 7.77427483 56.3796082 12.8113194 7.53432941 57.0922318 12.3283873 7.2726264 57.7946053 9.66946697 5.84790564 60.1007347 13.7196341 7.7513876 56.3379669 13.4025717 7.63730621 56.7574921 13.965147 7.90106773 55.9152069 14.5227652 8.13267803 55.0600777 15.7983704 8.63191414 52.911602 12.2341032 7.04289007 58.3899155 12.8062687 7.36707926 57.5752182 13.3735313 7.66189432 56.7460098 13.935873 7.92595291 55.9031029 14.4932795 8.1578722 55.0473137 16.7650814 8.69249344 51.4921188 19.4043427 8.61065388 46.0757751 20.8936386 8.52315521 42.3237953 22.0319176 8.76082993 37.9856644 22.4447727 9.13251114 35.0175667 18.9658718 8.67002964 47.3531151 21.7179165 8.56481171 40.2022324 20.6596947 8.48704243 43.5733643 19.9700203 8.46216393 45.5260887 21.1602764 8.36160564 42.4647331 22.518507 8.82619095 36.3983192 22.7525444 9.5085001 32.3373222 22.5266399 9.4356966 33.1559753 22.444788 9.94931126 30.6825371 22.6743507 10.0513868 29.6989384 22.1037579 10.5815134 28.1435757 21.9764252 10.9505024 26.6055393 21.1815186 11.2893858 21.2827377 21.0867462 11.1699343 19.9439297 20.9162216 11.1167336 19.4868259 20.9560204 11.1162081 19.4803352 20.7597771 10.9749527 18.534544 20.7993908 10.9741879 18.5280018 20.6008129 10.7954035 17.5890503 20.6402435 10.7943726 17.582468 20.4391632 10.5787287 16.6517925 20.4784069 10.577405 16.6451817 20.2746582 10.3255682 15.7242165 20.3137169 10.3239269 15.7175856 20.107132 10.0365648 14.8077679 20.1460056 10.0345793 14.8011274 19.9364166 9.71236038 13.9038935 19.9751053 9.71000576 13.8972521 19.7579174 9.35383511 13.0148315 19.9579201 9.5101099 13.424181 22.294487 10.795577 26.8995419 22.2711639 10.6207485 28.1421947 19.8980598 9.70999336 13.9122696 19.8162956 9.61852264 13.7027388 19.8679829 9.70466709 13.9201622 19.9331493 9.878438 14.4249878 20.0384026 10.0279551 14.8235998 20.0686016 10.0337276 14.8159723 20.2359543 10.3222904 15.7322321 20.0535278 10.1165161 15.1396475 20.2056293 10.3160982 15.7395792 20.3108387 10.534688 16.5761719 20.3698292 10.5684576 16.6666527 20.5311661 10.7843943 17.6033764 20.6380882 10.9447927 18.5079765 20.6898117 10.9632692 18.5483017 21.6845627 11.2211695 24.6189575 22.0381985 10.698946 27.6578941 21.823925 11.1822586 23.5685577 21.3948765 11.2331638 21.1405602 22.0769653 11.0209036 25.98629 21.0436554 10.9518414 18.8282948 20.8973103 11.140111 19.7468395 20.8767948 11.1120129 19.493927 20.7205372 10.9705429 18.5418968 20.5617542 10.791338 17.5966396 20.4002819 10.5750408 16.6596031 20.9423275 11.019743 18.8893528 20.7822113 10.6619902 17.2709351 20.3511429 10.0345774 14.9586935 20.1220684 9.86209679 14.3240108 21.6075191 11.3104668 23.5504627 20.9954662 11.1104231 19.474577 20.8386612 10.9682407 18.5223942 20.6793327 10.7882433 17.5770187 20.5173168 10.5710745 16.6398926 20.2697906 10.1813478 15.2512951 20.0784531 9.36037922 13.2931709 19.525404 8.96894073 12.0779877 18.0682678 7.59536219 7.93188906 18.1697769 7.46239471 7.55046034 15.0638542 6.49269629 2.15040064 16.2805748 6.87205744 4.45802307 19.0489216 8.36441326 10.4366255 19.1617413 8.17193699 10.0304518 16.9586735 6.94357252 5.16070509 13.8460627 6.37640095 1.0783633 14.6582928 6.5097537 1.75481105 14.3458691 6.53453016 1.69839919 11.8355865 5.79301167 0.215852305 12.9741516 6.20921278 0.697841406 14.401371 6.34281206 1.36325419 13.3499622 6.09712934 0.591163933 9.97193909 5.200912 0.298733532 9.5395689 5.26279783 0.231345236 8.17226124 8.34246159 0.174448386 7.94797897 8.03625107 0.0529481061 8.38957977 5.73846388 0.015441373 10.5352821 5.27813005 0.275356948 8.36742496 8.71381378 0.12290515 10.2242622 5.05787182 0.0233843941 10.5210247 5.18414927 0.0905778334 9.27612686 5.25991154 0.0975340605 9.07966805 5.21087694 0.0135342898 9.00991726 5.47806883 0.253991961 8.47306442 5.94228411 0.196775243 8.0290308 6.81969309 0.178431228 9.06076527 4.30570507 62.457016 6.04859066 3.15573287 64.2989655 4.59928608 1.53713894 65.0199051 3.04291272 -0.119086258 65.4590073 1.43154275 -1.77428722 65.5972519 7.44492054 3.90840626 63.5130463 -0.548783481 -3.34364009 65.4493713 -1.79987442 -5.33800268 64.8563232 -6.09056425 -8.99709511 62.0392838 -3.53578877 -6.61868858 64.1327438 2.7158854 7.51327801 63.8103943 -2.39457512 7.12614346 64.0859985 -5.32577133 7.20202923 63.386982 -6.80224514 8.28065777 62.1635513 5.12726974 7.41074228 63.1917839 0.990990281 9.1045866 63.1649857 -0.904083192 8.76205826 63.4073982 -4.40201902 8.73501015 62.8558922 -2.29068661 10.943224 61.7474174 -9.8097887 5.6664238 61.7235794 -7.98687029 4.91910601 63.1657829 -1.36662507 3.18337798 65.4491272 0.606842697 3.98995423 65.2744141 -10.1061621 3.2104671 62.3215523 -10.6675081 0.486447543 62.2778435 -8.00269794 -0.119172156 63.9464645 -6.50814915 0.709789217 64.5700226 -4.18822432 0.709762335 65.2844086 -2.19560385 0.709142745 65.6216431 -0.179154575 0.709701359 65.7424393 1.47044337 1.77016735 65.5978622 -9.19075584 -1.69272184 63.1999359 -3.1262815 -1.68445683 65.4511108 -0.706079304 -0.832415164 65.7382584 -8.53504086 -3.85616183 63.1696587 -6.77768278 -3.41781259 64.1437149 -3.81128955 -4.11861181 64.8899307 -7.49858904 -6.21539021 62.9150352 -5.77746391 -6.01955366 63.7357521 -4.87186766 -8.18429756 63.0186043 -0.731115282 -7.49190903 64.0932693 6.70900917 0.141342744 64.3544846 -0.758026421 -10.0878363 62.5492172 0.965590954 -9.39761066 62.9836311 3.5534327 -8.91121769 62.8698616 6.23627329 -5.1156764 63.7169647 5.7519803 -6.94777966 63.1989517 7.98091888 -2.61080194 63.5154991 5.13368177 -1.18208194 64.8902512 9.02116299 -0.865844369 63.103054 8.59616756 1.53869605 63.3187752 3.90323186 -2.47193933 65.0877533 7.13402224 5.96325827 62.9798889 5.00034332 4.98703194 64.2149429 2.86903405 5.58330107 64.5511627 0.21070537 6.37078094 64.5723267 6.13466549 -3.1649425 64.2656631 2.72580957 -3.64669299 65.1304398 -2.09672403 5.58957148 64.7398605 -5.09919834 5.58955526 64.1114883 4.16329908 -5.14442348 64.4150314 3.01910424 3.40778446 65.1270523 1.34474468 -5.38965702 64.8528595 -3.73529315 3.18323803 65.1239166 -6.03610325 3.18331933 64.474205 -8.18495941 2.24961996 63.6802368 1.9848392 -7.38034344 64.0033875 -1.86698842 -8.92163181 63.2361145 -5.34895134 -1.77641284 64.918335 16.7640839 18.2938881 30.8105907 14.9950161 17.2624722 15.3341341 11.0897331 3.93400192 37.2734947 10.7802391 5.49470997 28.2865028 10.7258377 5.57718039 27.9445076 9.45632648 5.99274588 23.0475368 10.6948786 4.29432678 6.41635561 8.71404743 4.94882536 3.91762066 8.43716812 7.31399584 5.98878098 9.7754097 4.55563021 3.01353025 8.14373589 5.88361597 5.94942427 8.44527817 7.84011459 2.68506908 8.26995564 7.62504148 2.4962132 10.4747448 4.41372061 3.94040561 8.17097092 6.8109107 5.20247459 9.11821651 4.61293221 4.15063667 9.82287598 4.29496765 5.06376028 8.8348875 4.67366266 6.78152323 9.55482483 4.28884745 6.77361155 10.2672911 4.23095369 7.07247686 8.13414001 6.61177301 7.80492544 8.55542946 4.96717501 7.67145014 10.6319351 4.44958019 9.32311916 8.29757309 5.39477539 7.7213645 8.91782379 4.75205278 9.14688587 10.2073736 4.37410927 9.22601891 8.38039589 7.41270494 9.06633186 9.52525616 4.4953537 9.71484756 10.4302168 4.89448595 11.8851471 8.09904575 7.25388288 11.1679649 8.18069077 5.92420387 10.6634111 8.50512695 5.40809155 10.9353085 8.98768234 5.06398773 11.4179316 9.66661739 4.76493979 11.3472004 10.6822519 4.90294409 1.75283277 10.0925913 4.85654163 1.51394188 7.96191311 7.58010387 0.171203241 8.09538937 7.04347324 2.62911344 8.20099449 6.36521006 0.239725277 8.2539959 5.54742813 4.17041111 9.2471714 5.07408571 1.27566755 8.57642365 5.41608667 1.88702023 11.7101383 -0.0293626264 2.06801748 11.558651 -0.481574208 5.29556704 10.6682062 3.1637733 5.98894835 10.6467094 0.0591640174 3.619488 11.1058607 -0.235279098 4.0071435 10.895998 3.64334249 2.70468569 9.82635784 2.01276517 5.55012608 10.2204151 2.81248856 5.20247412 9.82841682 1.33453727 3.66465855 10.1469631 0.481744468 4.11815166 10.939311 -0.361307412 6.48028898 9.95756626 0.589976668 6.78183603 10.458725 -0.0544072092 6.77391386 11.5773001 -0.470908016 7.93887568 10.656476 3.27707028 9.06657982 10.2601032 2.8212955 7.78981781 9.76037598 1.34350061 7.80636835 10.0621443 0.569151282 8.94019413 11.3106995 -0.278387457 9.60531521 10.5406733 0.13675195 9.73770523 10.9915485 4.01518488 12.0693884 10.2313347 3.0101161 10.4456596 9.93865204 2.33850956 8.35994339 9.86859512 1.99848044 10.6635456 11.6267948 0.116319202 11.8312368 9.95504761 1.39501953 10.9353218 11.0478477 0.292845845 11.7688322 10.2558899 0.884398818 11.4177809 10.7934418 0.739209175 12.6551075 11.5701418 0.73718816 13.8868799 10.2459307 3.05567193 2.62916827 9.8373785 1.88788271 3.26700163 10.4968338 0.788993061 1.27349973 10.0422583 1.20240605 2.18904352 10.5233545 3.4539814 2.17868686 11.1485243 0.144186348 1.9489702 -6.70635843 -9.06673145 47.5763359 -7.15894842 -8.18760872 43.9364777 -7.3539753 -7.93673754 40.509304 -7.40251637 -7.61173296 36.4622154 -7.10704708 -8.29184246 32.1866302 -6.68905306 -8.95791912 28.940733 -7.3021245 -7.79556227 28.4946232 -7.47372866 -7.24165535 42.4180794 -7.76521015 -6.85261106 43.4687996 -8.04530811 -6.83751869 45.309269 -9.7493906 -6.24760103 33.7261124 -9.29887676 -6.80582094 30.3803062 -8.41940308 -7.3507328 28.114172 -9.22963715 -6.07987595 34.537075 -8.69106865 -6.60825348 31.2249584 -8.02346706 -6.91145515 30.9394493 -10.1756086 -6.44640875 43.1141663 -7.17553473 -9.07358932 44.3487206 -7.4184351 -8.38734055 36.5293999 -7.54624844 -8.69623661 37.5294037 -7.44927216 -8.76477528 41.542511 -7.33447599 -8.97856617 33.4269295 -9.39501572 -6.50496912 44.8990974 -8.98937225 -6.20660734 42.9585686 -8.24058247 -6.27184963 39.4824066 -8.47589588 -6.80439663 46.1556549 -9.57496452 -6.0796814 41.8314018 -10.0125742 -5.99734163 37.8383102 -8.93784142 -5.94212198 38.8474083 -8.00369835 -6.57438517 34.3528023 -8.34249115 -6.34856701 42.2755356 -9.5510149 -5.91102219 38.3422241 -8.4315567 -6.25751925 34.9212723 -10.2410507 -6.48240185 33.5077591 -7.72545242 -6.81797934 35.306179 -6.89395809 -9.35200787 30.0957451 -6.88855076 -9.82559872 47.14077 -6.8437686 -8.41078186 47.9554558 -8.8004303 -7.37085724 48.6672096 -8.28116226 -7.37749243 48.581398 -7.71057177 -7.53335667 48.3422394 -9.79858112 -6.978652 30.2912521 -7.82826662 -7.48265696 28.3168411 -6.26679039 -8.49306679 26.3743229 -6.87903214 -9.85408211 29.4474068 -6.93038034 -8.28942299 28.8079281 -8.57205296 -7.74715805 16.6826897 -6.2650795 -8.45100975 15.4287329 -6.097651 -10.0639257 15.0464315 -6.93826675 -8.13170147 13.3140736 -5.59148073 -10.4257793 18.917675 -5.52202415 -10.4489012 20.8197193 -5.62375689 -10.4882107 22.8143272 -6.25677443 -10.3764677 26.7326241 -5.72174072 -10.175065 17.0282459 -5.80332565 -10.2555656 24.8747559 -5.91397381 -9.66092777 26.1390285 -6.01872396 -9.26730347 26.4658585 -6.18553162 -8.09491253 21.7012711 -6.74838877 -7.85279989 16.4340343 -6.91597843 -7.78802586 25.8019943 -7.15417385 -7.72714758 23.0520134 -7.58384705 -7.62063789 17.0298615 -8.73228741 -7.49878788 27.1952515 -7.69938231 -7.70815849 22.6798534 -7.86279011 -7.75089169 19.5733528 -8.43233967 -7.9019618 23.2509575 -8.35604477 -7.93862247 19.7709045 -5.38420153 -9.64068508 21.2953377 -5.48680449 -9.70722866 23.230423 -5.8579483 -9.38412762 15.8104639 -5.43448639 -9.59190845 19.0957966 -5.60108566 -9.00970459 23.2246113 -5.66797543 -8.65731144 20.948616 -5.80530453 -8.65367699 17.9284821 -5.93337774 -8.52854156 24.035675 -8.73712349 -7.35444498 13.6319265 -8.5614233 -7.20931387 13.0983238 -7.90736961 -7.45283365 13.4460135 -6.68339729 -9.03988075 12.688798 -9.865448 -6.99928141 2.06786919 -7.14561558 -8.97009182 5.98879004 -8.95311737 -6.44579983 3.61941385 -9.72423267 -6.52026606 4.14665556 -7.04802656 -9.49199009 2.70460463 -7.14300537 -7.53813171 5.71622562 -6.98982906 -8.42264843 5.20245981 -7.54144526 -6.99656487 3.66489553 -8.30044079 -6.49391317 4.11798525 -9.43697929 -6.27762413 6.48002625 -10.0261154 -6.5310235 6.18814135 -8.08359623 -6.47013998 6.78154516 -8.8678093 -6.24341726 6.77362537 -10.0349951 -6.6127634 8.53010654 -7.11240387 -9.04033661 8.36322689 -7.01677942 -8.45310879 7.78968716 -7.48112917 -6.96386051 7.80626869 -6.98750544 -9.24376297 10.2804346 -8.18044949 -6.51476336 8.94016171 -9.25923061 -6.3763504 9.02367878 -8.99720383 -6.68618202 11.0700483 -7.0161438 -8.06337452 8.34526825 -7.18369532 -7.5573349 10.6633987 -7.60499191 -7.14010572 11.0647631 -9.73830414 -6.92785215 11.275341 -6.87177134 -9.96780777 12.3829947 -7.00334644 -7.9527235 9.83847046 -6.72255993 -9.51689434 12.5361805 -6.89965296 -8.25433159 12.8501301 -7.43429852 -7.68549061 13.2263222 -8.2076807 -6.82627153 11.2436552 -7.22346497 -7.44945431 3.26745629 -8.40290356 -6.94816017 1.27340686 -7.79212761 -7.0154295 2.18883777 -6.85516405 -8.86704445 2.53399467 -9.30910873 -6.80959129 1.94877815 -9.82910919 -5.64189148 47.5757294 -9.76601982 -4.48697996 28.6225281 -10.0245161 -3.29238558 31.1663342 -9.87909508 -3.9618001 38.7560081 -9.83620834 -4.52614784 44.0018196 -9.82241821 -3.44834304 39.5230942 -9.85576916 -3.02346849 39.6114578 -10.0131197 -2.61908722 39.9296799 -10.145278 -3.06008101 45.3085403 -11.4061289 -1.76678181 34.1938896 -11.4594307 -2.46761799 30.4190197 -10.8500271 -1.94771922 34.3612976 -10.6410913 -2.76253033 30.4954224 -9.98146343 -4.01854324 28.4108543 -10.3755112 -5.57555199 32.2469063 -11.8469191 -1.63157237 41.5800934 -10.163311 -4.6523366 36.8981628 -10.3086891 -4.98410368 41.2236404 -10.4520111 -4.95249414 37.6585007 -10.3007135 -5.10892296 34.4472313 -11.1193466 -2.24761724 44.8730278 -10.7511339 -2.09964585 42.9569016 -9.92934799 -4.59151888 33.7410393 -10.5251846 -2.85470104 46.1550865 -11.8273954 -2.2271626 45.4022026 -11.2344656 -1.74557602 41.8296814 -10.4574118 -2.03048015 39.9097328 -9.89261055 -3.0140512 34.7004776 -10.217907 -2.49246407 42.2737503 -11.1439943 -1.60145009 38.3422165 -10.4443645 -2.02113509 37.1078758 -9.79542637 -3.89335322 34.0215988 -12.031848 -1.68847823 34.7420502 -10.3682442 -2.51349258 32.9857254 -12.0421963 -2.35387492 30.8505249 -10.104887 -6.01825285 29.4235859 -10.3040438 -6.26069021 47.1408653 -9.68759251 -4.98695946 47.9546776 -10.0299969 -3.93838263 48.3463478 -11.6768026 -3.28570485 49.2226715 -11.0441046 -3.24228644 48.6643219 -10.5232344 -3.49384308 48.5505333 -11.3939972 -3.17137313 27.9799194 -10.8425751 -3.33679843 27.980135 -10.3810482 -3.59732318 28.16852 -9.70508862 -5.08318996 28.8192825 -9.82676792 -5.56728458 29.1375885 -10.9165297 -3.30969739 13.7256317 -9.92878437 -4.11835623 20.1546345 -10.204566 -3.97549748 22.8706131 -8.7512188 -5.92995882 19.0123959 -10.4146442 -3.8002708 17.0625858 -9.23565102 -4.68498373 17.0558605 -9.57803154 -7.11476183 16.4847031 -9.89277267 -6.84969902 14.6041203 -9.30460739 -7.29189682 18.9689369 -9.24047756 -7.30983686 21.527174 -9.12529659 -5.23895407 25.7872925 -9.55835724 -7.39920044 23.5997543 -9.68102455 -6.90630293 26.3500671 -11.7439365 -3.3498497 27.226965 -10.9242783 -3.86541605 23.3618145 -9.40416241 -6.3533268 15.0669041 -9.07208347 -6.65250731 17.4495697 -9.03823185 -5.93820333 16.2595787 -9.171525 -5.11869621 15.7684488 -10.9711943 -3.95699573 19.7984657 -8.88498783 -6.73338985 20.0836372 -8.79320717 -6.44199419 21.9396839 -8.72308254 -5.83896112 21.6105843 -8.85620689 -5.61879063 23.8711624 -8.83285618 -5.2566762 19.6671543 -9.16378307 -4.89031219 25.2325077 -9.09505653 -4.79050732 22.0266495 -9.19935894 -4.62375641 21.9778252 -9.92025185 -4.0571208 23.8951321 -10.4541655 -3.97092032 20.0324116 -9.11070824 -6.95432234 23.2806072 -9.05336285 -6.38345861 24.800499 -9.45872688 -6.18886089 27.0438519 -9.22200775 -5.68194628 26.5550213 -10.9177027 -3.63807082 25.4298687 -10.3063831 -3.65509129 13.5252457 -9.74974537 -4.51656818 13.091279 -9.74695015 -5.48599243 12.7879887 -10.0096722 -6.03324986 12.5529165 -9.68445492 -5.03256226 12.9196167 -10.1907501 -5.37439823 5.98884726 -10.8152676 -2.33316445 3.61944604 -11.5500097 -2.0875411 4.14678812 -10.3138704 -5.89086437 2.70463705 -9.605937 -4.0672884 5.7162981 -9.82577133 -4.93765259 5.20247126 -9.74965763 -3.4105041 3.66481209 -10.2385893 -2.64258146 4.11805105 -11.1888914 -1.98272657 6.48012686 -11.8225031 -1.9608109 6.62184858 -10.0308161 -2.70906901 6.78166103 -10.6550159 -2.18297958 6.77374077 -10.2014351 -5.52443171 9.05595016 -9.74833298 -4.75052309 7.80498505 -9.6812458 -3.40515208 7.80630589 -10.1374454 -2.7104404 8.94016743 -10.8134403 -2.24016619 8.86938477 -11.5695267 -2.0871942 9.20497322 -9.89645863 -5.37862396 10.6859798 -10.2890244 -2.98394322 11.2436638 -10.8178406 -2.64300203 11.3044634 -10.3918905 -6.3316164 12.0890388 -9.65785122 -4.57691193 9.66592598 -9.6509161 -4.06830359 10.6634398 -9.86608791 -3.51578164 11.0647717 -11.3677263 -2.5526979 11.5506525 -11.8472824 -2.44783163 11.1669703 -9.95187092 -4.05817556 13.2901411 -11.6075201 -3.18742108 13.880065 -9.85705185 -5.87302446 0.251393288 -9.64337254 -3.95359969 3.26727033 -10.5169439 -3.01587892 1.27344239 -9.98633194 -3.32575107 2.1889019 -9.88349247 -5.39840221 2.53397727 -9.70517063 -5.27185631 0.246425554 -11.2884417 -2.52069759 1.94885051 -12.1424685 -1.70564592 29.3974743 -10.2302904 1.39665675 37.2013588 -10.6792183 2.702564 40.7750092 -11.2230024 2.60532546 44.5357475 -11.9941282 1.63608432 49.2967415 -10.9720154 -0.281577796 33.4859886 -10.9070358 -0.0317123868 35.9962616 -11.1218596 -0.694298029 45.2823715 -10.7605 0.030822888 42.2028999 -10.6453781 0.277106822 39.9665146 -10.7797422 -0.362286896 47.9944038 -10.7880592 0.422296852 48.3604851 -10.3120289 0.950829268 41.7255669 -10.5259571 0.88585937 45.7576027 -12.0007343 2.37473989 29.8130474 -11.2013617 2.90290356 33.8122406 -11.1292543 3.1939888 39.2894554 -11.2069473 2.17012548 30.574585 -10.8245745 2.37338376 32.9014359 -10.8558826 2.98086929 36.7998238 -10.474 2.20701361 34.8596001 -10.650033 1.49779427 31.0197945 -10.3213358 2.1311996 36.8165169 -10.3770103 1.13521934 32.6767616 -11.2730637 -1.18180931 29.1631145 -11.4345779 -0.406914055 40.7375183 -11.6773291 -0.738359571 43.2261391 -10.6723032 1.74890304 45.2080956 -11.4748383 3.02099514 43.2404022 -10.3940706 1.85608864 42.5493622 -10.2894173 2.00735569 39.5677109 -11.6347399 3.42985177 39.6886597 -11.5813036 3.30993605 35.4546089 -10.42764 0.615418911 34.8578186 -11.8023691 2.91224027 32.3042259 -12.032937 -1.57094836 46.9327812 -11.5875797 -1.49889874 47.5231133 -11.1108313 -1.05170071 47.7650871 -11.4291553 1.44904923 48.6671753 -11.0866938 1.05901146 48.5809937 -12.0038443 1.73897302 27.736824 -10.7838383 -0.37420103 28.6255798 -11.3726358 1.37803769 27.9453316 -10.7671576 0.298206657 28.4171505 -11.6466017 -1.53895128 29.1170712 -10.9736938 -0.855741143 28.7872086 -10.7602911 0.190374658 20.1468678 -10.9895277 0.537734032 24.2561226 -10.9605484 0.848732471 28.1696892 -11.3542624 -2.96113014 19.8867912 -11.0750637 0.679171979 17.0573883 -10.5462132 -0.0371678211 17.2120857 -10.3577433 -0.60817498 17.0491047 -11.6585989 -2.68916655 16.4789867 -11.5902023 -2.30764794 14.8890553 -11.1609488 -2.75366807 23.0846405 -10.8015633 -1.6095252 26.6072884 -11.6413851 -3.05208087 22.3048706 -11.4249611 -2.10670114 27.0405388 -11.7243452 -2.56671762 25.9812126 -11.1801958 0.538608372 20.0245132 -11.6334286 0.904158831 17.6997204 -11.5022278 -2.84727097 17.7907543 -10.8033619 -2.22182131 17.1234531 -10.9467869 -1.78594446 15.0277481 -10.495574 -2.09281564 19.2214584 -10.6080761 -1.31421936 15.3524265 -10.3174219 -1.35924625 17.854538 -10.8697309 -2.62303233 20.0746498 -10.6671848 -2.39465952 21.9326973 -10.3709831 -1.84514594 22.6616344 -10.2233257 -1.29785168 20.5719757 -10.3315535 -1.16143751 24.328413 -10.4762764 -0.53994447 26.2279358 -10.3106012 -0.579131365 22.5881176 -10.6215858 0.0686512589 23.6553516 -10.8808975 -2.23567438 24.7966309 -11.7333965 1.16445267 25.4511356 -12.1507092 1.73554802 14.1017084 -11.2593498 1.24425471 13.739356 -10.7632809 -0.285963565 13.0449181 -10.9164228 0.766697109 13.5250702 -11.2551851 -1.2369684 12.6399307 -10.96696 -0.859747767 12.7983036 -10.8435354 2.18118429 3.61952043 -11.4149084 2.70454788 4.1470089 -10.4206038 0.159143984 5.30561829 -11.6341791 -1.20763934 2.71458793 -10.308403 0.763557613 3.66459846 -11.4455786 -0.880705655 5.05223036 -10.4425917 1.66385376 4.11820173 -11.0423403 2.65335321 6.48035192 -11.6123409 2.93115258 6.62207556 -11.5070734 -0.857349277 7.56133795 -10.2798796 1.51864326 6.78188992 -10.6360455 2.25316787 6.77402306 -10.8523808 -0.461199641 7.80504513 -10.2437067 0.740670025 7.80642366 -11.6914644 2.79119515 9.25241756 -11.6843939 -1.17002094 10.2283459 -10.3778324 1.56075859 8.94024467 -10.9967499 2.45515966 9.02375889 -11.2432261 -0.974746168 10.6860065 -10.6274939 1.37251055 11.2436075 -10.9719095 1.89917982 11.3044405 -10.6990805 -0.33945784 9.66638756 -10.4857655 0.122473583 10.6637011 -10.4575529 0.714739621 11.0647774 -11.9339752 -1.706864 12.4972868 -11.6294527 2.37155557 11.4071941 -10.7565413 0.254308909 13.2901421 -11.6657753 1.57896852 13.8349485 -10.8637648 -0.531633615 3.7346189 -10.4322271 0.224181607 3.26694036 -10.84867 1.43609929 1.27354896 -10.4900484 0.937209725 2.18914247 -11.3520708 2.20241904 1.94904363 -10.9768467 3.82073927 44.3448372 -11.6664915 3.30469394 29.5119934 -10.8734426 3.5744729 30.4124851 -10.626482 3.49124503 29.1278744 -8.54492474 6.2189436 39.2389107 -9.32665825 7.26625395 43.7043343 -9.24603653 6.26143551 45.812645 -8.90688133 5.89671564 44.1964645 -8.59784794 5.93261576 39.5685005 -11.1597023 3.80304146 32.1296844 -9.7766428 4.45204306 38.7479057 -10.0121412 4.1573472 43.4801445 -9.28555775 4.75127554 40.0264511 -8.81791401 5.26117897 38.5646133 -9.66061687 4.71085453 48.0953369 -8.8285265 5.47232246 42.3040123 -9.26979542 5.00469017 45.7557755 -8.88230228 7.35816526 39.2900963 -9.65417194 6.77839565 30.2551727 -9.7775116 5.65271711 27.9967442 -8.93792343 6.48441696 32.9003258 -8.7192812 7.05222321 36.7990875 -8.74815655 6.83398151 41.4027138 -8.68533707 6.18993855 34.858345 -9.72523499 4.57267952 28.4424076 -9.13443756 5.61388302 31.0205116 -8.80736542 5.55974531 33.9923401 -10.3290434 4.30998707 38.8835602 -10.7199211 4.12321854 34.8421898 -10.835372 4.22857428 40.7319298 -9.24623013 7.80407572 38.1415367 -9.33533764 7.67310667 35.1806335 -9.28184891 4.73919296 32.3681259 -9.08802319 7.15854311 33.8111076 -9.81665134 4.31800508 34.3131409 -9.71339893 7.35419655 31.8469887 -11.5445223 3.27853727 47.244812 -10.6931477 3.41862154 47.6995468 -10.1779127 3.7928009 47.9331703 -9.91840076 4.11158037 48.1508331 -9.67095089 4.83792639 48.588253 -10.1323128 6.30067492 27.9259834 -10.314827 6.58809614 28.1772881 -9.94794464 4.07039261 28.5898266 -10.2108335 3.76216292 28.8172836 -9.68165302 5.15289736 28.174202 -11.4166002 3.11888766 28.7515392 -10.1682949 5.77956057 15.7697306 -9.87720776 3.43468595 15.8499622 -10.2370176 3.1714561 14.8279257 -10.8193712 2.80007243 14.6174679 -11.601119 2.52131081 14.8959036 -9.73784637 4.50739002 13.2431068 -9.96103191 4.03730536 13.0727558 -11.739584 3.24911118 12.3832693 -11.6645994 2.50492001 26.7078629 -11.1312904 2.00063777 23.4100876 -11.6506643 1.82972753 21.9769669 -11.1782351 2.237746 16.5686359 -11.1446161 1.91609561 19.2271709 -10.7801218 2.68086553 26.5706787 -10.5449724 2.15000987 21.2930546 -10.3189211 2.47722149 23.7871742 -10.1391935 2.54272723 19.5973892 -10.367238 2.50072169 17.4428406 -9.88076496 2.86749911 20.3390179 -9.97066784 3.21073532 25.7237587 -9.70439911 3.81168127 25.3207283 -10.2668839 5.72174358 25.3046856 -10.2765341 5.31141424 22.2214088 -10.1032085 5.09311485 21.0582733 -11.8593264 2.10908866 17.070097 -11.8697701 1.81926227 20.3678589 -11.8667545 2.11806083 24.6529789 -9.67836571 3.74119592 17.1311741 -9.64913273 3.66998339 22.4133778 -9.78722095 4.53700829 21.3272934 -9.80727291 4.89107561 24.6263542 -9.74892712 4.79008627 16.7312241 -9.78245544 5.69702148 13.5937176 -9.65945435 5.06241083 13.4412689 -10.9261541 3.3040576 12.6820765 -10.3880558 3.5846045 12.8690195 -10.8758421 3.81798697 5.98897028 -9.14042664 5.76048994 2.25462437 -8.85602093 5.75267553 4.43694592 -10.7113056 3.35770226 0.172438279 -11.1341019 3.54261971 2.714571 -9.51819134 4.25417423 5.54992056 -10.3072634 3.83884144 5.20224905 -9.03508854 4.77528286 6.42225552 -9.04472542 6.4748311 3.95637059 -9.02283478 6.8289752 6.48021412 -9.44596958 7.31115198 6.18837404 -10.9544678 3.73849583 8.81903839 -8.81445217 6.2980485 6.77391863 -9.52645588 7.29432058 8.53019238 -10.3445911 3.85506082 7.78977251 -9.01413536 4.87901402 7.92032957 -8.81149101 5.47370386 8.11652946 -8.87827396 6.12485933 8.86442471 -9.21455956 6.82075548 9.2261219 -9.29819012 6.18973303 11.3486242 -9.97366905 3.97480202 8.34559727 -9.54389668 4.29057264 10.663785 -9.27722263 4.82010412 11.0647593 -9.73441219 6.91476631 11.275342 -11.0754519 3.57800508 10.3262405 -9.86435604 3.99682307 9.83873844 -11.2097359 3.28962493 12.3032722 -9.16487503 5.48999691 11.2435112 -11.3546114 3.13699007 0.209339693 -10.4708567 3.65707231 2.62919235 -9.45357132 4.36174774 3.26717091 -9.34137249 4.75885201 1.86384678 -9.42669392 6.31751347 1.7251333 -9.72740173 6.92545033 2.15927052 -8.90298939 5.33022547 4.34115314 -9.46336555 7.14694929 4.17357349 -8.53890133 7.39841747 47.5764046 -7.34735966 7.92438889 40.5088387 -8.39157104 7.37667465 28.9460411 -6.36549282 8.31042004 31.1659069 -7.00593853 7.94611645 37.1413689 -6.64352942 7.97085333 42.4176903 -6.22614956 8.22007751 43.4684258 -6.18187952 8.49705505 45.3089905 -6.12977934 10.2358894 30.2798157 -5.41705132 10.1301804 33.7267609 -6.64418364 9.09017658 28.0477028 -6.01503515 9.46082687 30.3447628 -5.30458164 9.5957365 34.5376778 -5.88225412 8.8447752 31.8766727 -9.31938744 7.63928986 29.3844433 -8.21813393 7.91174364 33.1506691 -8.61683464 7.99991989 32.5857086 -8.17015171 8.12397575 41.1825485 -5.5702529 10.5747986 43.1138039 -7.8288455 7.76553583 43.7808151 -8.02566814 8.08991241 36.1563301 -8.62430668 8.01379681 44.0367241 -8.04276657 8.17777443 38.3506165 -5.71005964 9.80463696 44.8987007 -5.45571804 9.3700285 42.9579582 -5.59896851 8.63210201 39.4822998 -7.60219622 7.80764914 33.5466194 -6.10393906 8.92183399 46.1554527 -5.26830196 9.93914127 41.8307648 -5.14076376 10.3657522 37.8384438 -5.19816828 9.29109764 38.8473473 -5.6645174 8.74151802 42.2748413 -5.10314417 9.89767075 38.3422241 -5.70713329 8.59455204 35.0265503 -7.74261856 7.53991747 28.8082695 -6.19596863 8.17686939 35.3060417 -9.27458191 7.65893555 47.1408272 -7.87217093 7.46652365 47.9554939 -6.63343525 9.30377865 48.6672173 -6.69430351 8.78805637 48.5813828 -6.90895844 8.23687172 48.3422394 -6.71938419 9.85142422 27.9206905 -6.73892498 8.59016991 28.2404518 -6.98107719 8.13149357 28.3980007 -7.32975626 7.76917982 28.5607357 -8.72415829 7.47638083 29.4434834 -7.03156614 9.11591339 16.6830235 -7.97269058 6.89518404 15.4288235 -9.59428787 6.89723969 15.0467081 -7.58468628 7.53138304 13.3140125 -10.013608 6.59831333 17.4831085 -9.82691574 6.26023149 20.1116829 -10.033987 6.38478231 21.8208122 -9.86685371 6.91747713 26.180851 -7.68569756 7.11487341 26.3878689 -7.6268611 6.77886534 21.7014275 -7.3272419 7.3133173 16.4340458 -7.21067858 7.54768705 26.0567551 -7.15985107 7.70375156 23.0521011 -7.00903988 8.11985779 17.0302391 -7.05165005 8.34735394 23.7684212 -7.10939884 8.41094875 19.573597 -7.20009422 8.99320316 23.2510567 -7.24454165 8.92114544 19.7710838 -9.8753376 6.47013426 23.7070465 -9.25708485 6.66636801 26.0385513 -9.23832321 6.15357208 21.8387794 -9.26002789 6.42228746 17.0397434 -8.81607342 6.64079714 15.5831003 -8.98714447 6.21139669 18.9333401 -8.83587837 6.26736689 23.4504986 -8.30167866 6.71308041 25.9328117 -8.52873898 6.23140192 20.8169785 -8.06166267 6.45502663 22.4506111 -8.2223177 6.45911121 17.928606 -6.62371826 9.23925686 13.6319323 -6.49777746 9.04922676 13.0984268 -6.80821848 8.42437267 13.4461756 -8.51431274 7.37276459 12.6889124 -6.15257025 10.3241014 2.06785107 -8.3968811 7.82517338 5.98877144 -5.69748163 9.35891342 3.61940646 -5.69093704 10.1335859 4.14663029 -8.9578104 7.64715815 1.96940613 -6.97917747 7.67162323 5.54976749 -8.77683735 7.80940533 3.47637296 -7.86872101 7.61301661 5.20244312 -6.39278698 8.01254463 3.66491723 -5.81355429 8.71483994 4.11797571 -5.47965002 9.82254791 6.47998857 -5.67007923 10.4349413 6.18811417 -5.81257868 8.49669933 6.78150511 -5.50512457 9.2529192 6.7735939 -5.75044394 10.452322 8.53009224 -8.47021198 7.79948854 8.36321831 -7.8961978 7.64300585 7.7896781 -6.36657 7.9491415 7.80626392 -8.68557835 7.69653702 10.2804327 -5.84683275 8.59768772 8.94015884 -5.59641361 9.65609264 9.02366638 -5.93193674 9.42788696 11.0700388 -7.50866222 7.60163546 8.34524918 -6.98788261 7.71537161 10.6633949 -6.52890444 8.09074783 11.0647745 -6.09481764 10.1901884 11.2753382 -9.4175787 7.65703344 12.3829088 -7.3999486 7.57734346 9.83841419 -8.98475933 7.46157312 12.5360661 -7.71069765 7.50576544 12.850194 -7.08905458 7.97809839 13.2264452 -6.15378809 8.65733051 11.2436523 -8.09211063 7.51354218 2.62911081 -6.87642765 7.74364948 3.26749635 -6.25460196 8.86422348 1.27341163 -6.3853507 8.26382732 2.18882346 -6.02207184 9.75097942 1.94876242 -3.22754502 10.0248928 40.1897621 -3.66442347 9.96260643 28.6225834 -2.44936943 10.0948143 31.1663322 -0.498019248 11.6502714 40.0878525 -1.23768735 11.7951622 45.5296631 -1.69326091 11.1951675 46.7485161 -1.32984126 10.4475288 42.4468842 -3.42851734 10.1278296 36.8101387 -3.69608212 10.0365286 44.0017967 -2.62563109 9.91014099 39.5229263 -2.19956064 9.89888954 39.6113892 -2.27198172 11.181983 48.7654305 -0.484036118 11.9749823 36.8922653 -1.40690744 11.9332876 30.4544525 -1.45930314 11.346035 30.6232624 -0.842705429 11.3714399 33.7277832 -0.946254373 10.9273367 34.2525864 -1.85798681 10.6526031 30.495388 -3.176054 10.1278954 28.4108467 -4.80208445 10.7008028 31.7733841 -4.3748374 10.7486858 34.2460976 -2.22227097 10.2229338 45.6051903 -4.2765336 10.5645523 42.5504456 -4.67549706 10.5982733 44.6724854 -4.06509161 10.6877632 37.5293961 -3.81963372 10.4005651 36.8978386 -1.70594394 10.040803 38.7992325 -3.75136328 10.135993 33.740963 -1.66530752 10.6815786 45.4687958 -0.974262059 11.1689262 43.4266434 -0.494650662 11.4743204 37.838665 -1.26331103 10.3125992 39.8788834 -1.24120188 10.3257933 36.6885567 -2.18634939 9.93453503 34.7005959 -2.28736734 9.98195839 43.6000099 -0.692604363 10.932972 39.137516 -3.07106709 9.92981815 34.0214081 -0.970475912 10.6600018 35.8777008 -1.63882852 10.3552303 32.9856834 -0.770196259 11.855691 33.7485466 -5.14277601 10.3516493 47.521759 -4.61862755 10.0439243 47.7932167 -4.16985893 9.93686962 47.954731 -2.97611165 10.2485256 48.3422813 -2.30565548 11.4329128 27.5140266 -2.40799689 10.9130173 27.9802074 -2.7153337 10.4812813 28.1685276 -5.35082626 10.6430387 29.5091 -4.26374435 9.96433926 28.8193703 -4.73248243 10.1359835 29.1377621 -2.29698205 11.168128 13.7584095 -3.21848202 10.1875725 20.0933056 -3.10945797 10.3457603 22.8761635 -6.60493135 9.81709671 20.5308456 -5.83481216 9.22535419 19.8717651 -4.97141361 9.12180614 18.7063217 -4.47561693 9.21780586 17.7919388 -2.91442299 10.5352173 17.0681419 -3.91760349 9.45505142 17.0625076 -4.28388596 9.94980526 12.9054546 -4.81803942 10.1127977 12.7431974 -5.24461651 10.4480553 12.4911823 -6.40615368 9.88774395 17.6530056 -6.04884338 10.2305059 14.969039 -4.47886133 9.40437126 25.78969 -6.58223009 10.0608463 23.6025524 -6.07898188 10.131321 26.3522301 -2.96612573 11.0085611 19.0423546 -5.3912425 9.68129349 15.1710596 -5.84758615 9.51723957 17.1341572 -5.15324974 9.29543209 16.8587723 -3.85825062 9.92646217 13.0114288 -2.74322891 11.3732691 16.7162685 -5.71009588 9.19973183 21.9474773 -5.11776972 9.06690025 21.618906 -4.8846097 9.17654514 23.8762264 -4.24125195 9.20354557 21.5527248 -4.12768984 9.40646267 25.236208 -3.85909915 9.41388607 21.9838638 -3.22032619 10.0715113 23.8989296 -3.0198648 10.9567432 21.122036 -6.27766752 9.56220341 22.6852131 -5.62438536 9.45253658 24.8047657 -5.29660559 10.0752249 28.0160618 -4.90926933 9.54686737 26.5572033 -2.17656493 11.7565641 13.8705502 -2.44440317 10.869977 13.7870522 -2.77114296 10.4256001 13.5356255 -3.22612071 10.0962296 13.271246 -1.4358747 11.847806 2.06796288 -0.970297694 11.7444248 5.29548359 -4.50258207 10.4777822 5.98889637 -1.41272736 10.7809763 3.61946464 -1.16791117 11.2683783 4.00707197 -4.4575882 9.98456383 0.242367804 -5.08743811 10.5433025 1.9693706 -3.26987982 9.76087284 5.55002737 -4.85607052 10.6179056 3.47657561 -4.10638952 10.0691557 5.20247364 -2.59556317 9.83382225 3.66473722 -1.78073263 10.2397985 4.11809444 -1.02515519 11.1159201 6.48021269 -1.86857688 10.0401125 6.78176403 -1.28012145 10.6058969 6.7738328 -1.01639628 11.8013783 8.53017998 -4.65068436 10.5040884 9.05599976 -4.11929417 10.1077089 7.78977442 -2.59738588 9.76521873 7.80633402 -1.45149124 10.5374699 8.86442757 -1.15957069 11.2528563 9.22611237 -4.41383982 10.1060572 10.5786562 -1.58764219 10.8098564 10.6485462 -5.43131828 10.778923 12.0772905 -3.60554814 9.83849716 8.35982513 -3.14224911 9.80561161 10.7230816 -2.19507909 10.004921 9.53858948 -1.3303051 11.708396 10.7110014 -2.11495686 10.325634 11.2436628 -4.35091066 10.0691204 2.62914824 -3.14681554 9.78488922 3.26710606 -2.1228838 10.5556421 1.27347028 -2.48651624 10.0603285 2.18896723 -1.54976153 11.2711544 1.94890821 -0.66141665 11.9589186 29.3053513 2.07462001 9.83385468 37.0661507 3.87020373 10.6891823 42.9822197 3.05603027 10.3998308 45.0543213 2.84895635 9.80429459 39.5683022 0.742109478 10.7252865 34.8836136 0.0321144946 11.5826492 32.1304398 0.681421638 10.6779518 43.2597847 1.07656312 10.4679022 38.7478752 1.4537859 10.1195049 35.476387 1.61598742 10.0074196 41.3476639 1.2582227 10.46068 48.3489761 2.10400915 9.98511505 44.1593781 4.39526367 11.0627804 40.1127892 4.03148317 10.5262871 35.7984886 3.49068236 10.8009033 31.4829273 2.93527818 10.4657183 31.0177746 3.51169419 10.1849775 34.8195114 3.67266822 10.0969124 39.5994225 2.55212927 9.97983551 33.0387154 2.99536848 9.8317728 36.6961098 0.559543431 10.5392666 28.6884403 1.71369982 10.0644207 32.1184921 0.770766973 10.9493656 38.8835526 0.486844301 11.3719816 35.2361679 0.620761752 11.3688231 38.5580711 2.48022747 10.3481607 46.1692505 2.72523999 10.0039415 43.3658409 3.55583429 10.311882 42.5369759 4.09112835 11.075592 43.1061745 4.14148521 10.5433102 39.2820091 4.40508938 11.012105 36.9987984 0.407766432 10.8392954 32.15065 -0.526695192 11.9123926 46.9301567 0.261997789 10.6801748 47.8779449 -0.558554173 11.5933504 47.5019073 -0.202672586 11.0466061 47.6546593 0.709314227 10.4975004 48.1502914 2.85620856 11.5022497 48.5732613 1.88414097 10.63661 48.5712852 2.77869391 11.4351692 27.9534416 2.22355342 10.8620358 27.9808922 1.69955277 10.5661249 28.1150932 1.1991936 10.4580832 28.4171276 -0.533369184 11.5396442 29.1446438 -0.221986547 11.0435963 28.9645519 0.205567464 10.7311649 29.1360836 2.72617888 11.5507507 14.0604 1.09155953 10.4626436 20.1347351 1.45953751 10.6537304 24.2505188 -2.05518556 11.5684195 20.5056458 -1.20618236 10.4382038 19.2063046 2.32407141 10.9477444 13.7607384 1.61167252 10.7249775 17.0495453 0.844457388 10.2740374 17.201004 0.244372785 10.1449614 17.0581455 -1.67714918 11.6577253 16.4699173 -1.29197001 11.7967939 14.6012201 -1.87384975 11.3700199 23.2673836 -0.495270252 10.5241108 26.4326572 -1.82443643 11.7567883 24.4375 -1.33441639 11.5488243 26.675293 2.20244861 11.3517303 25.6319942 1.87741971 11.2246685 23.8022614 1.48183393 10.8438549 20.0120831 -1.15940487 10.9901714 15.5901327 -1.85134363 11.5181551 17.7835655 -1.67604935 10.8784904 19.1878586 -0.835673928 10.4036942 17.1001396 -0.230208114 10.407691 15.1575165 -0.481420934 10.1315765 18.9162369 1.77930737 11.2164679 18.9493599 -1.86412132 11.1322384 21.6649971 -1.4898386 10.6399298 21.9217072 -0.974505424 10.287796 22.652235 -0.391383559 10.2227907 24.5108967 -0.355861455 10.0943871 22.8083897 0.334383041 10.256115 26.2244911 0.27819106 10.0954762 22.5799942 0.954816043 10.3370085 23.6494579 -1.1109978 10.8123608 25.7156067 0.668627203 10.500104 13.0777769 1.68072283 10.5575304 13.5248508 1.18205607 10.4558105 13.307519 -0.184908926 10.9888678 12.7882414 -0.527410686 11.4899902 12.553586 0.187710911 10.7012167 12.9241409 3.08736992 11.5937233 0.288405985 0.133921266 11.3172474 5.98896217 2.20370841 10.3048 1.59892678 2.59818935 9.99428844 4.43690348 -0.251796275 11.6820641 2.70457768 0.968365729 10.1608744 5.55004787 0.32951808 10.7829123 5.20225143 1.61324906 9.86248016 6.42270041 2.9806881 10.2589836 3.65775108 3.70460963 10.9052944 4.26628733 3.57017326 10.4855299 6.48022747 3.9099164 11.0145769 7.06894207 2.38260078 9.8553257 7.07940769 3.12967372 10.1232862 6.77391005 0.00930233113 11.4015379 9.05606365 0.452849627 10.6222286 7.80499697 1.71832645 9.87461948 7.92028952 2.94525552 10.1304636 8.86435986 3.5158515 10.6989117 9.32945061 3.66455817 11.2166004 10.2299213 -0.0170245487 11.0646143 10.6859798 2.25293231 10.2068396 11.2435207 2.81275821 10.4943123 11.30439 -0.5946576 11.9701853 12.0897369 0.557893515 10.4570427 9.66642189 1.10313499 10.1497974 10.723258 2.04931712 9.94655132 9.53854561 3.24068975 11.1240301 11.8327484 1.0905273 10.1327467 3.26669335 1.50295746 10.1487217 1.86372602 -0.0408307388 11.0633802 2.53282881 2.18187785 9.90838242 4.34105635 3.05493021 10.6375799 2.20472121 4.88664675 9.43541336 43.9373436 5.08461809 9.09442806 28.5822105 5.80013943 8.41611862 31.1650848 5.16086817 9.0075798 41.8010902 5.25604725 8.92140865 37.5609207 4.89354897 9.22593784 48.1120186 5.55835629 8.39423752 41.7152138 5.45244217 8.93608475 48.3614082 5.75725269 8.25569153 43.4694977 6.03438425 8.29916 45.3097649 8.45460224 8.20070934 36.4141197 7.82393026 8.0765543 33.7249565 7.00260925 8.43832397 30.3441257 7.35042143 7.80435753 34.5359764 6.45766354 8.12169266 31.8756409 4.72918987 9.99515247 32.2283554 4.96507883 10.1784534 34.2103691 8.19948769 8.35958767 43.1148796 5.01842451 9.95830059 41.5207367 5.12439966 9.6713295 37.063839 4.68405437 10.4116402 44.6798439 7.4238143 8.2545948 44.8998299 7.08903694 7.87838078 42.9597206 6.34308958 7.78634167 39.4825783 5.17637348 8.96214867 34.748558 6.46251011 8.35628033 46.1560364 7.95798159 7.78176975 37.99506 7.76522064 7.88389301 41.6424294 7.09372568 7.60878611 38.8475113 6.42670918 7.88270712 42.2767334 6.27382326 7.87774658 35.0252914 5.21230221 8.82844353 33.5316277 5.72878075 8.22055626 34.9376259 4.30092049 10.0640593 47.715683 4.1886754 10.5889177 47.5230141 4.50890112 9.62736893 47.8871765 7.24894476 9.36252308 48.9115829 6.66243696 8.97795677 48.6675797 6.15321875 8.87635136 48.5816956 4.47098541 11.0445395 30.1569462 4.6393137 9.47257423 28.7091942 4.35864639 9.88344193 28.8804874 4.18897486 10.5923796 29.1430893 5.4323597 8.94976807 28.3875599 5.91369295 8.87110233 28.1735344 6.93200016 9.13696289 27.8419704 6.4618578 8.92793846 28.0266838 6.58794689 9.28953266 15.7696142 4.22547913 9.24515057 15.8499336 4.00129795 9.63050461 14.8279037 3.69282532 10.2484884 14.6174259 3.45854163 11.0499935 15.0462446 2.85195708 11.3926296 21.8028564 3.48639798 11.2847977 26.5716419 2.86986709 10.6982775 22.7364731 2.8160212 10.7047596 19.8736248 3.07016063 10.6436386 17.1965618 3.33639598 10.6372547 26.0421581 3.12773967 9.84623909 20.8907471 3.66693068 9.97931767 26.4334202 3.29972482 9.80597115 23.6189575 3.34785318 9.83011913 17.4428101 4.03373098 9.46875477 26.322279 3.77280188 9.26986599 18.9998074 3.91275787 9.21044922 23.1149197 6.06969309 9.1512022 24.9390755 6.29705048 9.42120552 23.8735027 5.7176137 9.21018696 20.7786026 6.12506247 9.49396801 20.9186916 3.1976862 11.3480167 16.6009331 2.90406561 11.3866119 18.9439106 3.06368184 11.3686848 24.1795197 4.5193181 8.98849392 22.2429638 4.65017462 8.98780918 17.4951172 5.30438328 9.03789806 21.2565498 5.56006002 8.97589397 16.7311058 5.46869135 8.98004341 24.652319 6.46556711 8.91445255 13.5937281 5.82159662 8.85844135 13.4413042 4.2082181 10.2995701 12.6842442 4.42799997 9.73747635 12.8690357 7.52159929 9.25038815 0.291286111 4.71104813 10.1982145 5.98890734 6.4615922 8.26931 2.25454521 6.4241004 7.98725605 4.4368434 4.5070796 10.6883526 2.70466518 5.00295448 8.80241489 5.54983807 4.64125872 9.59498215 3.76865315 5.47071075 8.26750469 6.42204571 7.16199446 8.09946823 3.9563036 4.70101786 9.70772076 5.76480913 7.51189709 8.04067707 6.48012733 8.03754616 8.38586903 7.06893682 6.96212578 7.88892365 6.77381516 4.66395092 10.2600193 8.36319351 5.57169008 8.23582077 7.92029572 4.52189112 10.5084162 10.2281647 4.81872892 9.13795185 8.71995544 6.14198971 7.97211647 8.11650467 6.79656935 7.97049713 8.86441135 7.52376032 8.23220444 9.22608376 7.81262255 8.60550117 10.2911043 6.90495253 8.38133907 11.3486309 4.60686588 9.8098259 9.31582451 5.04184914 8.82417774 10.6637201 5.54062176 8.50361538 11.0647507 4.19787884 11.0006485 12.4363708 7.55558777 8.93430042 12.1269608 4.83356619 9.26551342 13.0727634 5.27329063 8.99480057 13.233901 6.19515467 8.32187271 11.2435274 7.68145752 8.73130322 2.15920091 5.10320091 8.72689056 3.26733732 5.4863987 8.57384586 1.86368215 7.0454545 8.49579906 1.7250632 4.40433216 10.3606367 2.22386265 6.00885201 8.07810879 4.34109116 7.87414217 8.44555473 4.17347479 8.36768913 8.30370903 47.3508987 8.05419254 7.63861609 47.571846 8.28757095 6.5456543 43.9356537 8.34487057 6.83126116 32.729248 8.95285606 4.86495829 32.0994644 9.85679626 4.05372953 34.6270599 10.4870996 3.87132835 36.2026443 10.7582493 3.85175586 39.8875084 8.54991913 5.0853982 36.8705559 8.36400604 6.0433979 41.8002548 8.41772842 6.08547401 37.0336685 8.47759628 5.3216033 41.7149277 8.60303402 5.11381054 43.4680977 8.87386131 5.04084539 45.3087502 10.5203648 4.79324007 30.236536 10.5276251 4.27108431 32.7467041 9.75884628 4.3474493 32.590271 9.42071056 4.85287619 30.4952564 8.58116722 7.53502321 32.3284531 8.70080566 7.10295296 35.0487022 8.74862003 6.9334321 37.6142807 8.53616142 6.68870211 41.0960159 8.50678635 7.42259455 44.3355675 8.77294159 7.06416368 40.7008247 9.99556637 4.44867945 44.8733635 9.79560852 4.14202309 42.6828423 9.15565109 4.31857157 41.1329193 8.88581562 4.51918077 38.7993202 8.35969639 5.99564695 34.7498283 9.28817368 4.91893244 46.1552505 10.6496763 4.62824202 45.6504059 10.8104897 4.0964632 42.4370499 8.63628197 4.94329548 34.7000084 10.0563812 3.82954812 39.1539459 9.19580269 4.32258415 35.3091774 9.55841923 3.9977982 37.8453674 10.9774265 4.20556831 33.8042641 8.01833153 6.8865118 47.8893051 8.26699257 6.23272705 48.1909256 10.4234991 5.48550177 48.789341 9.33420849 5.47591162 48.6310349 8.7566061 5.74956369 48.3748436 10.4974117 5.52185774 27.8555698 8.0949831 6.61929178 28.7255402 9.98544407 5.52152443 27.5006886 9.49707508 5.45671558 27.9803696 8.33267689 6.15509319 28.4885273 8.02454758 7.06508732 29.0268002 8.38092995 8.19010353 29.6079693 8.04583645 7.76908159 28.9883766 6.92660666 7.38254929 55.9422112 6.95731258 7.67042923 53.1709175 9.3905611 6.05894184 56.771801 7.07889605 7.54457617 59.5889549 10.0655937 5.7990799 60.9604225 9.24146843 5.98128796 54.3333626 8.73805714 5.91600418 52.9296799 8.13214397 6.11271572 53.8448372 9.6588316 5.81902361 51.4603081 9.63599586 5.48384762 49.0315285 7.4468379 7.45790815 49.9453659 6.84599161 8.26640797 55.0729904 6.81614304 7.95039845 55.9239731 7.17118692 8.02907467 51.4884529 6.97739983 8.20119858 58.5473061 7.65248966 8.56550694 49.888546 7.34053564 8.83364773 51.9238548 7.09200239 8.93189335 54.2994308 7.22560644 9.1671133 56.6147156 7.24559355 6.94772339 59.2163467 7.55243492 8.77939415 60.8536034 7.39749813 8.99416065 59.386528 7.02105856 8.72636318 57.5306282 8.92547703 5.94042778 58.3716316 8.3792696 6.0357337 57.6279106 7.87604809 6.23488283 59.3877296 7.6787324 6.3792448 52.6600266 7.28657627 6.68410444 56.1061592 7.55996943 6.71596003 50.7556572 7.16528082 7.05905294 52.851944 9.89870644 5.43435621 13.8597622 8.44265938 6.03063726 20.1304264 8.74002457 5.94929981 22.8550396 8.99129868 5.61605787 28.1690807 8.5333271 5.92669821 28.382925 7.15935946 9.10931778 20.5024662 9.27929878 5.50532532 13.6202755 8.85271263 5.84683132 17.116724 8.13799763 6.08773184 17.1936474 7.64928532 6.4394145 17.0368824 7.81144333 8.57492924 14.426259 7.34996939 8.93412304 17.1914177 7.4171257 7.51210833 26.6031609 7.13733721 8.86586189 23.2195511 7.71026611 8.89535427 26.2367687 7.53139305 8.35006332 26.5918121 9.12690163 5.97190619 19.114109 9.59882259 5.94316387 17.4587059 7.31768799 8.20422363 15.8349667 6.9561038 8.39957714 18.6435928 7.26644135 7.73152161 15.7486429 6.88756704 7.72201157 19.2008533 7.51072598 6.94196844 15.34484 7.17530918 7.02317858 17.838232 6.87332249 8.47145844 20.6795731 6.84727478 8.06815815 21.9177608 6.93023109 7.44939184 22.64884 7.13350821 6.91918516 20.5543842 7.29998064 6.8731823 24.3199196 7.7821703 6.45565176 26.2224636 7.6253705 6.38972807 22.5782547 8.44510078 5.97006083 23.8847466 9.23047352 6.0099721 21.2617569 7.11310625 8.06562042 24.7884388 9.80192947 5.83924484 25.3399296 10.4339418 5.62995481 14.2814455 8.24653721 6.25833941 13.1985312 8.78606892 5.71280861 13.3817692 8.02219105 6.84514713 12.9193659 7.98138332 7.39639711 12.7346773 8.29973602 8.36103535 12.6372986 8.30455399 8.08694744 12.0221748 11.0259809 4.10903931 29.3212147 9.87919617 1.28054929 35.4448395 9.99540997 0.624799013 34.0989761 10.4923582 -0.42121622 40.1986885 11.5984135 0.0170883201 46.447937 10.8689804 -0.0445287041 44.9033585 10.7730494 3.28010178 32.1290588 10.1304684 2.05989623 36.0963669 10.1183634 2.14545107 42.2031479 10.0568037 1.88036108 39.9666977 9.92503357 1.57547593 44.0556297 10.0667439 1.26226914 45.7655296 11.6283607 -0.535458207 43.9294624 11.3932505 -0.989746988 38.6153412 11.7602367 -0.16321145 30.8262234 11.2644129 0.0354522243 30.572607 11.1467953 -0.572648942 33.814106 10.4778671 0.0847723112 32.5672455 10.8251123 -0.720542014 36.8009071 10.9309092 -0.595179617 41.9516945 10.2862282 -0.0838475451 35.3400002 10.075964 0.0305146072 38.3773956 10.0843182 2.26361489 28.5673542 10.031395 1.31096983 31.0021591 10.3436537 2.81325912 44.4449692 10.4937077 2.44851017 39.7809715 10.8445425 2.83800673 35.339695 10.9204092 3.22427368 43.8789444 10.3892984 0.446774721 45.2099419 10.1393557 0.283462942 42.5474625 11.694582 -0.903199077 40.9812965 9.88106155 0.713758409 40.1504974 11.6742048 -0.831621945 34.8188744 10.2368841 2.63190651 32.2095375 11.1121092 4.11335373 47.2229881 10.609602 3.813658 47.5220184 10.2362642 3.27791691 47.7648392 10.072526 2.70215034 47.9884491 10.2125521 1.79217339 48.3452339 11.066494 0.897413254 48.6666565 10.6505146 1.20797741 48.5804482 10.8489599 1.06242406 27.9195461 10.4871063 1.38282979 28.1699162 10.6249466 3.84433675 29.0789928 10.0984831 2.85838413 28.7825871 11.7776308 0.850004494 27.2674961 10.3047152 3.41858006 28.9391346 10.8396845 1.08863819 13.8480625 10.1506824 1.98984087 20.1689091 10.2235756 1.79175854 28.3913422 10.2308273 5.32366276 20.5358219 9.73648167 4.81157827 19.5292873 9.31653976 3.33347726 20.5954342 10.3430777 1.73365152 17.1324539 9.58947182 2.68942809 17.0668144 10.7121096 3.96128917 12.6588001 10.5644407 4.72771692 15.0195169 10.2798052 5.11890554 17.6574287 9.94329739 5.02442741 22.6898708 9.75106716 3.6483438 26.4007339 9.59839249 3.25206256 25.7912827 10.4711075 5.27545595 23.6044064 10.5054398 4.8077507 26.2378635 10.8603773 1.65038288 20.1840534 9.95885849 4.13941097 15.2280483 9.85276985 4.60230827 17.1400013 9.69374943 3.84096503 15.7577066 9.37485504 4.00740385 19.0298824 9.54178143 3.16420865 16.3150272 11.3021631 1.35340917 16.8874035 10.8476448 1.45241976 16.8646374 9.56651974 4.61097193 21.7223892 9.32944012 3.92283678 21.6243916 9.41426754 3.67929935 23.8795414 9.52189827 2.76221776 23.8340244 9.74394703 2.36546111 22.6120605 10.3573465 1.75928271 24.0054092 11.1089649 1.51855338 23.5177689 9.76601982 4.3860693 24.8076096 10.2030172 4.11762667 27.3756504 11.354188 0.895446718 27.5039425 10.2238836 1.75508213 13.3931646 10.1158657 3.01927185 12.8707876 10.4234228 1.46118832 13.5615273 10.0616522 2.36706161 13.1437244 10.4317741 3.63613224 12.6675549 9.94854259 -2.48153949 38.0628166 10.9208393 -1.11525571 29.1786976 10.6171408 -1.28587747 28.8259068 9.34654617 -3.88208604 42.2781487 10.2276907 -2.21289945 40.9701538 10.2461901 -2.00794744 43.8649216 10.1906681 -1.88399744 48.0066147 9.24766159 -3.65597081 40.0936661 9.69214916 -3.03378677 45.7376671 10.6245899 -4.82643223 30.2792702 9.96254444 -5.15094185 33.7236519 10.053256 -4.25693846 30.3387184 9.55737877 -4.78475952 34.5348358 9.5837965 -3.83673143 31.8702488 11.6604958 -1.10054374 30.3822803 11.0313826 -1.73527718 33.8228683 10.3478184 -5.42080498 43.1157341 10.6936712 -1.675457 44.5121536 10.8736458 -1.96735334 36.1546249 10.9661036 -2.02808905 38.7534027 11.1525707 -1.82281291 42.2046852 10.0083189 -4.71530151 44.9012718 9.54704571 -4.51325369 42.9609261 9.70499039 -3.74223995 45.6808968 9.72988415 -5.0839653 41.8337364 9.87713814 -5.50427818 37.8378677 10.2101612 -2.04202271 32.8394012 9.5716753 -5.14775419 38.3422318 9.27800751 -4.08244896 35.8747292 9.29201317 -4.6012063 38.8476677 9.38582039 -3.37323475 34.385479 9.42110062 -3.12698817 36.8621483 9.6614933 -3.11919165 31.1533089 10.647892 -1.77365601 32.8509827 10.0536089 -2.56416583 48.2718964 11.6714354 -0.970665038 46.8218002 11.1153297 -0.954117358 47.6292534 10.6698227 -1.25561655 47.7641335 11.0344601 -4.2118001 48.9425011 10.4877567 -3.79673576 48.7343826 10.1347809 -3.1453445 48.4771538 10.7059679 -4.00790119 27.9085903 10.3453207 -3.6081624 28.0866604 10.1271791 -3.13036942 28.2400761 10.0529337 -2.61671996 28.3976707 10.1220303 -2.11688876 28.5603142 11.4522133 -0.842784166 29.1556034 10.2928686 -1.71645474 28.7373371 10.1284113 -1.03209853 15.4288216 11.4713097 -0.0354972221 15.1897373 10.0853071 -2.95407748 13.446517 10.0500612 -2.42780304 13.2266626 10.1654568 -1.94982803 13.0755215 11.5866175 0.467336833 18.0560265 11.4113655 0.531974733 22.7619858 11.4185524 0.174904004 25.4296227 11.4721689 -0.193241984 27.1141853 9.78026867 -1.1413064 21.7014256 9.85787201 -1.62524807 16.5323334 9.90601444 -1.79930747 25.994566 9.77903843 -1.55646861 21.8121986 10.0892172 -2.70871878 16.3928986 9.95405197 -2.17509413 20.0703011 10.0610361 -2.58507824 24.7414551 10.2122164 -2.69203901 23.3694763 10.321003 -2.76579762 19.5736198 10.7302065 -3.09909248 19.7711048 11.3994551 0.59316045 20.3739643 11.0742674 0.118109412 16.5806618 10.8712893 0.380056083 19.3982716 10.7533226 0.229773641 23.2058983 10.3543024 0.00453614583 19.8778763 10.3692198 -0.0788606852 23.1811256 10.4765749 -0.599627316 26.4384785 10.2852554 -0.334492743 17.2420101 9.96056366 -0.495346546 20.631731 10.0336237 -0.840346217 24.7983112 10.6867847 -3.37609935 16.7839661 10.7085924 -3.13743663 22.7668133 10.250495 -3.46423364 13.5253887 11.6229324 -0.799084425 12.436265 10.7942333 -0.949198067 13.2713385 10.3978148 -1.52848601 12.9361658 10.8852539 -1.11569583 12.344986 11.0184155 -1.53508615 5.98893118 9.44512177 -3.84758592 4.43677235 9.74042034 -2.36261296 3.26655102 11.4215412 -1.18961513 2.70456219 9.76799297 -2.26136875 5.91438532 9.41697311 -2.85424829 6.42263174 9.66839027 -4.25564337 3.65761876 10.2354832 -5.04315615 4.26622581 10.5488186 -1.67713761 5.76467752 9.83206463 -4.8655858 6.48011684 10.3461657 -5.2492013 6.18830872 9.51784992 -4.38964415 6.7738328 11.0626507 -1.4711864 8.36315727 9.4180603 -2.96002221 7.92022514 11.2550497 -1.25929379 10.228282 10.0162811 -1.99213862 8.35982513 9.34349728 -3.58394289 8.11637115 9.47102833 -3.93172979 8.84866524 10.42138 -5.21600485 8.53011322 9.71252346 -3.45129895 11.4058542 9.83026505 -4.65694571 9.06770515 10.6168127 -1.55603766 9.31593704 9.8138876 -2.27431488 10.6637135 9.66314602 -2.84775281 11.0647249 9.85066319 -3.99437642 11.2894421 10.1737862 -4.41738939 11.4379187 10.5491581 -4.80770159 11.2637033 10.615139 -3.94942975 13.6957788 10.8892202 -1.02532601 0.224660814 10.4230947 -1.65519452 3.76892972 9.67442513 -2.66060805 2.54886341 10.5412884 -4.81338167 2.15906715 11.0781841 -1.19307375 2.22315478 9.69187832 -3.27434063 1.87460601 9.40319633 -3.42457223 4.34093523 10.0371609 -4.36903238 2.20455837 8.65014458 -6.06509733 43.9368973 8.17720795 -6.35012388 36.3065109 7.54086304 -6.8670001 31.1653576 7.74584723 -8.77563763 46.5318527 8.19603443 -6.29305601 41.8009071 7.27637291 -6.80650091 39.4926224 7.38581133 -6.80757952 43.4691811 7.40006638 -7.08772802 45.3095512 7.06967974 -9.59997559 37.3215103 7.61597824 -8.61288548 30.2595654 7.97408581 -7.59032393 28.0626583 6.77036858 -8.34473133 34.5364799 7.39025736 -7.66586208 30.4946194 8.11004162 -6.5570631 28.3875637 9.53995705 -6.09106922 32.8399925 7.29639196 -9.14542103 43.8326836 6.98956394 -9.33822155 40.970005 9.29519463 -6.17305088 42.5519562 9.0490551 -6.35262489 39.3172493 9.11885357 -6.30620956 36.1556549 9.63776398 -5.9658246 44.6734695 7.21042156 -8.46477413 44.8994942 6.87130737 -8.09253407 42.9591751 6.85784388 -7.34110451 39.4825172 8.14926529 -6.30370378 34.7486801 7.41212177 -7.51941109 46.1558609 6.68441296 -8.94656277 37.9951859 6.80626202 -8.68820095 41.8320122 6.60279465 -8.06899643 38.8474617 9.49947834 -5.5514102 29.1924858 6.94487095 -7.43438053 42.2761879 6.95594454 -7.28179836 35.0257301 7.05737638 -9.05674267 33.8174019 7.59921694 -6.57083702 34.4118462 7.03826332 -7.55404186 32.9838486 7.55457306 -9.18746471 31.8481216 9.87019062 -5.49145699 47.5232353 9.2647562 -5.55085707 47.7950172 8.83861828 -5.728508 47.9564018 8.33076286 -8.40690136 48.9116478 8.00955582 -7.78341341 48.6676712 7.96169424 -7.2664423 48.5817223 8.05700684 -6.68224859 48.3425026 8.18366909 -8.24390984 27.9255466 8.30239582 -8.56306267 28.1771755 7.98150063 -7.02754927 28.173521 8.37130451 -6.13734007 28.560482 10.2946997 -5.59852123 29.3878555 9.78034401 -5.67990923 30.0958538 8.92303753 -5.67710257 28.80023 8.47031593 -7.53132486 17.1738319 8.19098377 -7.06328917 16.6949368 8.52998352 -5.38762569 15.849946 9.58353519 -4.96276617 14.617445 10.4060974 -4.8528223 14.8951626 9.96247578 -4.72522926 26.3281937 10.0968285 -4.28012514 23.6848679 10.1329651 -4.12047482 20.8266735 10.0852604 -4.32827234 17.5031128 9.36403465 -4.6917181 25.5197716 9.45028305 -4.26984978 21.2930317 9.06580639 -4.88897228 15.8825493 8.98937988 -4.61897945 23.1439171 9.16637802 -4.44328308 19.1623058 8.77240849 -5.22030497 26.3222866 8.6513834 -4.83357382 20.3389988 8.43562412 -7.70572519 25.3046951 8.53037739 -7.30636978 22.2214069 8.40621948 -7.05679035 21.0583115 10.7445784 -4.50312424 17.070322 10.809474 -4.24507856 19.8914185 10.7973442 -4.29989386 22.7584782 10.5659542 -4.73295975 26.160635 8.27176476 -5.64607048 17.1311703 8.49432755 -5.3100729 25.0210991 8.29831314 -5.47426653 22.462656 8.21899796 -5.88158035 21.3689537 8.21276283 -6.44712257 21.3272724 8.15876102 -6.79762268 24.6263523 8.13202095 -6.41879654 17.017992 7.98413563 -7.71306992 13.6278934 7.96502256 -7.04937267 13.4629822 8.15042973 -6.44587374 13.2890654 9.58019257 -5.48072243 12.684268 8.99833107 -5.6405592 12.8690634 7.75112915 -8.88103867 2.0679028 7.31369162 -9.07105255 5.29534912 9.42686367 -5.97010374 5.98883009 7.10532236 -8.03154659 3.61942816 7.19375467 -8.56976318 4.00695705 10.6063471 -5.45227337 0.19172667 9.93569469 -5.81849527 2.70462084 8.00247002 -6.11718321 5.71626329 8.83404827 -5.83774519 3.76849747 7.50552511 -6.57004213 3.66484547 8.93991566 -5.90891218 5.76478863 7.08495522 -7.37740898 4.11802292 6.98864317 -8.53034019 6.48007345 7.03864908 -7.16424036 6.78160191 6.89513254 -7.9678545 6.77369404 7.33408785 -9.07779312 7.93877935 9.49325371 -5.9297266 8.36326885 7.46668673 -6.51347589 7.8062849 9.75514889 -5.81441593 10.2281551 8.36105633 -5.96653175 8.7198658 7.09315109 -7.25589705 8.94017601 7.06825018 -8.34323978 9.02369499 7.51891279 -8.88833714 10.2910671 7.40579653 -7.25041199 11.2436504 9.05126667 -5.82596827 9.31579781 8.02583027 -6.1556344 10.6634569 7.65491343 -6.61823606 11.0647545 10.2786436 -5.54365778 12.4363689 7.3908577 -7.96238613 11.3486586 8.48663521 -5.9945507 13.0727654 9.80421543 -5.40368891 0.19994691 7.92270422 -6.20646 3.26736069 7.54741383 -7.43182898 1.27343547 7.55047607 -6.81737328 2.18888211 9.62026978 -5.68206501 2.22379327 9.09526539 -5.60084486 0.246424779 7.50431967 -8.34756374 1.94882298 6.39621258 -8.98618412 47.5772629 5.12189007 -9.25324345 40.5081558 5.23119497 -9.17162609 33.7829895 6.31549644 -9.0447979 29.538353 4.08118343 -9.42670918 31.1662922 3.49229789 -11.2537355 46.5315132 4.79111958 -9.20812321 37.5619316 4.3079648 -9.17987728 41.6504631 3.96364164 -9.30937862 43.4678726 3.86277509 -9.57109261 45.3085861 2.7750752 -11.0095491 33.7276764 2.77619767 -10.4633961 34.5385551 3.61867642 -10.0953026 30.4953842 7.14359379 -9.31664467 29.1191807 5.94261217 -9.39626122 33.1374893 6.42160034 -9.61364365 32.3445244 5.88519955 -9.61956024 41.1817093 2.90086126 -11.4732857 43.6025925 5.62581491 -9.19798088 43.7802162 5.75094652 -9.55616188 36.1569977 6.35236597 -9.60620785 44.0364799 5.74945402 -9.64564228 38.3505783 3.12937856 -10.7520266 44.8981285 2.97093725 -10.2740355 42.957058 3.26463151 -9.58197689 39.4821281 3.69822454 -9.970397 46.1551247 2.45600343 -11.1825447 37.8386345 2.6693275 -10.7917356 41.8298416 2.73558688 -10.1432543 38.8472748 3.80480528 -9.31756687 34.7219162 3.30586338 -9.7026577 42.2738991 2.51651335 -10.7168283 38.3422203 3.11136174 -9.78578568 35.8779297 4.64594936 -9.14029408 34.1399651 2.6010952 -11.5165434 35.4567986 3.3424933 -9.84997559 32.9855995 7.06208134 -9.39412785 47.1408691 5.72970247 -8.91448879 47.9564476 4.13669491 -10.4548683 48.66745 4.30316448 -9.96314526 48.5815239 4.62791348 -9.46800709 48.3422966 4.1487937 -11.0838966 27.8321762 4.17012739 -10.3696737 27.9447212 5.0691328 -9.12880707 28.5465374 6.14995337 -8.93417168 28.9783096 6.62307119 -8.68448257 27.7442589 3.50294423 -11.0930967 29.9967499 4.89245415 -9.24540043 20.1434212 4.70641279 -9.61734962 24.2546501 4.42253971 -9.74807739 28.1690083 4.71303606 -9.39104366 28.3698883 7.90089035 -8.1809206 22.1124058 8.03568077 -8.28922749 19.3678207 4.66767168 -9.63274288 17.1270485 4.98212147 -8.94693661 17.2055302 5.38278818 -8.49789143 17.047081 7.83526134 -8.58455944 16.4761696 7.60497284 -8.92437935 14.6018867 6.37062502 -8.33360958 26.2920876 7.88150978 -8.41822624 24.1946182 7.29655647 -8.67174816 26.9134769 7.63147449 -8.72679901 26.4436378 4.77105236 -10.220871 22.7773075 7.05970478 -8.49110222 15.0606432 7.32242537 -8.12976456 17.4369144 6.76727772 -8.15747547 16.4447136 6.73753595 -7.87508917 19.2171001 6.11932707 -8.36196232 15.3503857 6.01286983 -8.08767796 17.8510151 4.81240177 -10.2437201 19.1955528 7.25146294 -7.87846851 20.4751148 6.46093464 -7.89057112 22.6589203 5.91283751 -8.03654861 20.5682392 5.71084404 -8.27026463 24.5292168 5.38700056 -8.98665619 28.719759 5.33431053 -8.47112942 22.5870247 4.92885303 -9.06402779 23.6533585 4.80069828 -9.7833643 20.0209427 7.11867619 -8.04765606 24.1434803 4.26749468 -11.2013025 14.1823454 4.14252281 -10.7241974 13.8347511 4.22920465 -10.2048206 13.739152 4.47136211 -9.66907501 13.5250254 5.30643272 -9.01014805 13.0450535 6.23403311 -8.92142963 12.7880611 6.80569172 -9.12553787 12.5531797 5.76357889 -8.90775681 12.9241276 2.97743297 -11.3478308 5.29536247 3.20986795 -10.3133917 3.61942315 3.07175016 -10.8410397 4.00692558 4.7494874 -8.93592358 5.30516434 7.45730257 -9.3810854 0.191722915 6.69567108 -9.44286442 2.70461965 4.16990995 -9.14100647 3.66487336 6.16249609 -9.30352688 5.05191231 3.45731425 -9.70752525 4.11800718 2.90040278 -10.7216015 6.48005056 6.17304945 -9.36851883 7.56136227 3.50171518 -9.49394608 6.78158331 3.04375339 -10.1697178 6.773664 5.50245523 -8.99962425 7.80494976 4.15744257 -9.07353401 7.80628014 2.99330616 -11.3621836 7.93873882 6.36092138 -9.2107954 10.3110895 3.51422572 -9.59984875 8.94017124 3.0957818 -10.4780912 9.17277908 3.1422987 -11.2040167 9.78033829 3.80207109 -9.72200871 11.2436543 3.51827502 -10.2835636 11.3044586 7.1423192 -9.47443867 12.0893936 5.32033443 -8.92778301 9.66589355 4.81378555 -8.97405052 10.6634073 4.28679276 -9.2457962 11.0647831 3.47084212 -11.0718498 11.550005 4.83528662 -9.27435493 13.2901506 3.36805177 -11.3425064 2.49978757 5.56926012 -8.97425938 3.73391509 4.69890261 -8.97853756 3.26740932 3.85766459 -9.94534111 1.27341723 4.11037779 -9.38524723 2.18886137 6.40037584 -9.14696789 2.17870402 6.11202621 -8.90971661 0.250500113 3.44584274 -10.7643728 1.9488014 1.09618878 -10.4812126 28.6226158 -0.570231855 -10.3814602 32.0990219 -1.26167393 -10.4560509 34.1609459 -2.19791603 -11.213336 36.2020187 -1.61044645 -11.6947575 45.6694412 -1.2885412 -10.4701958 42.4481926 0.561197698 -10.426404 38.7558861 1.11144316 -10.5600805 44.0027733 0.090349935 -10.2138386 39.5224838 -0.324004412 -10.1142759 39.6112328 -1.45650947 -11.3699484 31.0080795 -1.70921874 -10.7327518 34.5906105 -0.814650714 -10.7805891 30.4950123 0.602011859 -10.5354261 28.4017162 -2.20664024 -11.7504387 42.3229446 -1.02865517 -10.8548832 45.7895393 1.24461389 -10.9930525 40.6403046 1.16447282 -10.976284 37.064209 1.95566797 -11.3163748 44.678936 1.35573494 -11.356802 37.8489876 1.6882503 -11.3052826 33.4274788 -0.836272418 -10.1504879 38.7994118 1.14481604 -10.6688576 33.7400093 -1.78634799 -11.1019678 43.4277039 -0.368952036 -10.4360332 45.6057053 -1.32567382 -10.3243284 39.8796883 -1.41035247 -10.3585739 37.0545158 -0.344120473 -10.1464643 34.6993713 -0.255143344 -10.2138624 43.6009254 -2.24329281 -11.1357031 38.2566223 -1.90968239 -10.7412558 39.7280235 0.522132754 -10.3257332 34.0209312 -2.07297873 -11.6340218 33.5271988 2.448318 -11.2778816 29.4235973 2.71332979 -11.7101049 47.230835 2.46080017 -11.1685181 47.5233192 2.01147175 -10.7583113 47.7951317 1.59433138 -10.5605383 47.9565392 -0.135407135 -10.9380484 48.5816879 0.354640186 -10.6196842 48.3357697 -0.731926084 -11.7920666 27.926363 -0.33009392 -11.148694 27.9804783 1.68236506 -10.6077967 28.8195381 -1.51806092 -12.0121984 30.3947468 2.10575962 -10.8739128 29.1382771 -0.605735898 -11.5919704 13.8177614 0.500966668 -10.7247515 22.2550316 0.0606946498 -10.7904148 28.1689453 3.56888032 -10.417779 19.4026928 0.561241984 -10.5980673 18.0213585 1.44840348 -10.0376215 17.0600491 3.68117309 -11.1228294 16.6184483 3.93448877 -10.9845371 18.9053516 3.24728489 -11.1853294 14.6544886 3.66345739 -10.6138372 23.094677 2.00850606 -10.1043901 25.7889233 3.71028543 -11.2648687 25.2463531 2.99933648 -10.8079729 26.8498936 3.37149405 -11.1504011 26.529026 0.369806677 -10.9949293 19.7164116 0.106200755 -11.5350981 18.1390533 3.24026418 -10.4294472 17.0900688 2.80054927 -10.5273037 15.1952963 2.47266388 -10.1810532 16.1416855 2.78197479 -9.96167469 19.0194569 1.87259936 -10.1175222 15.7118378 0.0711684152 -11.1660213 16.7577877 3.95235515 -10.8822384 22.0349178 3.25526714 -10.1601496 21.9449043 2.70353389 -9.90715694 21.616127 2.45278621 -9.96587372 23.8745747 2.11625791 -9.83144093 19.6730862 1.66467667 -10.0333862 25.2350197 1.59128964 -9.93706703 22.0314007 1.400298 -9.98489857 21.9822922 0.638724625 -10.4954071 23.8978767 0.256528258 -11.3210688 21.4201107 3.11897087 -10.3895473 24.8033524 2.39985466 -10.3332138 26.5564651 -0.12081562 -11.2908373 25.8930874 -0.0769662261 -11.5331039 25.0310078 0.0747913942 -10.783082 13.5382147 -0.310526341 -11.1359463 13.7190809 0.503503084 -10.5679235 13.3352118 1.63024998 -10.5694628 12.926095 2.13357186 -10.8287668 12.7048626 -1.47609174 -11.8618364 2.06802464 -1.91000056 -11.6639395 5.29562235 1.80846095 -11.1593962 5.98898506 -1.27689624 -10.8134995 3.61949992 -1.61772215 -11.2393589 4.00717735 0.689875066 -10.1813784 5.30545521 0.0770298168 -10.1330013 3.66464853 1.52812362 -10.7565956 5.76483631 -0.804394484 -10.3606625 4.11817551 -1.72564673 -11.060545 6.48034191 -0.67695415 -10.1836138 6.7818799 -1.37019324 -10.6146717 6.77396441 -1.90132844 -11.683589 7.93899584 1.81458879 -10.9781799 8.87972736 0.093058385 -10.066267 7.8063941 2.11550617 -11.2135458 10.3045206 1.09802854 -10.3649693 8.72032642 -0.97096163 -10.5392647 9.78199291 -1.52777541 -10.9943876 9.06788921 0.617634356 -10.2190695 10.7231569 -0.350261301 -10.2170773 9.53861618 -1.65585589 -11.6221151 10.0577173 -1.33221173 -11.8060522 11.799818 -0.417691916 -10.509841 11.405983 -0.964799583 -11.0709257 11.7977076 2.68588591 -11.492403 12.4338465 1.00295508 -10.46698 13.2189884 2.26159 -11.4360647 2.70470071 1.42311537 -10.5498152 3.73456025 0.626417637 -10.1997576 3.2669313 -0.535402119 -10.7407284 1.27352107 -0.0767345652 -10.3318558 2.1890595 2.15196848 -11.1103992 2.22371387 1.94527817 -10.7116194 0.250499696 -1.24479735 -11.3214483 1.94900286 -4.49108982 -9.16205215 37.0664062 -6.03497601 -9.12022686 40.5709381 -6.42517567 -9.62533474 42.9827499 -5.56861544 -9.51159763 45.0545883 -5.24236393 -8.9721384 39.5686417 -3.50049257 -10.1947594 36.1875877 -2.97163439 -10.953126 32.5809174 -3.36215162 -10.1899252 43.2141037 -3.64668155 -9.98981762 38.7479172 -3.94323277 -9.5705595 35.4769592 -4.07852554 -9.42723083 41.3479767 -4.55130625 -9.30389595 44.1593285 -6.37555552 -9.56258774 33.8107834 -4.89125156 -10.1353645 28.0631313 -5.56832075 -9.69934464 30.7290096 -5.96965122 -9.20669651 34.8189926 -6.40669918 -9.23229122 37.2295914 -4.98841906 -9.2056179 33.0381203 -5.39127064 -8.96857452 36.695816 -3.23482418 -10.1283131 28.6017666 -4.1860733 -9.46256161 32.1191063 -3.38926601 -10.4608059 40.7817879 -3.39297843 -10.8428078 37.4864922 -4.99481297 -9.5807209 46.1688728 -5.16276789 -9.19319248 43.3663979 -6.03918934 -9.32164574 42.537529 -6.66024923 -9.42618942 39.2822876 -6.78519487 -9.89230347 34.3552628 -6.398139 -10.0100927 31.9065514 -3.06959105 -10.4922485 32.1499405 -2.37888551 -11.7359972 46.9299088 -2.28135324 -11.4305687 47.5017624 -2.53528571 -10.7929153 47.6508636 -3.14048481 -10.1707821 47.9932137 -5.60253382 -10.6314125 48.5731163 -4.4716506 -9.98683739 48.5712929 -5.32790518 -10.4473104 27.9087029 -4.27587843 -9.95483685 28.1235027 -3.77212024 -9.95118713 28.4423637 -2.23653889 -11.6441126 29.1870079 -2.79233742 -10.4612646 28.8241348 -2.44487166 -10.922761 28.9864235 -4.92599201 -10.517971 15.7700014 -2.62444615 -9.9833765 15.8499594 -1.89480531 -10.8540401 14.6175623 -1.45739543 -11.6237078 15.189002 -0.833441615 -11.7983589 19.8901234 -0.94194144 -11.1178999 21.7823048 -0.99667269 -11.1230755 18.9265289 -1.18802917 -11.1729183 24.51548 -1.29805517 -11.1521654 16.5686798 -1.76964319 -10.775609 26.468504 -1.44408739 -10.5301771 23.6476669 -1.33749318 -10.4429111 19.7814312 -1.98460662 -10.3388681 15.8826704 -2.57296562 -10.1041098 26.6210251 -1.62751067 -10.189642 21.3930225 -2.17651367 -9.91343784 18.9999371 -2.14283681 -10.0508842 24.5013981 -2.48603439 -9.84763241 23.7234516 -4.85823631 -10.6099844 25.3046761 -4.44914532 -10.576685 22.2214012 -4.25015783 -10.3814907 21.0583363 -1.04121971 -11.8183823 17.5274811 -0.864832282 -11.8016586 22.2796898 -1.10708582 -11.8244429 24.6531334 -1.62079 -11.7232056 27.1347771 -2.9433825 -9.79061031 19.2692471 -2.8616569 -9.79288292 21.8424263 -3.73012757 -10.0091076 21.3272762 -4.08017206 -10.0660629 24.6263981 -3.98578215 -9.99747086 16.731451 -4.88427162 -10.1256189 13.5937338 -4.26601696 -9.93696213 13.4412661 -2.3848772 -11.0129337 12.6820755 -2.72013712 -10.507102 12.8690157 -5.84745884 -10.6738176 0.291291863 -2.90126038 -11.0165701 5.98891211 -5.01459026 -9.49380016 2.25442624 -5.03658628 -9.2101078 4.43683529 -2.98292804 -10.2930279 0.244743258 -2.34085941 -11.6432705 1.38078916 -3.47699523 -9.71196747 5.5499053 -2.62326217 -11.2041388 2.86417651 -2.98144603 -10.4532871 5.20217037 -4.04576302 -9.28598118 6.42243767 -5.60669279 -9.38039017 4.30244398 -6.30826664 -9.87116718 4.26624775 -6.08948994 -9.48852158 6.48014307 -6.52475834 -9.9597187 6.18831778 -5.58329201 -9.22577858 6.77384567 -6.49960566 -10.0379944 8.53013897 -2.84233522 -11.0672741 8.36312485 -2.99367857 -10.4920845 7.78974676 -4.15109682 -9.2759943 7.92025375 -2.64546657 -11.202343 10.28057 -4.76377869 -9.13662243 8.11643314 -5.40439606 -9.27114201 8.86434174 -6.06126738 -9.67832279 9.22605324 -5.42498636 -9.69553947 11.3485966 -3.15154147 -10.1357231 8.34561348 -3.51050186 -9.74134254 10.6637392 -4.06504297 -9.53147602 11.0647373 -6.10040283 -10.205142 11.2753057 -2.24521518 -11.8161573 12.3832502 -3.18486834 -10.0293274 9.83873272 -2.3408947 -11.2934132 12.3032761 -3.21499586 -10.129735 13.072752 -3.70139217 -9.95635414 13.2338648 -4.74307251 -9.48979473 11.2435074 -6.11173058 -10.1993132 2.15913391 -2.7835207 -10.5970335 2.62877345 -3.59067464 -9.65900898 3.26680136 -3.99739385 -9.58890343 1.86364937 -4.6115222 -9.21263981 4.34100819 -5.61710835 -9.74438381 2.20466733 3.79105186 0.218697637 1.50188065 3.77017021 0.575991273 1.4477371 3.5497117 1.36103296 0.661301732 -3.99404454 1.29420519 0.7876634 3.49603844 1.49585378 8.3842162e-05 -4.19722748 0.52897799 1.43497503 -4.19085598 -0.561951578 1.45092463 3.77562618 -0.563824475 1.42027938 -3.9696815 -1.37930608 0.661301315 3.57407475 -1.31247818 0.787663341 -3.9160068 -1.51413 4.39287214e-05 3.26971459 -2.04464841 1.49235833 2.17282605 -3.25094581 1.50102973 0.761154354 -3.91357231 1.50091183 -1.18805385 -3.94380784 1.50266206 -2.89710641 -3.00350714 1.50107515 -3.93903422 -1.54319119 1.50806344 -0.209984884 -0.00913648587 6 -3.60933208 2.19091725 1.48904395 -2.26584506 3.44929647 1.50099063 -0.796382606 3.97130775 1.5008986 0.761153758 3.89529943 1.50091183 2.17282605 3.23267293 1.50102973 3.27861023 2.01396513 1.49100637 </float_array>
          <technique_common>
            <accessor count="6000" offset="0" source="#mesh_0-positions-array" stride="3">
              <param name="X" type="float" />
              <param name="Y" type="float" />
              <param name="Z" type="float" />
            </accessor>
          </technique_common>
        </source>
        <vertices id="mesh_0-vertices">
          <input semantic="POSITION" source="#mesh_0-positions" />
        </vertices>
        <polylist count="12000" material="defaultMaterial">
          <input offset="0" semantic="VERTEX" source="#mesh_0-vertices" />
          <vcount>3 3 3 3 3 3 3 3 3 3 3 3 3 3 3 3 3 3 3 3 3 3 3 3 3 3 3 3 3 3 3 3 3 3 3 3 3 3 3 3 3 3 3 3 3 3 3 3 3 3 3 3 3 3 3 3 3 3 3 3 3 3 3 3 3 3 3 3 3 3 3 3 3 3 3 3 3 3 3 3 3 3 3 3 3 3 3 3 3 3 3 3 3 3 3 3 3 3 3 3 3 3 3 3 3 3 3 3 3 3 3 3 3 3 3 3 3 3 3 3 3 3 3 3 3 3 3 3 3 3 3 3 3 3 3 3 3 3 3 3 3 3 3 3 3 3 3 3 3 3 3 3 3 3 3 3 3 3 3 3 3 3 3 3 3 3 3 3 3 3 3 3 3 3 3 3 3 3 3 3 3 3 3 3 3 3 3 3 3 3 3 3 3 3 3 3 3 3 3 3 3 3 3 3 3 3 3 3 3 3 3 3 3 3 3 3 3 3 3 3 3 3 3 3 3 3 3 3 3 3 3 3 3 3 3 3 3 3 3 3 3 3 3 3 3 3 3 3 3 3 3 3 3 3 3 3 3 3 3 3 3 3 3 3 3 3 3 3 3 3 3 3 3 3 3 3 3 3 3 3 3 3 3 3 3 3 3 3 3 3 3 3 3 3 3 3 3 3 3 3 3 3 3 3 3 3 3 3 3 3 3 3 3 3 3 3 3 3 3 3 3 3 3 3 3 3 3 3 3 3 3 3 3 3 3 3 3 3 3 3 3 3 3 3 3 3 3 3 3 3 3 3 3 3 3 3 3 3 3 3 3 3 3 3 3 3 3 3 3 3 3 3 3 3 3 3 3 3 3 3 3 3 3 3 3 3 3 3 3 3 3 3 3 3 3 3 3 3 3 3 3 3 3 3 3 3 3 3 3 3 3 3 3 3 3 3 3 3 3 3 3 3 3 3 3 3 3 3 3 3 3 3 3 3 3 3 3 3 3 3 3 3 3 3 3 3 3 3 3 3 3 3 3 3 3 3 3 3 3 3 3 3 3 3 3 3 3 3 3 3 3 3 3 3 3 3 3 3 3 3 3 3 3 3 3 3 3 3 3 3 3 3 3 3 3 3 3 3 3 3 3 3 3 3 3 3 3 3 3 3 3 3 3 3 3 3 3 3 3 3 3 3 3 3 3 3 3 3 3 3 3 3 3 3 3 3 3 3 3 3 3 3 3 3 3 3 3 3 3 3 3 3 3 3 3 3 3 3 3 3 3 3 3 3 3 3 3 3 3 3 3 3 3 3 3 3 3 3 3 3 3 3 3 3 3 3 3 3 3 3 3 3 3 3 3 3 3 3 3 3 3 3 3 3 3 3 3 3 3 3 3 3 3 3 3 3 3 3 3 3 3 3 3 3 3 3 3 3 3 3 3 3 3 3 3 3 3 3 3 3 3 3 3 3 3 3 3 3 3 3 3 3 3 3 3 3 3 3 3 3 3 3 3 3 3 3 3 3 3 3 3 3 3 3 3 3 3 3 3 3 3 3 3 3 3 3 3 3 3 3 3 3 3 3 3 3 3 3 3 3 3 3 3 3 3 3 3 3 3 3 3 3 3 3 3 3 3 3 3 3 3 3 3 3 3 3 3 3 3 3 3 3 3 3 3 3 3 3 3 3 3 3 3 3 3 3 3 3 3 3 3 3 3 3 3 3 3 3 3 3 3 3 3 3 3 3 3 3 3 3 3 3 3 3 3 3 3 3 3 3 3 3 3 3 3 3 3 3 3 3 3 3 3 3 3 3 3 3 3 3 3 3 3 3 3 3 3 3 3 3 3 3 3 3 3 3 3 3 3 3 3 3 3 3 3 3 3 3 3 3 3 3 3 3 3 3 3 3 3 3 3 3 3 3 3 3 3 3 3 3 3 3 3 3 3 3 3 3 3 3 3 3 3 3 3 3 3 3 3 3 3 3 3 3 3 3 3 3 3 3 3 3 3 3 3 3 3 3 3 3 3 3 3 3 3 3 3 3 3 3 3 3 3 3 3 3 3 3 3 3 3 3 3 3 3 3 3 3 3 3 3 3 3 3 3 3 3 3 3 3 3 3 3 3 3 3 3 3 3 3 3 3 3 3 3 3 3 3 3 3 3 3 3 3 3 3 3 3 3 3 3 3 3 3 3 3 3 3 3 3 3 3 3 3 3 3 3 3 3 3 3 3 3 3 3 3 3 3 3 3 3 3 3 3 3 3 3 3 3 3 3 3 3 3 3 3 3 3 3 3 3 3 3 3 3 3 3 3 3 3 3 3 3 3 3 3 3 3 3 3 3 3 3 3 3 3 3 3 3 3 3 3 3 3 3 3 3 3 3 3 3 3 3 3 3 3 3 3 3 3 3 3 3 3 3 3 3 3 3 3 3 3 3 3 3 3 3 3 3 3 3 3 3 3 3 3 3 3 3 3 3 3 3 3 3 3 3 3 3 3 3 3 3 3 3 3 3 3 3 3 3 3 3 3 3 3 3 3 3 3 3 3 3 3 3 3 3 3 3 3 3 3 3 3 3 3 3 3 3 3 3 3 3 3 3 3 3 3 3 3 3 3 3 3 3 3 3 3 3 3 3 3 3 3 3 3 3 3 3 3 3 3 3 3 3 3 3 3 3 3 3 3 3 3 3 3 3 3 3 3 3 3 3 3 3 3 3 3 3 3 3 3 3 3 3 3 3 3 3 3 3 3 3 3 3 3 3 3 3 3 3 3 3 3 3 3 3 3 3 3 3 3 3 3 3 3 3 3 3 3 3 3 3 3 3 3 3 3 3 3 3 3 3 3 3 3 3 3 3 3 3 3 3 3 3 3 3 3 3 3 3 3 3 3 3 3 3 3 3 3 3 3 3 3 3 3 3 3 3 3 3 3 3 3 3 3 3 3 3 3 3 3 3 3 3 3 3 3 3 3 3 3 3 3 3 3 3 3 3 3 3 3 3 3 3 3 3 3 3 3 3 3 3 3 3 3 3 3 3 3 3 3 3 3 3 3 3 3 3 3 3 3 3 3 3 3 3 3 3 3 3 3 3 3 3 3 3 3 3 3 3 3 3 3 3 3 3 3 3 3 3 3 3 3 3 3 3 3 3 3 3 3 3 3 3 3 3 3 3 3 3 3 3 3 3 3 3 3 3 3 3 3 3 3 3 3 3 3 3 3 3 3 3 3 3 3 3 3 3 3 3 3 3 3 3 3 3 3 3 3 3 3 3 3 3 3 3 3 3 3 3 3 3 3 3 3 3 3 3 3 3 3 3 3 3 3 3 3 3 3 3 3 3 3 3 3 3 3 3 3 3 3 3 3 3 3 3 3 3 3 3 3 3 3 3 3 3 3 3 3 3 3 3 3 3 3 3 3 3 3 3 3 3 3 3 3 3 3 3 3 3 3 3 3 3 3 3 3 3 3 3 3 3 3 3 3 3 3 3 3 3 3 3 3 3 3 3 3 3 3 3 3 3 3 3 3 3 3 3 3 3 3 3 3 3 3 3 3 3 3 3 3 3 3 3 3 3 3 3 3 3 3 3 3 3 3 3 3 3 3 3 3 3 3 3 3 3 3 3 3 3 3 3 3 3 3 3 3 3 3 3 3 3 3 3 3 3 3 3 3 3 3 3 3 3 3 3 3 3 3 3 3 3 3 3 3 3 3 3 3 3 3 3 3 3 3 3 3 3 3 3 3 3 3 3 3 3 3 3 3 3 3 3 3 3 3 3 3 3 3 3 3 3 3 3 3 3 3 3 3 3 3 3 3 3 3 3 3 3 3 3 3 3 3 3 3 3 3 3 3 3 3 3 3 3 3 3 3 3 3 3 3 3 3 3 3 3 3 3 3 3 3 3 3 3 3 3 3 3 3 3 3 3 3 3 3 3 3 3 3 3 3 3 3 3 3 3 3 3 3 3 3 3 3 3 3 3 3 3 3 3 3 3 3 3 3 3 3 3 3 3 3 3 3 3 3 3 3 3 3 3 3 3 3 3 3 3 3 3 3 3 3 3 3 3 3 3 3 3 3 3 3 3 3 3 3 3 3 3 3 3 3 3 3 3 3 3 3 3 3 3 3 3 3 3 3 3 3 3 3 3 3 3 3 3 3 3 3 3 3 3 3 3 3 3 3 3 3 3 3 3 3 3 3 3 3 3 3 3 3 3 3 3 3 3 3 3 3 3 3 3 3 3 3 3 3 3 3 3 3 3 3 3 3 3 3 3 3 3 3 3 3 3 3 3 3 3 3 3 3 3 3 3 3 3 3 3 3 3 3 3 3 3 3 3 3 3 3 3 3 3 3 3 3 3 3 3 3 3 3 3 3 3 3 3 3 3 3 3 3 3 3 3 3 3 3 3 3 3 3 3 3 3 3 3 3 3 3 3 3 3 3 3 3 3 3 3 3 3 3 3 3 3 3 3 3 3 3 3 3 3 3 3 3 3 3 3 3 3 3 3 3 3 3 3 3 3 3 3 3 3 3 3 3 3 3 3 3 3 3 3 3 3 3 3 3 3 3 3 3 3 3 3 3 3 3 3 3 3 3 3 3 3 3 3 3 3 3 3 3 3 3 3 3 3 3 3 3 3 3 3 3 3 3 3 3 3 3 3 3 3 3 3 3 3 3 3 3 3 3 3 3 3 3 3 3 3 3 3 3 3 3 3 3 3 3 3 3 3 3 3 3 3 3 3 3 3 3 3 3 3 3 3 3 3 3 3 3 3 3 3 3 3 3 3 3 3 3 3 3 3 3 3 3 3 3 3 3 3 3 3 3 3 3 3 3 3 3 3 3 3 3 3 3 3 3 3 3 3 3 3 3 3 3 3 3 3 3 3 3 3 3 3 3 3 3 3 3 3 3 3 3 3 3 3 3 3 3 3 3 3 3 3 3 3 3 3 3 3 3 3 3 3 3 3 3 3 3 3 3 3 3 3 3 3 3 3 3 3 3 3 3 3 3 3 3 3 3 3 3 3 3 3 3 3 3 3 3 3 3 3 3 3 3 3 3 3 3 3 3 3 3 3 3 3 3 3 3 3 3 3 3 3 3 3 3 3 3 3 3 3 3 3 3 3 3 3 3 3 3 3 3 3 3 3 3 3 3 3 3 3 3 3 3 3 3 3 3 3 3 3 3 3 3 3 3 3 3 3 3 3 3 3 3 3 3 3 3 3 3 3 3 3 3 3 3 3 3 3 3 3 3 3 3 3 3 3 3 3 3 3 3 3 3 3 3 3 3 3 3 3 3 3 3 3 3 3 3 3 3 3 3 3 3 3 3 3 3 3 3 3 3 3 3 3 3 3 3 3 3 3 3 3 3 3 3 3 3 3 3 3 3 3 3 3 3 3 3 3 3 3 3 3 3 3 3 3 3 3 3 3 3 3 3 3 3 3 3 3 3 3 3 3 3 3 3 3 3 3 3 3 3 3 3 3 3 3 3 3 3 3 3 3 3 3 3 3 3 3 3 3 3 3 3 3 3 3 3 3 3 3 3 3 3 3 3 3 3 3 3 3 3 3 3 3 3 3 3 3 3 3 3 3 3 3 3 3 3 3 3 3 3 3 3 3 3 3 3 3 3 3 3 3 3 3 3 3 3 3 3 3 3 3 3 3 3 3 3 3 3 3 3 3 3 3 3 3 3 3 3 3 3 3 3 3 3 3 3 3 3 3 3 3 3 3 3 3 3 3 3 3 3 3 3 3 3 3 3 3 3 3 3 3 3 3 3 3 3 3 3 3 3 3 3 3 3 3 3 3 3 3 3 3 3 3 3 3 3 3 3 3 3 3 3 3 3 3 3 3 3 3 3 3 3 3 3 3 3 3 3 3 3 3 3 3 3 3 3 3 3 3 3 3 3 3 3 3 3 3 3 3 3 3 3 3 3 3 3 3 3 3 3 3 3 3 3 3 3 3 3 3 3 3 3 3 3 3 3 3 3 3 3 3 3 3 3 3 3 3 3 3 3 3 3 3 3 3 3 3 3 3 3 3 3 3 3 3 3 3 3 3 3 3 3 3 3 3 3 3 3 3 3 3 3 3 3 3 3 3 3 3 3 3 3 3 3 3 3 3 3 3 3 3 3 3 3 3 3 3 3 3 3 3 3 3 3 3 3 3 3 3 3 3 3 3 3 3 3 3 3 3 3 3 3 3 3 3 3 3 3 3 3 3 3 3 3 3 3 3 3 3 3 3 3 3 3 3 3 3 3 3 3 3 3 3 3 3 3 3 3 3 3 3 3 3 3 3 3 3 3 3 3 3 3 3 3 3 3 3 3 3 3 3 3 3 3 3 3 3 3 3 3 3 3 3 3 3 3 3 3 3 3 3 3 3 3 3 3 3 3 3 3 3 3 3 3 3 3 3 3 3 3 3 3 3 3 3 3 3 3 3 3 3 3 3 3 3 3 3 3 3 3 3 3 3 3 3 3 3 3 3 3 3 3 3 3 3 3 3 3 3 3 3 3 3 3 3 3 3 3 3 3 3 3 3 3 3 3 3 3 3 3 3 3 3 3 3 3 3 3 3 3 3 3 3 3 3 3 3 3 3 3 3 3 3 3 3 3 3 3 3 3 3 3 3 3 3 3 3 3 3 3 3 3 3 3 3 3 3 3 3 3 3 3 3 3 3 3 3 3 3 3 3 3 3 3 3 3 3 3 3 3 3 3 3 3 3 3 3 3 3 3 3 3 3 3 3 3 3 3 3 3 3 3 3 3 3 3 3 3 3 3 3 3 3 3 3 3 3 3 3 3 3 3 3 3 3 3 3 3 3 3 3 3 3 3 3 3 3 3 3 3 3 3 3 3 3 3 3 3 3 3 3 3 3 3 3 3 3 3 3 3 3 3 3 3 3 3 3 3 3 3 3 3 3 3 3 3 3 3 3 3 3 3 3 3 3 3 3 3 3 3 3 3 3 3 3 3 3 3 3 3 3 3 3 3 3 3 3 3 3 3 3 3 3 3 3 3 3 3 3 3 3 3 3 3 3 3 3 3 3 3 3 3 3 3 3 3 3 3 3 3 3 3 3 3 3 3 3 3 3 3 3 3 3 3 3 3 3 3 3 3 3 3 3 3 3 3 3 3 3 3 3 3 3 3 3 3 3 3 3 3 3 3 3 3 3 3 3 3 3 3 3 3 3 3 3 3 3 3 3 3 3 3 3 3 3 3 3 3 3 3 3 3 3 3 3 3 3 3 3 3 3 3 3 3 3 3 3 3 3 3 3 3 3 3 3 3 3 3 3 3 3 3 3 3 3 3 3 3 3 3 3 3 3 3 3 3 3 3 3 3 3 3 3 3 3 3 3 3 3 3 3 3 3 3 3 3 3 3 3 3 3 3 3 3 3 3 3 3 3 3 3 3 3 3 3 3 3 3 3 3 3 3 3 3 3 3 3 3 3 3 3 3 3 3 3 3 3 3 3 3 3 3 3 3 3 3 3 3 3 3 3 3 3 3 3 3 3 3 3 3 3 3 3 3 3 3 3 3 3 3 3 3 3 3 3 3 3 3 3 3 3 3 3 3 3 3 3 3 3 3 3 3 3 3 3 3 3 3 3 3 3 3 3 3 3 3 3 3 3 3 3 3 3 3 3 3 3 3 3 3 3 3 3 3 3 3 3 3 3 3 3 3 3 3 3 3 3 3 3 3 3 3 3 3 3 3 3 3 3 3 3 3 3 3 3 3 3 3 3 3 3 3 3 3 3 3 3 3 3 3 3 3 3 3 3 3 3 3 3 3 3 3 3 3 3 3 3 3 3 3 3 3 3 3 3 3 3 3 3 3 3 3 3 3 3 3 3 3 3 3 3 3 3 3 3 3 3 3 3 3 3 3 3 3 3 3 3 3 3 3 3 3 3 3 3 3 3 3 3 3 3 3 3 3 3 3 3 3 3 3 3 3 3 3 3 3 3 3 3 3 3 3 3 3 3 3 3 3 3 3 3 3 3 3 3 3 3 3 3 3 3 3 3 3 3 3 3 3 3 3 3 3 3 3 3 3 3 3 3 3 3 3 3 3 3 3 3 3 3 3 3 3 3 3 3 3 3 3 3 3 3 3 3 3 3 3 3 3 3 3 3 3 3 3 3 3 3 3 3 3 3 3 3 3 3 3 3 3 3 3 3 3 3 3 3 3 3 3 3 3 3 3 3 3 3 3 3 3 3 3 3 3 3 3 3 3 3 3 3 3 3 3 3 3 3 3 3 3 3 3 3 3 3 3 3 3 3 3 3 3 3 3 3 3 3 3 3 3 3 3 3 3 3 3 3 3 3 3 3 3 3 3 3 3 3 3 3 3 3 3 3 3 3 3 3 3 3 3 3 3 3 3 3 3 3 3 3 3 3 3 3 3 3 3 3 3 3 3 3 3 3 3 3 3 3 3 3 3 3 3 3 3 3 3 3 3 3 3 3 3 3 3 3 3 3 3 3 3 3 3 3 3 3 3 3 3 3 3 3 3 3 3 3 3 3 3 3 3 3 3 3 3 3 3 3 3 3 3 3 3 3 3 3 3 3 3 3 3 3 3 3 3 3 3 3 3 3 3 3 3 3 3 3 3 3 3 3 3 3 3 3 3 3 3 3 3 3 3 3 3 3 3 3 3 3 3 3 3 3 3 3 3 3 3 3 3 3 3 3 3 3 3 3 3 3 3 3 3 3 3 3 3 3 3 3 3 3 3 3 3 3 3 3 3 3 3 3 3 3 3 3 3 3 3 3 3 3 3 3 3 3 3 3 3 3 3 3 3 3 3 3 3 3 3 3 3 3 3 3 3 3 3 3 3 3 3 3 3 3 3 3 3 3 3 3 3 3 3 3 3 3 3 3 3 3 3 3 3 3 3 3 3 3 3 3 3 3 3 3 3 3 3 3 3 3 3 3 3 3 3 3 3 3 3 3 3 3 3 3 3 3 3 3 3 3 3 3 3 3 3 3 3 3 3 3 3 3 3 3 3 3 3 3 3 3 3 3 3 3 3 3 3 3 3 3 3 3 3 3 3 3 3 3 3 3 3 3 3 3 3 3 3 3 3 3 3 3 3 3 3 3 3 3 3 3 3 3 3 3 3 3 3 3 3 3 3 3 3 3 3 3 3 3 3 3 3 3 3 3 3 3 3 3 3 3 3 3 3 3 3 3 3 3 3 3 3 3 3 3 3 3 3 3 3 3 3 3 3 3 3 3 3 3 3 3 3 3 3 3 3 3 3 3 3 3 3 3 3 3 3 3 3 3 3 3 3 3 3 3 3 3 3 3 3 3 3 3 3 3 3 3 3 3 3 3 3 3 3 3 3 3 3 3 3 3 3 3 3 3 3 3 3 3 3 3 3 3 3 3 3 3 3 3 3 3 3 3 3 3 3 3 3 3 3 3 3 3 3 3 3 3 3 3 3 3 3 3 3 3 3 3 3 3 3 3 3 3 3 3 3 3 3 3 3 3 3 3 3 3 3 3 3 3 3 3 3 3 3 3 3 3 3 3 3 3 3 3 3 3 3 3 3 3 3 3 3 3 3 3 3 3 3 3 3 3 3 3 3 3 3 3 3 3 3 3 3 3 3 3 3 3 3 3 3 3 3 3 3 3 3 3 3 3 3 3 3 3 3 3 3 3 3 3 3 3 3 3 3 3 3 3 3 3 3 3 3 3 3 3 3 3 3 3 3 3 3 3 3 3 3 3 3 3 3 3 3 3 3 3 3 3 3 3 3 3 3 3 3 3 3 3 3 3 3 3 3 3 3 3 3 3 3 3 3 3 3 3 3 3 3 3 3 3 3 3 3 3 3 3 3 3 3 3 3 3 3 3 3 3 3 3 3 3 3 3 3 3 3 3 3 3 3 3 3 3 3 3 3 3 3 3 3 3 3 3 3 3 3 3 3 3 3 3 3 3 3 3 3 3 3 3 3 3 3 3 3 3 3 3 3 3 3 3 3 3 3 3 3 3 3 3 3 3 3 3 3 3 3 3 3 3 3 3 3 3 3 3 3 3 3 3 3 3 3 3 3 3 3 3 3 3 3 3 3 3 3 3 3 3 3 3 3 3 3 3 3 3 3 3 3 3 3 3 3 3 3 3 3 3 3 3 3 3 3 3 3 3 3 3 3 3 3 3 3 3 3 3 3 3 3 3 3 3 3 3 3 3 3 3 3 3 3 3 3 3 3 3 3 3 3 3 3 3 3 3 3 3 3 3 3 3 3 3 3 3 3 3 3 3 3 3 3 3 3 3 3 3 3 3 3 3 3 3 3 3 3 3 3 3 3 3 3 3 3 3 3 3 3 3 3 3 3 3 3 3 3 3 3 3 3 3 3 3 3 3 3 3 3 3 3 3 3 3 3 3 3 3 3 3 3 3 3 3 3 3 3 3 3 3 3 3 3 3 3 3 3 3 3 3 3 3 3 3 3 3 3 3 3 3 3 3 3 3 3 3 3 3 3 3 3 3 3 3 3 3 3 3 3 3 3 3 3 3 3 3 3 3 3 3 3 3 3 3 3 3 3 3 3 3 3 3 3 3 3 3 3 3 3 3 3 3 3 3 3 3 3 3 3 3 3 3 3 3 3 3 3 3 3 3 3 3 3 3 3 3 3 3 3 3 3 3 3 3 3 3 3 3 3 3 3 3 3 3 3 3 3 3 3 3 3 3 3 3 3 3 3 3 3 3 3 3 3 3 3 3 3 3 3 3 3 3 3 3 3 3 3 3 3 3 3 3 3 3 3 3 3 3 3 3 3 3 3 3 3 3 3 3 3 3 3 3 3 3 3 3 3 3 3 3 3 3 3 3 3 3 3 3 3 3 3 3 3 3 3 3 3 3 3 3 3 3 3 3 3 3 3 3 3 3 3 3 3 3 3 3 3 3 3 3 3 3 3 3 3 3 3 3 3 3 3 3 3 3 3 3 3 3 3 3 3 3 3 3 3 3 3 3 3 3 3 3 3 3 3 3 3 3 3 3 3 3 3 3 3 3 3 3 3 3 3 3 3 3 3 3 3 3 3 3 3 3 3 3 3 3 3 3 3 3 3 3 3 3 3 3 3 3 3 3 3 3 3 3 3 3 3 3 3 3 3 3 3 3 3 3 3 3 3 3 3 3 3 3 3 3 3 3 3 3 3 3 3 3 3 3 3 3 3 3 3 3 3 3 3 3 3 3 3 3 3 3 3 3 3 3 3 3 3 3 3 3 3 3 3 3 3 3 3 3 3 3 3 3 3 3 3 3 3 3 3 3 3 3 3 3 3 3 3 3 3 3 3 3 3 3 3 3 3 3 3 3 3 3 3 3 3 3 3 3 3 3 3 3 3 3 3 3 3 3 3 3 3 3 3 3 3 3 3 3 3 3 3 3 3 3 3 3 3 3 3 3 3 3 3 3 3 3 3 3 3 3 3 3 3 3 3 3 3 3 3 3 3 3 3 3 3 3 3 3 3 3 3 3 3 3 3 3 3 3 3 3 3 3 3 3 3 3 3 3 3 3 3 3 3 3 3 3 3 3 3 3 3 3 3 3 3 3 3 3 3 3 3 3 3 3 3 3 3 3 3 3 3 3 3 3 3 3 3 3 3 3 3 3 3 3 3 3 3 3 3 3 3 3 3 3 3 3 3 3 3 3 3 3 3 3 3 3 3 3 3 3 3 3 3 3 3 3 3 3 3 3 3 3 3 3 3 3 3 3 3 3 3 3 3 3 3 3 3 3 3 3 3 3 3 3 3 3 3 3 3 3 3 3 3 3 3 3 3 3 3 3 3 3 3 3 3 3 3 3 3 3 3 3 3 3 3 3 3 3 3 3 3 3 3 3 3 3 3 3 3 3 3 3 3 3 3 3 3 3 3 3 3 3 3 3 3 3 3 3 3 3 3 3 3 3 3 3 3 3 3 3 3 3 3 3 3 3 3 3 3 3 3 3 3 3 3 3 3 3 3 3 3 3 3 3 3 3 3 3 3 3 3 3 3 3 3 3 3 3 3 3 3 3 3 3 3 3 3 3 3 3 3 3 3 3 3 3 3 3 3 3 3 3 3 3 3 3 3 3 3 3 3 3 3 3 3 3 3 3 3 3 3 3 3 3 3 3 3 3 3 3 3 3 3 3 3 3 3 3 3 3 3 3 3 3 3 3 3 3 3 3 3 3 3 3 3 3 3 3 3 3 3 3 3 3 3 3 3 3 3 3 3 3 3 3 3 3 3 3 3 3 3 3 3 3 3 3 3 3 3 3 3 3 3 3 3 3 3 3 3 3 3 3 3 3 3 3 3 3 3 3 3 3 3 3 3 3 3 3 3 3 3 3 3 3 3 3 3 3 3 3 3 3 3 3 3 3 3 3 3 3 3 3 3 3 3 3 3 3 3 3 3 3 3 3 3 3 3 3 3 3 3 3 3 3 3 3 3 3 3 3 3 3 3 3 3 3 3 3 3 3 3 3 3 3 3 3 3 3 3 3 3 3 3 3 3 3 3 3 3 3 3 3 3 3 3 3 3 3 3 3 3 3 3 3 3 3 3 3 3 3 3 3 3 3 3 3 3 3 3 3 3 3 3 3 3 3 3 3 3 3 3 3 3 3 3 3 3 3 3 3 3 3 3 3 3 3 3 3 3 3 3 3 3 3 3 3 3 3 3 3 3 3 3 3 3 3 3 3 3 3 3 3 3 3 3 3 3 3 3 3 3 3 3 3 3 3 3 3 3 3 3 3 3 3 3 3 3 3 3 3 3 3 3 3 3 3 3 3 3 3 3 3 3 3 3 3 3 3 3 3 3 3 3 3 3 3 3 3 3 3 3 3 3 3 3 3 3 3 3 3 3 3 3 3 3 3 3 3 3 3 3 3 3 3 3 3 3 3 3 3 3 3 3 3 3 3 3 3 3 3 3 3 3 3 3 3 3 3 3 3 3 3 3 3 3 3 3 3 3 3 3 3 3 3 3 3 3 3 3 3 3 3 3 3 3 3 3 3 3 3 3 3 3 3 3 3 3 3 3 3 3 3 3 3 3 3 3 3 3 3 3 3 3 3 3 3 3 3 3 3 3 3 3 3 3 3 3 3 3 3 3 3 3 3 3 3 3 3 3 3 3 3 3 3 3 3 3 3 3 3 3 3 3 3 3 3 3 3 3 3 3 3 3 3 3 3 3 3 3 3 3 3 3 3 3 3 3 3 3 3 3 3 3 3 3 3 3 3 3 3 3 3 3 3 3 3 3 3 3 3 3 3 3 3 3 3 3 3 3 3 3 3 3 3 3 3 3 3 3 3 3 3 3 3 3 3 3 3 3 3 3 3 3 3 3 3 3 3 3 3 3 3 3 3 3 3 3 3 3 3 3 3 3 3 3 3 3 3 3 3 3 3 3 3 3 3 3 3 3 3 3 3 3 3 3 3 3 3 3 3 3 3 3 3 3 3 3 3 3 3 3 3 3 3 3 3 3 3 3 3 3 3 3 3 3 3 3 3 3 3 3 3 3 3 3 3 3 3 3 3 3 3 3 3 3 3 3 3 3 3 3 3 3 3 3 3 3 3 3 3 3 3 3 3 3 3 3 3 3 3 3 3 3 3 3 3 3 3 3 3 3 3 3 3 3 3 3 3 3 3 3 3 3 3 3 3 3 3 3 3 3 3 3 3 3 3 3 3 3 3 3 3 3 3 3 3 3 3 3 3 3 3 3 3 3 3 3 3 3 3 3 3 3 3 3 3 3 3 3 3 3 3 3 3 3 3 3 3 3 3 3 3 3 3 3 3 3 3 3 3 3 3 3 3 3 3 3 3 3 3 3 3 3 3 3 3 3 3 3 3 3 3 3 3 3 3 3 3 3 3 3 3 3 3 3 3 3 3 3 3 3 3 3 3 3 3 3 3 3 3 3 3 3 3 3 3 3 3 3 3 3 3 3 3 3 3 3 3 3 3 3 3 3 3 3 3 3 3 3 3 3 3 3 3 3 3 3 3 3 3 3 3 3 3 3 3 3 3 3 3 3 3 3 3 3 3 3 3 3 3 3 3 3 3 3 3 3 3 3 3 3 3 3 3 3 3 3 3 3 3 3 3 3 3 3 3 3 3 3 3 3 3 3 3 3 3 3 3 3 3 3 3 3 3 3 3 3 3 3 3 3 3 3 3 3 3 3 3 3 3 3 3 3 3 3 3 3 3 3 3 3 3 3 3 3 3 3 3 3 3 3 3 3 3 3 3 3 3 3 3 3 3 3 3 3 3 3 3 3 3 3 3 3 3 3 3 3 3 3 3 3 3 3 3 3 3 3 3 3 3 3 3 3 3 3 3 3 3 3 3 3 3 3 3 3 3 3 3 3 3 3 3 3 3 3 3 3 3 3 3 3 3 3 3 3 3 3 3 3 3 3 3 3 3 3 3 3 3 3 3 3 3 3 3 3 3 3 3 3 3 3 3 3 3 3 3 3 3 3 3 3 3 3 3 3 3 3 3 3 3 3 3 3 3 3 3 3 3 3 3 3 3 3 3 3 3 3 3 3 3 3 3 3 3 3 3 3 3 3 3 3 3 3 3 3 3 3 3 3 3 3 3 3 3 3 3 3 3 3 3 3 3 3 3 3 3 3 3 3 3 3 3 3 3 3 3 3 3 3 3 3 3 3 3 3 3 3 3 3 3 3 3 3 3 3 3 3 3 3 3 3 3 3 3 3 3 3 3 3 3 3 3 3 3 3 3 3 3 3 3 3 3 3 3 3 3 3 3 3 3 3 3 3 3 3 3 3 3 3 3 3 3 3 3 3 3 3 3 3 3 3 3 3 3 3 3 3 3 3 3 3 3 3 3 3 3 3 3 3 3 3 3 3 3 3 3 3 3 3 3 3 3 3 3 3 3 3 3 3 3 3 3 3 3 3 3 3 3 3 3 3 3 3 3 3 3 3 3 3 3 3 3 3 3 3 3 3 3 3 3 3 3 3 3 3 3 3 3 3 3 3 3 3 3 3 3 3 3 3 3 3 3 3 3 3 3 3 3 3 3 3 3 3 3 3 3 3 3 3 3 3 3 3 3 3 3 3 3 3 3 3 3 3 3 3 3 3 3 3 3 3 3 3 3 3 3 3 3 3 3 3 3 3 3 3 3 3 3 3 3 3 3 3 3 3 3 3 3 3 3 3 3 3 3 3 3 3 3 3 3 3 3 3 3 3 3 3 3 3 3 3 3 3 3 3 3 3 3 3 3 3 3 3 3 3 3 3 3 3 3 3 3 3 3 3 3 3 3 3 3 3 3 3 3 3 3 3 3 3 3 3 3 3 3 3 3 3 3 3 3 3 3 3 3 3 3 3 3 3 3 3 3 3 3 3 3 3 3 3 3 3 3 3 3 3 3 3 3 3 3 3 3 3 3 3 3 3 3 3 3 3 3 3 3 3 3 3 3 3 3 3 3 3 3 3 3 3 3 3 3 3 3 3 3 3 3 3 3 3 3 3 3 3 3 3 3 3 3 3 3 3 3 3 3 3 3 3 3 3 3 3 3 3 3 3 3 3 3 3 3 3 3 3 3 3 3 3 3 3 3 3 3 3 3 3 3 3 3 3 3 3 3 3 3 3 3 3 3 3 3 3 3 3 3 3 3 3 3 3 3 3 3 3 3 3 3 3 3 3 3 3 3 3 3 3 3 3 3 3 3 3 3 3 3 3 3 3 3 3 3 3 3 3 3 3 3 3 3 3 3 3 3 3 3 3 3 3 3 3 3 3 3 3 3 3 3 3 3 3 3 3 3 3 3 3 3 3 3 3 3 3 3 3 3 3 3 3 3 3 3 3 3 3 3 3 3 3 3 3 3 3 3 3 3 3 3 3 3 3 3 3 3 3 3 3 3 3 3 3 3 3 3 3 3 3 3 3 3 3 3 3 3 3 3 3 3 3 3 3 3 3 3 3 3 3 3 3 3 3 3 3 3 3 3 3 3 3 3 3 3 3 3 3 3 3 3 3 3 3 3 3 3 3 3 3 3 3 3 3 3 3 3 3 3 3 3 3 3 3 3 3 3 3 3 3 3 3 3 3 3 3 3 3 3 3 3 3 3 3 3 3 3 3 3 3 3 3 3 3 3 3 3 3 3 3 3 3 3 3 3 3 3 3 3 3 3 3 3 3 3 3 3 3 3 3 3 3 3 3 3 3 3 3 3 3 3 3 3 3 3 3 3 3 3 3 3 3 3 3 3 3 3 3 3 3 3 3 3 3 3 3 3 3 3 3 3 3 3 3 3 3 3 3 3 3 3 3 3 3 3 3 3 3 3 3 3 3 3 3 3 3 3 3 3 3 3 3 3 3 3 3 3 3 3 3 3 3 3 3 3 3 3 3 3 3 3 3 3 3 3 3 3 3 3 3 3 3 3 3 3 3 3 3 3 3 3 3 3 3 3 3 3 3 3 3 3 3 3 3 3 3 3 3 3 3 3 3 3 3 3 3 3 3 3 3 3 3 3 3 3 3 3 3 3 3 3 3 3 3 3 3 3 3 3 3 3 3 3 3 3 3 3 3 3 3 3 3 3 3 3 3 3 3 3 3 3 3 3 3 3 3 3 3 3 3 3 3 3 3 3 3 3 3 3 3 3 3 3 3 3 3 3 3 3 3 3 3 3 3 3 3 3 3 3 3 3 3 3 3 3 3 3 3 3 3 3 3 3 3 3 3 3 3 3 3 3 3 3 3 3 3 3 3 3 3 3 3 3 3 3 3 3 3 3 3 3 3 3 3 3 3 3 3 3 3 3 3 3 3 3 3 3 3 3 3 3 3 3 3 3 3 3 3 3 3 3 3 3 3 3 3 3 3 3 3 3 3 3 3 3 3 3 3 3 3 3 3 3 3 3 3 3 3 3 3 3 3 3 3 3 3 3 3 3 3 3 3 3 3 3 3 3 3 3 3 3 3 3 3 3 3 3 3 3 3 3 3 3 3 3 3 3 3 3 3 3 3 3 3 3 3 3 3 3 3 3 3 3 3 3 3 3 3 3 3 3 3 3 3 3 3 3 3 3 3 3 3 3 3 3 3 3 3 3 3 3 3 3 3 3 3 3 3 3 3 3 3 3 3 3 3 3 3 3 3 3 3 3 3 3 3 3 3 3 3 3 3 3 3 3 3 3 3 3 3 3 3 3 3 3 3 3 3 3 3 3 3 3 3 3 3 3 3 3 3 3 3 3 3 3 3 3 3 3 3 3 3 3 3 3 3 3 3 3 3 3 3 3 3 3 3 3 3 3 3 3 3 3 3 3 3 3 3 3 3 3 3 3 3 3 3 3 3 3 3 3 3 3 3 3 3 3 3 3 3 3 3 3 3 3 3 3 3 3 3 3 3 3 3 3 3 3 3 3 3 3 3 3 3 3 3 3 3 3 3 3 3 3 3 3 3 3 3 3 3 3 3 3 3 3 3 3 3 3 3 3 3 3 3 3 3 3 3 3 3 3 3 3 3 3 3 3 3 3 3 3 3 3 3 3 3 3 3 3 3 3 3 3 3 3 3 3 3 3 3 3 3 3 3 3 3 3 3 3 3 3 3 3 3 3 3 3 3 3 3 3 3 3 3 3 3 3 3 3 3 3 3 3 3 3 3 3 3 3 3 3 3 3 3 3 3 3 3 3 3 3 3 3 3 3 3 3 3 3 3 3 3 3 3 3 3 3 3 3 3 3 3 3 3 3 3 3 3 3 3 3 3 3 3 3 3 3 3 3 3 3 3 3 3 3 3 3 3 3 3 3 3 3 3 3 3 3 3 3 3 3 3 3 3 3 3 3 3 3 3 3 3 3 3 3 3 3 3 3 3 3 3 3 3 3 3 3 3 3 3 3 3 3 3 3 3 3 3 3 3 3 3 3 3 3 3 3 3 3 3 3 3 3 3 3 3 3 3 3 3 3 3 3 3 3 3 3 3 3 3 3 3 3 3 3 3 3 3 3 3 3 3 3 3 3 3 3 3 3 3 3 3 3 3 3 3 3 3 3 3 3 3 3 3 3 3 3 3 3 3 3 3 3 3 3 3 3 3 3 3 3 3 3 3 3 3 3 3 3 3 3 3 3 3 3 3 3 3 3 3 3 3 3 3 3 3 3 3 3 3 3 3 3 3 3 3 3 3 3 3 3 3 3 3 3 3 3 3 3 3 3 3 3 3 3 3 3 3 3 3 3 3 3 3 3 3 3 3 3 3 3 3 3 3 3 3 3 3 3 3 3 3 3 3 3 3 3 3 3 3 3 3 3 3 3 3 3 3 3 3 3 3 3 3 3 3 3 3 3 3 3 3 3 3 3 3 3 3 3 3 3 3 3 3 3 3 3 3 3 3 3 3 3 3 3 3 3 3 3 3 3 3 3 3 3 3 3 3 3 3 3 3 3 3 3 3 3 3 3 3 3 3 3 3 3 3 3 3 3 3 3 3 3 3 3 3 3 3 3 3 3 3 3 3 3 3 3 3 3 3 3 3 3 3 3 3 3 3 3 3 3 3 3 3 3 3 3 3 3 3 3 3 3 3 3 3 3 3 3 3 3 3 3 3 3 3 3 3 3 3 3 3 3 3 3 3 3 3 3 3 3 3 3 3 3 3 3 3 3 3 3 3 3 3 3 3 3 3 3 3 3 3 3 3 3 3 3 3 3 3 3 3 3 3 3 3 3 3 3 3 3 3 3 3 3 3 3 3 3 3 3 3 3 3 3 3 3 3 3 3 3 3 3 3 3 3 3 3 3 3 3 3 3 3 3 3 3 3 3 3 3 3 3 3 3 3 3 3 3 3 3 3 3 3 3 3 3 3 3 3 3 3 3 3 3 3 3 3 3 3 3 3 3 3 3 3 3 3 3 3 3 3 3 3 3 3 3 3 3 3 3 3 3 3 3 3 3 3 3 3 3 3 3 3 3 3 3 3 3 3 3 3 3 3 3 3 3 3 3 3 3 3 3 3 3 3 3 3 3 3 3 3 3 3 3 3 3 3 3 3 3 3 3 3 3 3 3 3 3 3 3 3 3 3 3 3 3 3 3 3 3 3 3 3 3 3 3 3 3 3 3 3 3 3 3 3 3 3 3 3 3 3 3 3 3 3 3 3 3 3 3 3 3 3 3 3 3 3 3 3 3 3 3 3 3 3 3 3 3 3 3 3 3 3 3 3 3 3 3 3 3 3 3 3 3 3 3 3 3 3 3 3 3 3 3 3 3 3 3 3 3 3 3 3 3 3 3 3 3 3 3 3 3 3 3 3 3 3 3 3 3 3 3 3 3 3 3 3 3 3 3 3 3 3 3 3 3 3 3 3 3 3 3 3 3 3 3 3 3 3 3 3 3 3 3 3 3 3 3 3 3 3 3 3 3 3 3 3 3 3 3 3 3 3 3 3 3 3 3 3 3 3 3 3 3 3 3 3 3 3 3 3 3 3 3 3 3 3 3 3 3 3 3 3 3 3 3 3 3 3 3 3 3 3 3 3 3 3 3 3 3 3 3 3 3 3 3 3 3 3 3 3 3 3 3 3 3 3 3 3 3 3 3 3 3 3 3 3 3 3 3 3 3 3 3 3 3 3 3 3 3 3 3 3 3 3 3 3 3 3 3 3 3 3 3 3 3 3 3 3 3 3 3 3 3 3 3 3 3 3 3 3 3 3 3 3 3 3 3 3 3 3 3 3 3 3 3 3 3 3 3 3 3 3 3 3 3 3 3 3 3 3 3 3 3 3 3 3 3 3 3 3 3 3 3 3 3 3 3 3 3 3 3 3 3 3 3 3 3 3 3 3 3 3 3 3 3 3 3 3 3 3 3 3 3 3 3 3 3 3 3 3 3 3 3 3 3 3 3 3 3 3 3 3 3 3 3 3 3 3 3 3 3 3 3 3 3 3 3 3 3 3 3 3 3 3 3 3 3 3 3 3 3 3 3 3 3 3 3 3 3 3 3 3 3 3 3 3 3 3 3 3 3 3 3 3 3 3 3 3 3 3 3 3 3 3 3 3 3 3 3 3 3 3 3 3 3 3 3 3 3 3 3 3 3 3 3 3 3 3 3 3 3 3 3 3 3 3 3 3 3 3 3 3 3 3 3 3 3 3 3 3 3 3 3 3 3 3 3 3 3 3 3 3 3 3 3 3 3 3 3 3 3 3 3 3 3 3 3 3 3 3 3 3 3 3 3 3 3 3 3 3 3 3 3 3 3 3 3 3 3 3 3 3 3 3 3 3 3 3 3 3 3 3 3 3 3 3 3 3 3 3 3 3 3 3 3 3 3 3 3 3 3 3 3 3 3 3 3 3 3 3 3 3 3 3 3 3 3 3 3 3 3 3 3 3 3 3 3 3 3 3 3 3 3 3 3 3 3 3 3 3 3 3 3 3 3 3 3 3 3 3 3 3 3 3 3 3 3 3 3 3 3 3 3 3 3 3 3 3 3 3 3 3 3 3 3 3 3 3 3 3 3 3 3 3 3 3 3 3 3 3 3 3 3 3 3 3 3 3 3 3 3 3 3 3 3 3 3 3 3 3 3 3 3 3 3 3 3 3 3 3 3 3 3 3 3 3 3 3 3 3 3 3 3 3 3 3 3 3 3 3 3 3 3 3 3 3 3 3 3 3 3 3 3 3 3 3 3 3 3 3 3 3 3 3 3 3 3 3 3 3 3 3 3 3 3 3 3 3 3 3 3 3 3 3 3 3 3 3 3 3 3 3 3 3 3 3 3 3 3 3 3 3 3 3 3 3 3 3 3 3 3 3 3 3 3 3 3 3 3 3 3 3 3 3 3 3 3 3 3 3 3 3 3 3 3 3 3 3 3 3 3 3 3 3 3 3 3 3 3 3 3 3 3 3 3 3 3 3 3 3 3 3 3 3 3 3 3 3 3 3 3 3 3 3 3 3 3 3 3 3 3 3 3 3 3 3 3 3 3 3 3 3 3 3 3 3 3 3 3 3 3 3 3 3 3 3 3 3 3 3 3 3 3 3 3 3 3 3 3 3 3 3 3 3 3 3 3 3 3 3 3 3 3 3 3 3 3 3 3 3 3 3 3 3 3 3 3 3 3 3 3 3 3 3 3 3 3 3 3 3 3 3 3 3 3 3 3 3 3 3 3 3 3 3 3 3 3 3 3 3 3 3 3 3 3 3 3 3 3 3 3 3 3 3 3 3 3 3 3 3 3 3 3 3 3 3 3 3 3 3 3 3 3 3 3 3 3 3 3 3 3 3 3 3 3 3 3 3 3 3 3 3 3 3 3 3 3 3 3 3 3 3 3 3 3 3 3 3 3 3 3 3 3 3 3 3 3 3 3 3 3 3 3 3 3 3 3 3 3 3 3 3 3 3 3 3 3 3 3 3 3 3 3 3 3 3 3 3 3 3 3 3 3 3 3 3 3 3 3 3 3 3 3 3 3 3 3 3 3 3 3 3 3 3 3 3 3 3 3 3 3 3 3 3 3 3 3 3 3 3 3 3 3 3 3 3 3 3 3 3 3 3 3 3 3 3 3 3 3 3 3 3 3 3 3 3 3 3 3 3 3 3 3 3 3 3 3 3 3 3 3 3 3 3 3 3 3 3 3 3 3 3 3 3 3 3 3 3 3 3 3 3 3 3 3 3 3 3 3 3 3 3 3 3 3 3 3 3 3 3 3 3 3 3 3 3 3 3 3 3 3 3 3 3 3 3 3 3 3 3 3 3 3 3 3 3 3 3 3 3 3 3 3 3 3 3 3 3 3 3 3 3 3 3 3 3 3 3 3 3 3 3 3 3 3 3 3 3 3 3 3 3 3 3 3 3 3 3 3 3 3 3 3 3 3 3 3 3 3 3 3 3 3 3 3 3 3 3 3 3 3 3 3 3 3 3 3 3 3 3 3 3 3 3 3 3 3 3 3 3 3 3 3 3 3 3 3 3 3 3 3 3 3 3 3 3 3 3 3 3 3 3 3 3 3 3 3 3 3 3 3 3 3 3 3 3 3 3 3 3 3 3 3 3 3 3 3 3 3 3 3 3 3 3 3 3 3 3 3 3 3 3 3 3 3 3 3 3 3 3 3 3 3 3 3 3 3 3 3 3 3 3 3 3 3 3 3 3 3 3 3 3 3 3 3 3 3 3 3 3 3 3 3 3 3 3 3 3 3 3 3 3 3 3 3 3 3 3 3 3 3 3 3 3 3 3 3 3 3 3 3 3 3 3 3 3 3 3 3 3 3 3 3 3 3 3 3 3 3 3 3 3 3 3 3 3 3 3 3 3 3 3 3 3 3 3 3 3 3 3 3 3 3 3 3 3 3 3 3 3 3 3 3 3 3 3 3 3 3 3 3 3 3 3 3 3 3 3 3 3 3 3 3 3 3 3 3 3 3 3 3 3 3 3 3 3 3 3 3 3 3 3 3 3 3 3 3 3 3 3 3 3 3 3 3 3 3 3 3 3 3 3 3 3 3 3 3 3 3 3 3 3 3 3 3 3 3 3 3 3 3 3 3 3 3 3 3 3 3 3 3 3 3 3 3 3 3 3 3 3 3 3 3 3 3 3 3 3 3 3 3 3 3 3 3 3 3 3 3 3 3 3 3 3 3 3 3 3 3 3 3 3 3 3 3 3 3 3 3 3 3 3 3 3 3 3 3 3 3 3 3 3 3 3 3 3 3 3 3 3 3 3 3 3 3 3 3 3 3 3 3 3 3 3 3 3 3 3 3 3 3 3 3 3 3 3 3 3 3 3 3 3 3 3 3 3 3 3 3 3 3 3 3 3 3 3 3 3 3 3 3 3 3 3 3 3 3 3 3 3 3 3 3 3 3 3 3 3 3 3 3 3 3 3 3 3 3 3 3 3 3 3 3 3 3 3 3 3 3 3 3 3 3 3 3 3 3 3 3 3 3 3 3 3 3 3 3 3 3 3 3 3 3 3 3 3 3 3 3 3 3 3 3 3 3 3 3 3 3 3 3 3 3 3 3 3 3 3 3 3 3 3 3 3 3 3 3 3 3 3 3 3 3 3 3 3 3 3 3 3 3 3 3 3 3 3 3 3 3 3 3 3 3 3 3 3 3 3 3 3 3 3 3 3 3 3 3 3 3 3 3 3 3 3 3 3 3 3 3 3 3 3 3 3 3 3 3 3 3 3 3 3 3 3 3 3 3 3 3 3 3 3 3 3 3 3 3 3 3 3 3 3 3 3 3 3 3 3 3 3 3 3 3 3 3 3 3 3 3 3 3 3 3 3 3 3 3 3 3 3 3 3 3 3 3 3 3 3 3 3 3 3 3 3 3 3 3 3 3 3 3 3 3 3 3 3 3 3 3 3 3 3 3 3 3 3 3 3 3 3 3 3 3 3 3 3 3 3 3 3 3 3 3 3 3 3 3 3 3 3 3 3 3 3 3 3 3 3 3 3 3 3 3 3 3 3 3 3 3 3 3 3 3 3 3 3 3 3 3 3 3 3 3 3 3 3 3 3 3 3 3 3 3 3 3 3 3 3 3 3 3 3 3 3 3 3 3 3 3 3 3 3 3 3 3 3 3 3 3 3 3 3 3 3 3 3 3 3 3 3 3 3 3 3 3 3 3 3 3 3 3 3 3 3 3 3 3 3 3 3 3 3 3 3 3 3 3 3 3 3 3 3 3 3 3 3 3 3 3 3 3 3 3 3 3 3 3 3 3 3 3 3 3 3 3 3 3 3 3 3 3 3 3 3 3 3 3 3 3 3 3 3 3 3 3 3 3 3 3 3 3 3 3 3 3 3 3 3 3 3 3 3 3 3 3 3 3 3 3 3 3 3 3 3 3 3 3 3 3 3 3 3 3 3 3 3 3 3 3 3 3 3 3 3 3 3 3 3 3 3 3 3 3 3 3 3 3 3 3 3 3 3 3 3 3 3 3 3 3 3 3 3 3 3 3 3 3 3 3 3 3 3 3 3 3 3 3 3 3 3 3 3 3 3 3 3 3 3 3 3 3 3 3 3 3 3 3 3 3 3 3 3 3 3 3 3 3 3 3 3 3 3 3 3 3 3 3 3 3 3 3 3 3 3 3 3 3 3 3 3 3 3 3 3 3 3 3 3 3 3 3 3 3 3 3 3 3 3 3 3 3 3 3 3 3 3 3 3 3 3 3 3 3 3 3 3 3 3 3 3 3 3 3 3 3 3 3 3 3 3 3 3 3 3 3 3 3 3 3 3 3 3 3 3 3 3 3 3 3 3 3 3 3 3 3 3 3 3 3 3 3 3 3 3 3 3 3 3 3 3 3 3 3 3 3 3 3 3 3 3 3 3 3 3 3 3 3 3 3 3 3 3 3 3 3 3 3 3 3 3 3 3 3 3 3 3 3 3 3 3 3 3 3 3 3 3 3 3 3 3 3 3 3 3 3 3 3 3 3 3 3 3 3 3 3 3 3 3 3 3 3 3 3 3 3 3 3 3 3 3 3 3 3 3 3 3 3 3 3 3 3 3 3 3 3 3 3 3 3 3 3 3 3 3 3 3 3 3 3 3 3 3 3 3 3 3 3 3 3 3 3 3 3 3 3 3 3 3 3 3 3 3 3 3 3 3 3 3 3 3 3 3 3 3 3 3 3 3 3 3 3 3 3 3 3 3 3 3 3 3 3 3 3 3 3 3 3 3 3 3 3 3 3 3 3 3 3 3 3 3 3 3 3 3 3 3 3 3 3 3 3 3 3 3 3 3 3 3 3 3 3 3 3 3 3 3 3 3 3 3 3 3 3 3 3 3 3 3 3 3 3 3 3 3 3 3 3 3 3 3 3 3 3 3 3 3 3 3 3 3 3 3 3 3 3 3 3 3 3 3 3 3 3 3 3 3 3 3 3 3 3 3 3 3 3 3 3 3 3 3 3 3 3 3 3 3 3 3 3 3 3 3 3 3 3 3 3 3 3 3 3 3 3 3 3 3 3 3 3 3 3 3 3 3 3 3 3 3 3 3 3 3 3 3 3 3 3 3 3 3 3 3 3 3 3 3 3 3 3 3 3 3 3 3 3 3 3 3 3 3 3 3 3 3 3 3 3 3 3 3 3 3 3 3 3 3 3 3 3 3 3 3 3 3 3 3 3 3 3 3 3 3 3 3 3 3 3 3 3 3 3 3 3 3 3 3 3 3 3 3 3 3 3 3 3 3 3 3 3 3 3 3 3 3 3 3 3 3 3 3 3 3 3 3 3 3 3 3 3 3 3 3 3 3 3 3 3 3 3 3 3 3 3 3 3 3 3 3 3 3 3 3 3 3 3 3 3 3 3 3 3 3 3 3 3 3 3 3 3 3 3 3 3 3 3 3 3 3 3 3 3 3 3 3 3 3 3 3 3 3 3 3 3 3 3 3 3 3 3 3 3 3 3 3 3 3 3 3 3 3 3 3 3 3 3 3 3 3 3 3 3 3 3 3 3 3 3 3 3 3 3 3 3 3 3 3 3 3 3 3 3 3 3 3 3 3 3 3 3 3 3 3 3 3 3 3 3 3 3 3 3 3 3 3 3 3 3 3 3 3 3 3 3 3 3 3 3 3 3 3 3 3 3 3 3 3 3 3 3 3 3 3 3 3 3 3 3 3 3 3 3 3 3 3 3 3 3 3 3 3 3 3 3 3 3 3 3 3 3 3 3 3 3 3 3 3 3 3 3 3 3 3 3 3 3 3 3 3 3 3 3 3 3 3 3 3 3 3 3 3 3 3 3 3 3 3 3 3 3 3 3 3 3 3 3 3 3 3 3 3 3 3 3 3 3 3 3 3 3 3 3 3 3 3 3 3 3 3 3 3 3 3 3 3 3 3 3 3 3 3 3 3 3 3 3 3 3 3 3 3 3 3 3 3 3 3 3 3 3 3 3 3 3 3 3 3 3 3 3 3 3 3 3 3 3 3 3 3 3 3 3 3 3 3 3 3 3 3 3 3 3 3 3 3 3 3 3 3 3 3 3 3 3 3 3 3 3 3 3 3 3 3 3 3 3 3 3 3 3 3 3 3 3 3 3 3 3 3 3 3 3 3 3 3 3 3 3 3 3 3 3 3 3 3 3 3 3 3 3 3 3 3 3 3 3 3 3 3 3 3 3 3 3 3 3 3 3 3 3 3 3 3 3 3 3 3 3 3 3 3 3 3 3 3 3 3 3 3 3 3 3 3 3 3 3 3 3 3 3 3 3 3 3 3 3 3 3 3 3 3 3 3 3 3 3 3 3 3 3 3 3 3 3 3 3 3 3 3 3 3 3 3 3 3 3 3 3 3 3 3 3 3 3 3 3 3 3 3 3 3 3 3 3 3 3 3 3 3 3 3 3 3 3 3 3 3 3 3 3 3 3 3 3 3 3 3 3 3 3 3 3 3 3 3 3 3 3 3 3 3 3 3 3 3 3 3 3 3 3 3 3 3 3 3 3 3 3 3 3 3 3 3 3 3 3 3 3 3 3 3 3 3 3 3 3 3 3 3 3 3 3 3 3 3 3 3 3 3 3 3 3 3 3 3 3 3 3 3 3 3 3 3 3 3 3 3 3 3 3 3 3 3 3 3 3 3 3 3 3 3 3 3 3 3 3 3 3 3 3 3 3 3 3 3 3 3 3 3 3 3 3 3 3 3 3 3 3 3 3 3 3 3 3 3 3 3 3 3 3 3 3 3 3 3 3 3 3 3 3 3 3 3 3 3 3 3 3 3 3 3 3 3 3 3 3 3 3 3 3 3 3 3 3 3 3 3 3 3 3 3 3 3 3 3 3 3 3 3 3 3 3 3 3 3 3 3 3 3 3 3 3 3 3 3 3 3 3 3 3 3 3 3 3 3 3 3 3 3 3 3 3 3 3 3 3 3 3 3 3 3 3 3 3 3 3 3 3 3 3 3 3 3 3 3 3 3 3 3 3 3 3 3 3 3 3 3 3 3 3 3 3 3 3 3 3 3 3 3 3 3 3 3 3 3 3 3 3 3 3 3 3 3 3 3 3 3 3 3 3 3 3 3 3 3 3 3 3 3 3 3 </vcount>
          <p>1 7 11 0 7 1 0 20 7 20 9 7 12 9 6 14 6 10 7 12 11 12 6 13 13 6 14 7 9 12 15 10 8 2 12 13 15 14 10 11 12 2 4 15 8 4 8 5 2 13 3 3 13 14 0 17 20 17 0 23 22 21 16 22 19 21 19 24 21 23 21 24 23 24 18 17 23 18 17 18 20 50 49 30 50 30 25 36 32 35 26 35 34 37 34 33 25 30 31 31 30 32 31 32 36 26 36 35 37 26 34 27 37 33 27 33 29 27 29 28 51 45 70 48 46 42 39 43 46 39 46 48 48 42 47 51 70 44 51 44 43 51 43 38 38 43 39 39 48 40 41 48 47 41 47 49 40 48 41 41 49 50 116 52 53 53 52 54 54 52 55 54 55 56 56 55 57 56 57 58 58 57 59 58 59 60 60 59 61 60 61 62 62 61 63 62 63 64 64 63 65 64 65 66 66 65 67 66 67 68 68 67 69 68 69 103 55 52 72 55 72 57 57 72 73 57 73 59 59 73 74 59 74 61 61 74 75 61 75 63 63 75 76 63 76 65 65 76 77 65 77 67 67 77 78 67 78 69 69 78 79 69 79 103 72 52 80 72 80 73 73 80 81 73 81 74 74 81 82 74 82 75 75 82 83 75 83 76 76 83 84 76 84 77 77 84 85 77 85 78 78 85 86 78 86 79 79 86 87 79 87 103 52 126 80 80 126 95 80 95 81 81 95 89 81 89 82 82 89 90 82 90 83 83 90 91 83 91 84 84 91 92 84 92 85 85 92 93 85 93 86 86 93 94 86 94 87 87 94 103 95 126 71 45 124 70 68 103 96 68 96 66 66 96 97 66 97 64 64 97 98 64 98 62 62 98 99 62 99 60 60 99 100 60 100 58 58 100 101 58 101 56 56 101 102 56 102 54 54 102 53 96 103 104 96 104 97 97 104 105 97 105 98 98 105 106 98 106 99 99 106 107 99 107 100 100 107 108 100 108 101 101 108 109 101 109 102 102 109 110 102 110 53 53 110 116 88 111 103 103 111 104 111 112 104 104 112 105 105 112 106 106 112 107 107 112 113 107 113 108 108 113 114 108 114 109 109 114 115 109 115 110 110 115 116 118 95 117 119 95 118 119 118 120 120 118 121 121 118 117 121 117 122 122 117 123 94 123 103 90 89 119 119 89 95 90 119 120 91 90 120 91 120 121 92 91 121 92 121 122 93 92 122 93 122 123 94 93 123 88 103 124 88 124 45 125 126 52 132 126 280 126 125 280 127 128 131 134 131 130 134 130 129 134 127 131 133 130 135 129 130 133 133 135 269 269 135 132 269 132 280 128 161 170 128 170 131 136 137 138 138 137 139 138 139 140 140 139 141 140 141 142 142 141 143 142 143 144 144 143 145 144 145 146 146 145 147 146 147 148 148 147 149 148 149 150 150 149 151 150 151 152 152 151 153 152 153 154 154 153 155 154 155 156 156 155 157 156 157 158 158 157 159 159 160 263 190 162 163 164 165 149 149 165 151 139 137 166 139 166 141 141 166 167 141 167 143 143 167 168 143 168 145 145 168 169 145 169 147 147 169 164 147 164 149 166 137 167 167 137 169 167 169 168 137 190 163 182 3907 161 161 3907 170 174 172 175 175 172 171 175 171 176 176 171 177 177 171 173 163 162 178 178 162 172 178 172 174 178 174 179 179 174 175 179 175 180 180 175 176 180 176 181 181 176 177 137 163 169 169 163 184 163 178 184 165 164 183 165 183 151 151 183 153 184 178 179 184 179 185 185 179 180 185 180 181 185 181 186 186 181 177 186 177 173 169 184 164 183 182 153 153 182 155 164 184 185 164 185 186 183 186 173 183 173 182 160 182 161 164 186 183 155 182 157 182 160 157 159 157 160 137 136 190 210 201 198 190 191 162 198 201 196 191 190 136 198 196 187 187 196 194 193 194 197 193 187 194 188 193 197 188 197 199 189 188 199 192 189 199 192 199 195 136 192 195 136 195 191 211 210 206 211 206 208 204 209 205 205 209 207 205 203 202 205 207 203 204 205 202 204 202 212 208 204 212 211 208 212 210 211 201 200 203 207 200 217 203 213 223 220 216 218 217 214 213 220 219 220 221 200 216 217 214 220 219 215 219 221 215 221 218 216 215 218 5 225 222 225 5 8 222 225 226 222 4 5 222 226 224 224 226 223 213 224 223 28 29 227 230 19 22 227 29 231 227 231 228 228 231 229 16 228 229 16 229 230 16 230 22 4041 223 4051 4051 223 226 4051 226 4052 4052 226 225 225 8 233 225 233 232 232 4052 225 233 8 4060 4060 8 10 4060 10 4063 4063 10 4057 4057 10 5980 4057 5980 234 4057 234 259 259 234 235 5980 10 6 5980 6 236 236 6 237 237 6 9 237 9 292 292 9 291 291 9 20 236 237 560 560 237 238 560 238 296 560 296 239 239 296 301 236 560 241 241 560 561 241 561 786 786 561 564 786 564 240 240 564 562 240 562 573 241 786 785 241 785 782 241 782 242 242 782 243 243 782 1031 1031 782 1023 1023 782 783 783 797 1027 243 1031 1030 243 1030 244 1030 1257 244 1257 1030 1024 1252 1024 1036 1036 1510 1252 244 1257 245 245 1257 1260 247 1564 1260 1260 1564 5986 1260 5986 246 1564 247 1562 1562 247 1559 1559 247 1255 5986 1564 1563 1563 1816 5986 1816 1563 1808 1808 1563 1561 5986 1816 248 248 1816 1813 248 1813 2049 2049 1813 1809 5986 248 251 251 248 2050 251 2050 249 249 2050 2330 2330 2050 2052 2330 2052 2326 2326 2052 2051 250 2051 2060 251 249 253 249 2560 253 2560 249 252 2559 252 2340 253 2560 254 254 2560 2564 254 2564 2818 2818 2564 2563 2563 2581 2817 254 2818 256 256 2818 2824 256 2824 255 255 3061 256 3061 255 2819 3064 2819 2834 256 3061 258 258 3061 3066 258 3066 257 258 257 3399 3399 257 3391 3391 257 3394 258 3399 234 234 3399 3400 234 3400 235 259 235 260 260 235 3395 260 3395 3413 5980 236 251 251 236 5986 246 245 1260 509 20 18 511 509 18 511 18 24 511 24 261 24 19 507 19 230 507 507 261 24 5288 198 5294 5294 198 187 5294 187 5314 5314 187 193 5314 193 188 5314 188 262 262 188 189 262 189 5315 5315 189 192 5315 192 136 5315 136 5322 5322 136 275 275 136 138 275 138 140 275 140 278 278 140 142 278 142 144 278 144 146 278 146 286 286 146 148 286 148 150 286 150 152 286 152 154 286 154 158 158 154 156 158 159 263 263 160 161 263 161 128 263 128 127 281 127 134 277 283 274 274 283 285 265 5325 284 264 134 129 264 129 268 268 129 133 282 133 269 266 270 287 5328 5326 272 5325 5324 285 274 285 279 277 274 276 264 277 281 264 281 134 5324 275 285 285 275 279 278 286 279 274 279 276 115 280 125 280 267 269 267 280 115 267 282 269 282 268 133 281 277 158 158 277 276 127 281 263 158 276 279 263 281 158 267 115 266 267 266 287 271 267 287 282 267 271 282 271 272 265 272 5326 283 268 282 283 282 272 283 272 284 284 272 265 264 268 283 283 284 285 277 264 283 285 284 5325 286 158 279 271 287 5328 271 5328 272 287 5327 5328 279 275 278 287 270 5327 5327 270 273 125 52 115 115 52 116 266 115 114 266 114 113 266 113 112 266 112 270 270 112 111 270 111 88 270 88 273 273 88 45 273 45 5292 45 51 5292 5292 51 5300 5300 51 38 5300 38 5318 5318 38 39 5318 39 5301 5301 39 40 5301 40 5320 5320 40 41 5320 41 5302 5302 41 50 5302 50 5333 5333 50 25 5333 25 31 5333 31 5365 5365 31 36 5365 36 5351 5351 36 26 5351 26 37 5351 37 5357 5357 37 27 5357 27 4207 4207 27 28 4207 28 4202 288 294 293 291 20 509 294 295 293 294 296 295 298 238 237 295 296 297 297 296 238 289 238 298 299 292 291 297 238 289 237 292 5486 298 237 290 299 291 508 290 237 5486 5486 292 299 288 300 294 294 300 301 294 301 296 515 305 302 300 288 303 515 302 304 305 306 302 303 302 306 303 306 307 300 303 307 300 307 301 309 308 316 319 315 3691 319 3691 317 310 319 317 320 317 314 309 316 313 312 313 315 313 312 309 312 315 319 320 310 317 318 320 314 318 314 311 350 324 325 326 316 308 323 322 327 327 322 328 328 322 329 331 329 326 308 331 326 325 324 332 332 324 330 332 330 321 330 323 321 331 328 329 321 323 327 333 334 335 335 334 336 335 336 337 337 336 338 337 338 339 339 338 340 339 340 341 341 340 342 341 342 343 343 342 344 343 344 345 345 344 346 345 346 347 347 346 348 347 348 407 352 690 353 352 353 354 354 353 355 354 355 356 356 355 357 356 357 358 358 357 359 358 359 360 360 359 361 360 361 342 342 361 344 336 362 338 338 362 363 338 363 340 340 363 360 340 360 342 362 364 363 363 364 358 363 358 360 364 356 358 350 395 324 407 403 365 407 365 347 347 365 366 347 366 345 345 366 367 345 367 343 343 367 368 343 368 341 341 368 369 341 369 339 339 369 370 339 370 337 337 370 335 403 371 365 365 371 372 365 372 366 366 372 373 366 373 367 367 373 374 367 374 368 368 374 375 368 375 369 369 375 376 369 376 370 370 376 377 370 377 335 335 377 333 371 403 378 371 378 372 372 378 379 372 379 373 373 379 380 373 380 374 374 380 381 374 381 375 375 381 376 376 381 333 376 333 377 353 690 382 382 690 351 355 353 384 384 353 382 384 382 385 385 382 351 385 351 386 386 351 383 386 383 387 357 355 388 388 355 384 388 384 389 389 384 385 389 385 390 390 385 386 390 386 391 391 386 387 391 387 392 392 387 393 393 387 383 393 383 394 357 388 359 359 388 396 359 396 361 361 396 397 361 397 344 344 397 346 396 388 389 396 389 398 398 389 390 398 390 399 399 390 391 399 391 400 400 391 392 400 392 401 401 392 393 401 393 402 402 393 394 402 394 403 403 394 404 404 395 350 396 398 397 397 398 405 397 405 346 346 405 348 405 398 399 405 399 406 406 399 400 406 400 407 407 400 401 407 401 403 403 401 402 349 403 404 349 404 350 407 348 406 406 348 405 333 526 408 362 408 364 364 408 356 408 354 356 408 690 352 408 352 354 362 336 408 336 334 408 408 334 333 412 410 414 408 526 416 416 526 417 522 413 409 415 413 412 415 412 414 415 409 413 414 410 525 525 410 411 525 411 538 417 411 416 538 411 417 522 432 419 522 419 413 423 424 425 423 425 426 426 425 427 426 427 431 429 421 428 425 430 431 431 430 432 432 430 419 425 117 430 422 421 429 422 433 434 422 434 423 423 434 424 429 433 422 424 434 425 434 433 425 425 431 427 418 431 432 420 428 421 435 439 442 438 448 445 435 442 446 446 441 435 436 441 446 436 446 443 436 443 444 437 436 444 437 444 447 440 437 447 440 447 448 438 440 448 420 438 445 420 445 428 459 439 435 459 435 453 449 459 454 449 454 455 449 455 458 456 452 451 457 456 451 458 457 451 458 451 450 449 458 450 453 454 459 461 460 462 461 462 463 463 462 464 463 464 465 465 464 466 465 466 467 467 466 468 467 468 469 469 468 470 469 470 471 471 470 472 471 472 473 473 472 474 473 474 506 456 496 475 464 482 466 466 482 476 466 476 468 468 476 477 468 477 470 470 477 478 470 478 472 472 478 479 472 479 474 474 479 480 474 480 506 476 482 483 476 483 477 477 483 484 477 484 478 478 484 485 478 485 479 479 485 486 479 486 480 480 486 506 487 490 491 491 475 496 483 482 488 483 488 484 484 488 489 484 489 485 485 489 486 486 489 505 486 505 506 487 481 490 475 452 456 473 506 492 473 492 471 471 492 493 471 493 469 469 493 494 469 494 467 467 494 495 467 495 465 465 495 463 481 487 506 506 487 497 506 497 492 492 497 498 492 498 493 493 498 499 493 499 494 494 499 500 494 500 495 495 500 501 495 501 463 463 501 461 498 497 502 498 502 499 499 502 503 499 503 500 500 503 504 500 504 501 501 504 461 461 504 460 489 488 482 505 489 482 491 490 475 464 510 482 482 510 507 508 291 509 510 464 462 510 462 460 512 511 261 512 261 507 508 509 512 509 511 512 512 507 510 513 318 311 513 311 516 519 516 517 514 519 517 516 519 513 514 517 518 304 514 518 515 304 518 239 301 734 734 301 307 520 734 307 520 307 306 520 306 521 306 305 736 728 305 515 305 728 736 736 521 306 5430 435 5388 5388 435 441 5388 441 5389 5389 441 436 5389 436 5392 5392 436 5393 5393 436 437 5393 437 5394 5394 437 440 5394 440 438 5394 438 5409 5409 438 420 5409 420 535 535 420 421 535 421 422 535 422 546 546 422 423 546 423 537 537 423 426 537 426 431 537 431 539 539 431 418 432 522 418 534 409 415 531 543 530 530 543 545 415 414 523 523 414 525 528 529 547 542 5414 5408 5380 5411 545 530 545 536 531 530 533 523 531 534 523 534 415 5411 532 545 545 532 536 535 546 536 530 536 533 418 522 409 526 333 417 333 540 417 540 333 527 540 538 417 538 540 541 525 538 542 524 525 542 524 523 525 539 534 531 539 531 537 537 531 533 409 534 418 418 534 539 537 533 536 540 527 528 540 528 547 541 540 547 542 538 541 543 524 542 543 542 544 544 542 5408 544 5408 5380 523 524 543 543 544 545 531 523 543 545 544 5380 546 537 536 541 547 5414 541 5414 542 547 5413 5414 536 532 535 547 529 5413 5413 529 5412 527 333 381 527 381 380 527 380 528 528 380 379 528 379 378 528 378 403 528 403 349 528 349 529 529 349 350 529 350 5412 350 325 5412 5412 325 548 548 325 332 548 332 5390 5390 332 321 5390 321 549 549 321 327 549 327 550 550 327 328 550 328 551 551 328 331 551 331 5383 5383 331 308 5383 308 552 552 308 309 552 309 553 553 309 312 553 312 5452 5452 312 319 5452 319 5440 5440 319 310 5440 310 5451 5451 310 320 5451 320 318 5451 318 554 554 318 513 555 562 556 559 239 558 558 239 734 562 563 556 563 562 564 559 560 239 563 564 557 564 561 565 565 561 566 557 564 565 566 561 560 560 559 5609 5609 559 5584 5584 559 558 5614 566 560 5614 560 5609 555 567 562 562 567 573 738 571 568 567 555 569 738 568 570 571 572 568 569 568 572 569 572 573 567 569 573 574 575 576 576 575 583 576 582 574 583 577 576 578 3692 587 579 587 588 577 583 584 577 584 585 581 577 585 581 585 3692 578 581 3692 579 578 587 579 588 586 580 579 586 590 589 591 595 583 575 593 594 596 596 594 597 596 597 601 589 592 593 591 589 599 598 597 595 575 598 595 599 589 593 600 593 596 600 599 593 601 597 598 602 603 604 604 603 605 604 605 606 606 605 607 606 607 608 608 607 609 608 609 610 610 609 611 610 611 612 612 611 613 612 613 614 614 613 615 614 615 616 616 615 617 616 617 673 621 620 622 621 622 623 623 622 624 623 624 625 625 624 626 625 626 627 627 626 628 627 628 611 611 628 613 605 629 607 607 629 630 607 630 609 609 630 627 609 627 611 629 631 630 630 631 625 630 625 627 631 623 625 673 670 632 673 632 616 616 632 633 616 633 614 614 633 634 614 634 612 612 634 635 612 635 610 610 635 636 610 636 608 608 636 637 608 637 606 606 637 604 670 638 632 632 638 639 632 639 633 633 639 640 633 640 634 634 640 641 634 641 635 635 641 642 635 642 636 636 642 643 636 643 637 637 643 644 637 644 604 604 644 602 638 670 645 638 645 639 639 645 646 639 646 640 640 646 647 640 647 641 641 647 648 641 648 642 642 648 643 643 648 602 643 602 644 650 620 649 650 649 651 622 620 652 652 620 650 652 650 653 653 650 651 653 651 654 654 651 655 655 651 649 655 649 656 624 622 657 657 622 652 657 652 658 658 652 653 658 653 659 659 653 654 659 654 660 660 654 655 660 655 661 661 655 656 656 649 669 662 590 591 624 657 626 626 657 663 626 663 628 628 663 664 628 664 613 613 664 615 663 657 658 663 658 665 665 658 659 665 659 666 666 659 660 666 660 667 667 660 661 667 661 668 668 661 656 668 656 669 670 669 662 663 665 664 664 665 671 664 671 615 615 671 617 671 665 666 671 666 672 672 666 667 672 667 673 673 667 668 673 668 670 670 668 669 618 670 662 619 618 662 619 662 591 673 617 672 672 617 671 602 754 674 629 674 631 631 674 623 754 687 674 674 621 623 674 934 620 674 620 621 629 605 674 605 603 674 674 603 602 677 682 676 683 684 681 683 681 680 675 680 678 678 680 676 684 683 679 675 683 680 678 676 682 682 677 685 686 682 685 754 686 685 687 754 685 679 691 684 681 684 690 691 693 697 694 689 696 697 695 383 697 383 351 697 351 691 691 351 690 696 689 695 684 691 690 696 695 692 692 695 697 699 714 707 707 714 705 708 710 703 707 705 706 706 702 707 702 706 710 701 702 710 701 710 708 698 708 703 698 703 711 700 698 711 700 711 704 700 704 709 688 700 709 688 709 694 713 714 699 713 699 718 713 718 719 726 715 716 713 722 723 716 717 726 720 716 715 720 715 721 720 721 722 719 720 722 713 719 722 714 713 723 733 728 729 712 726 717 725 727 726 729 728 731 730 731 732 729 731 730 712 725 726 724 730 732 724 732 727 725 724 727 520 5584 558 735 520 521 520 558 734 735 521 736 733 735 736 733 736 728 586 739 740 586 740 580 741 744 743 740 739 744 741 743 737 744 742 740 742 744 741 570 737 743 738 570 743 240 573 976 745 976 573 745 573 572 745 572 746 572 571 978 969 571 738 571 969 978 978 746 572 5541 707 5508 5508 707 702 5508 702 701 5508 701 5513 5513 701 708 5513 708 5512 5512 708 698 5512 698 5511 5511 698 700 5511 700 5514 5514 700 688 5514 688 747 747 688 748 748 688 694 748 694 696 748 696 765 765 696 692 765 692 697 765 697 766 766 697 693 693 691 679 768 683 675 750 5532 771 753 752 762 675 678 753 753 678 682 769 682 686 756 759 772 758 5536 750 5535 5536 758 5532 5531 760 749 760 764 762 749 761 762 768 753 753 768 675 5531 763 760 760 763 764 749 764 761 762 761 768 748 765 764 693 679 768 768 679 683 755 751 602 602 751 754 751 767 754 754 767 686 767 769 686 769 752 682 752 753 682 766 768 761 693 768 766 751 755 756 751 756 772 757 767 751 757 751 772 769 767 757 769 757 758 770 752 769 770 769 771 771 769 758 771 758 750 762 752 770 762 770 749 749 770 771 749 771 760 760 771 5532 766 761 765 765 761 764 757 772 5535 757 5535 758 772 5534 5535 764 763 748 772 759 5534 755 602 648 755 648 647 755 647 756 756 647 646 756 646 645 756 645 670 756 670 618 756 618 759 759 618 619 759 619 5533 5533 619 591 5533 591 5497 5497 591 599 5497 599 5509 5509 599 5510 5510 599 600 5510 600 5502 5502 600 596 5502 596 601 5502 601 5526 5526 601 5529 5529 601 598 5529 598 5503 5503 598 575 5503 575 773 773 575 5538 5538 575 574 5538 574 774 774 574 582 774 582 5537 5537 582 775 775 582 576 775 576 577 775 577 5560 5560 577 5561 5561 577 581 5561 581 578 5561 578 5562 5562 578 5544 5544 578 579 5544 579 580 5544 580 3693 3693 580 740 776 781 780 779 240 778 778 240 976 781 784 780 781 783 782 781 782 784 779 786 240 777 785 788 788 785 786 784 782 777 777 782 785 777 788 787 788 786 787 789 786 779 789 779 5707 5707 779 778 5737 787 786 5737 786 789 776 791 781 781 791 797 781 797 783 791 776 794 795 794 790 795 790 793 793 792 795 794 795 796 794 796 797 791 794 797 798 799 814 814 806 798 811 801 809 803 800 814 801 3694 809 811 809 807 800 803 810 800 810 808 805 800 808 805 808 3694 801 805 3694 804 811 807 804 807 802 979 804 802 817 820 812 812 907 817 814 819 803 817 818 820 823 816 815 820 818 816 820 816 823 821 819 813 813 819 814 823 815 824 822 815 821 824 815 822 813 822 821 813 814 799 825 826 827 827 826 828 827 828 829 829 828 830 829 830 831 831 830 832 831 832 833 833 832 834 833 834 835 835 834 836 835 836 837 837 836 838 837 838 839 839 838 840 839 840 906 843 844 845 845 844 846 845 846 847 847 846 848 847 848 849 849 848 850 849 850 851 851 850 852 851 852 834 834 852 836 828 853 830 830 853 854 830 854 832 832 854 851 832 851 834 853 855 854 854 855 849 854 849 851 855 847 849 856 817 907 906 902 857 906 857 839 839 857 858 839 858 837 837 858 859 837 859 835 835 859 860 835 860 833 833 860 861 833 861 831 831 861 862 831 862 829 829 862 827 902 863 857 857 863 864 857 864 858 858 864 865 858 865 859 859 865 866 859 866 860 860 866 867 860 867 861 861 867 868 861 868 862 862 868 869 862 869 827 827 869 825 863 902 870 863 870 864 864 870 871 864 871 865 865 871 872 865 872 866 866 872 873 866 873 867 867 873 868 868 873 825 868 825 869 874 876 842 874 842 875 844 843 876 877 876 874 877 874 878 878 874 875 878 875 879 879 875 880 846 844 881 881 844 882 882 844 876 882 876 883 883 876 877 883 877 884 884 877 878 884 878 885 885 878 879 885 879 886 886 879 887 887 879 880 848 846 888 888 846 881 888 881 889 889 881 882 889 882 890 890 882 883 890 883 891 891 883 884 891 884 892 892 884 885 892 885 893 893 885 886 893 886 894 894 886 887 894 887 880 848 888 850 850 888 895 850 895 852 852 895 896 852 896 836 836 896 838 895 888 889 895 889 897 897 889 890 897 890 898 898 890 891 898 891 899 899 891 892 899 892 900 900 892 893 900 893 901 901 893 894 901 894 902 902 894 880 902 880 903 907 903 856 895 897 896 896 897 904 896 904 838 838 904 840 904 897 898 904 898 905 905 898 899 905 899 906 906 899 900 906 900 902 902 900 901 841 902 903 841 903 907 906 840 905 905 840 904 825 992 908 853 908 855 855 908 847 992 912 908 908 845 847 908 843 845 853 828 908 828 826 908 908 826 825 916 909 911 913 914 910 915 916 911 915 911 910 915 910 914 988 909 916 914 913 1004 1004 913 917 992 917 912 988 918 934 988 934 909 933 920 921 921 922 923 923 922 924 923 924 925 925 924 926 925 926 927 927 926 928 927 928 929 929 928 930 929 930 988 988 930 918 936 919 932 931 934 918 649 620 931 931 620 934 935 931 937 919 936 933 920 935 939 920 939 921 921 939 922 933 936 920 920 936 935 939 938 922 922 938 924 939 935 937 938 939 940 938 940 924 924 940 926 939 937 940 940 937 941 940 941 926 926 941 928 941 937 931 930 928 931 931 928 941 918 930 931 932 919 944 942 952 950 950 948 942 948 950 943 947 948 943 947 943 951 946 947 951 946 951 949 946 949 954 945 946 954 945 954 955 944 945 955 944 955 953 944 953 932 952 942 965 965 962 959 963 956 958 960 961 958 958 961 963 965 942 962 958 956 957 960 958 957 960 957 964 959 960 964 965 959 964 956 967 957 970 969 972 972 969 973 972 973 975 975 973 974 971 967 956 966 975 974 966 974 968 971 966 968 971 968 967 745 5707 778 977 745 746 745 778 976 977 746 978 970 977 978 970 978 969 981 792 793 984 982 985 985 982 981 802 983 979 980 983 982 980 982 984 986 985 981 980 979 983 793 986 981 790 986 793 1203 1027 797 1203 797 796 1203 796 795 1203 795 987 795 792 1204 1201 1204 792 1204 987 795 5629 942 5631 5631 942 948 5631 948 5635 5635 948 947 5635 947 5637 5637 947 946 5637 946 5632 5632 946 945 5632 945 5636 5636 945 944 5636 944 5652 5652 944 919 5652 919 1001 1001 919 933 1001 933 1011 1011 933 921 1011 921 923 1011 923 1003 1003 923 925 1003 925 927 1003 927 929 1000 916 915 999 1009 996 996 1009 1010 989 5653 990 991 915 914 1005 914 1004 994 995 1012 990 5656 989 5655 5656 1008 5653 5616 1010 996 1010 1002 999 996 998 991 999 1000 991 1000 915 5616 997 1010 1010 997 1002 1001 1011 1002 996 1002 998 825 1006 992 992 1006 917 1006 825 993 1006 1004 917 1004 1006 1007 1005 1004 1008 1005 991 914 929 1000 999 929 999 1003 1003 999 998 916 1000 988 988 1000 929 1003 998 1002 1006 993 994 1006 994 1012 1007 1006 1012 1008 1004 1007 990 1008 5656 1009 1005 1008 1009 1008 990 991 1005 1009 1009 990 1010 999 991 1009 1010 990 5653 1011 1003 1002 1007 1012 5655 1007 5655 1008 1012 5654 5655 1002 997 1001 1012 995 5654 993 825 873 993 873 872 993 872 994 994 872 871 994 871 870 994 870 902 994 902 841 994 841 995 995 841 907 995 907 1013 907 812 1013 1013 812 5621 5621 812 5633 5633 812 820 5633 820 823 5633 823 1014 1014 823 824 1014 824 5650 5650 824 822 5650 822 1015 1015 822 813 1015 813 5662 5662 813 799 5662 799 798 5662 798 1016 1016 798 806 1016 806 5657 5657 806 1017 1017 806 814 1017 814 800 1017 800 1018 1018 800 5678 5678 800 805 5678 805 5685 5685 805 801 5685 801 811 5685 811 1019 1019 811 804 1019 804 5695 5695 804 979 1020 1026 1025 1026 1029 1025 1023 783 1027 1024 1029 1026 1025 1029 1028 1029 1024 1030 1032 1030 1031 1028 1029 1030 1032 1031 1033 1033 1031 1034 1034 1031 1023 1021 1030 1032 1034 1023 1022 1028 1030 1021 1021 1032 1033 5858 1033 1034 1022 1023 1200 1020 1035 1026 1026 1035 1036 1026 1036 1024 1035 1020 1038 1039 1037 1208 1039 1040 1037 1038 1037 1040 1038 1040 1036 1035 1038 1036 1041 1069 1047 1053 1052 1049 1053 1049 1050 1047 1069 1051 1043 1055 1048 1043 1048 1044 1044 1048 1045 1047 1051 1049 1047 1049 1054 1054 1049 1052 1052 1053 1046 1046 1053 1050 1042 1046 1050 1042 1050 1055 1043 1042 1055 1064 1058 1067 1060 1059 1062 1071 1063 1064 1071 1064 1068 1068 1064 1067 1066 1062 1063 1072 1058 1065 1067 1058 1072 1069 1072 1065 1056 1060 1061 1061 1060 1062 1071 1066 1063 1068 1067 1070 1061 1062 1066 1070 1067 1057 1041 1072 1069 1057 1067 1072 1041 1057 1072 1074 1073 1075 1074 1075 1076 1076 1075 1077 1076 1077 1078 1078 1077 1079 1078 1079 1080 1080 1079 1081 1080 1081 1083 1083 1081 1082 1083 1082 1084 1083 1084 1086 1086 1084 1085 1075 1073 1089 1089 1073 1090 1089 1090 1091 1091 1090 1092 1091 1092 1093 1093 1092 1094 1093 1094 1095 1095 1094 1096 1095 1096 1097 1097 1096 1098 1097 1098 1099 1099 1098 1100 1099 1100 1101 1101 1100 1102 1101 1102 1103 1103 1102 1104 1103 1104 1087 1090 1105 1092 1092 1105 1106 1092 1106 1094 1094 1106 1107 1094 1107 1096 1096 1107 1108 1096 1108 1098 1098 1108 1109 1098 1109 1100 1100 1109 1110 1100 1110 1102 1102 1110 1111 1102 1111 1104 1104 1111 1112 1104 1112 1087 1105 1113 1106 1106 1113 1114 1106 1114 1107 1107 1114 1115 1107 1115 1108 1108 1115 1116 1108 1116 1109 1109 1116 1117 1109 1117 1110 1110 1117 1118 1110 1118 1111 1111 1118 1119 1111 1119 1112 1112 1119 1126 1112 1126 1087 1113 1120 1114 1114 1120 1121 1114 1121 1115 1115 1121 1122 1115 1122 1116 1116 1122 1123 1116 1123 1117 1117 1123 1124 1117 1124 1118 1118 1124 1125 1118 1125 1119 1119 1125 1126 1121 1120 1127 1127 1120 1128 1127 1128 1129 1130 1059 1060 1060 1056 1130 1131 1086 1087 1129 1128 1132 1122 1121 1127 1127 1129 1134 1134 1129 1132 1134 1132 1135 1087 1126 1088 1077 1075 1089 1089 1091 1136 1136 1091 1093 1136 1093 1137 1137 1093 1095 1137 1095 1138 1138 1095 1097 1138 1097 1139 1139 1097 1099 1139 1099 1140 1140 1099 1101 1140 1101 1141 1141 1101 1103 1141 1103 1087 1123 1122 1134 1134 1122 1127 1123 1134 1135 1079 1077 1136 1136 1077 1089 1079 1136 1137 1124 1123 1135 1124 1135 1132 1081 1079 1137 1081 1137 1138 1125 1124 1132 1125 1132 1133 1082 1081 1138 1082 1138 1139 1126 1125 1133 1084 1082 1139 1084 1139 1140 1085 1084 1140 1085 1140 1141 1086 1085 1141 1086 1141 1087 1131 1088 1130 1087 1088 1131 1056 1131 1130 1105 1142 1113 1113 1142 1120 1142 1128 1120 1142 1399 1128 1105 1090 1142 1090 1073 1142 1073 1074 1142 1152 1147 1150 1150 1147 1146 1151 1224 1148 1143 1152 1150 1149 1150 1146 1149 1146 1148 1224 1151 1144 1144 1151 1145 1225 1144 1145 1225 1145 1226 1152 1163 1147 1147 1163 843 1161 1164 1154 842 843 1163 1164 1158 1160 1164 1160 1153 1156 1157 1158 1156 1158 1164 1158 1157 1159 1159 1160 1158 1160 1159 1153 1164 1161 1162 1156 1164 1162 1156 1162 1155 1155 1162 842 1155 842 1163 1152 1155 1163 1153 1154 1164 1178 1161 1154 1171 1181 1166 1169 1175 1178 1171 1166 1167 1177 1176 1173 1177 1173 1174 1167 1166 1172 1170 1167 1172 1170 1172 1176 1177 1170 1176 1165 1177 1174 1165 1174 1175 1169 1165 1175 1168 1169 1178 1168 1178 1154 1171 1180 1181 1179 1185 1186 1179 1180 1185 1188 1189 1192 1186 1187 1184 1184 1187 1188 1184 1183 1182 1188 1192 1183 1188 1183 1184 1186 1184 1182 1186 1182 1190 1179 1186 1190 1180 1179 1181 1189 1199 1192 1202 1201 1196 1192 1193 1183 1199 1194 1193 1196 1201 1197 1195 1197 1198 1196 1197 1195 1199 1193 1192 1191 1195 1198 1191 1198 1194 1199 1191 1194 1200 1023 1027 1205 1203 987 1200 1203 1205 1203 1200 1027 1205 987 1204 1202 1205 1204 1202 1204 1201 1039 1208 1214 1048 1213 1045 1045 1213 1211 1206 1211 1213 1206 1213 1210 1207 1209 1212 1212 1209 1214 1207 1206 1210 1207 1210 1209 1208 1212 1214 1511 1510 1036 1511 1036 1040 1511 1040 1215 1040 1039 1506 1507 1039 1214 1039 1507 1506 1506 1215 1040 1216 1171 1167 1216 1167 5759 5759 1167 1170 5759 1170 5758 5758 1170 1177 5758 1177 1165 5758 1165 1217 1217 1165 1169 1217 1169 5757 5757 1169 1168 5757 1168 5773 5773 1168 1154 5773 1154 1232 1232 1154 1153 1232 1153 1159 1232 1159 1237 1237 1159 1157 1237 1157 1236 1236 1157 1156 1236 1156 1239 1239 1156 1155 1239 1155 1240 1240 1155 1152 1240 1152 1143 1235 1143 1150 1235 1150 1149 1234 1242 1231 1231 1242 1243 1219 5776 1220 1218 1149 1148 1218 1148 1224 1221 1227 1244 1220 5778 1219 5776 5775 1243 1231 1243 1238 1234 1231 1233 1218 1234 1235 1218 1235 1149 5775 1232 1243 1243 1232 1238 1237 1236 1238 1231 1238 1233 1226 1074 1225 1225 1222 1144 1222 1225 1074 1222 1224 1144 1224 1222 1241 1223 1224 1241 1223 1218 1224 1240 1235 1234 1240 1234 1239 1239 1234 1233 1143 1235 1240 1239 1233 1238 1222 1074 1221 1222 1221 1244 1228 1222 1244 1241 1222 1228 1241 1228 5778 1220 1241 5778 1242 1223 1241 1242 1241 1220 1218 1223 1242 1242 1220 1243 1234 1218 1242 1243 1220 5776 1236 1239 1238 1228 1244 5777 1228 5777 5778 1227 1245 1244 1244 1229 5777 1238 1232 1237 1244 1245 1229 1226 1142 1074 1074 1076 1078 1074 1078 1221 1221 1078 1080 1221 1080 1083 1221 1083 1227 1227 1083 1086 1227 1086 1131 1227 1131 1245 1245 1131 1230 1230 1131 1056 1056 1061 1230 1230 1061 5743 5743 1061 1066 5743 1066 5753 5753 1066 1071 5753 1071 1246 1246 1071 1068 1246 1068 1247 1247 1068 1070 1247 1070 5771 5771 1070 1057 5771 1057 5782 5782 1057 1041 5782 1041 5779 5779 1041 1047 5779 1047 5819 5819 1047 1054 5819 1054 1052 5819 1052 5815 5815 1052 1046 5815 1046 5799 5799 1046 1042 5799 1042 1043 5799 1043 1248 1248 1043 1044 1248 1044 5847 1249 1253 1250 5936 1255 1249 1255 1253 1249 1257 1024 1254 1254 1024 1252 1253 1256 1250 1253 1255 247 1253 247 1256 1256 247 1260 1259 1257 1254 1259 1254 1252 1256 1260 1251 5940 1260 1257 5940 1257 1258 1509 1259 1252 1251 1260 5940 1258 1257 1259 5936 1262 1255 1514 1265 1263 1262 5936 1261 1514 1263 1264 1265 1266 1263 1261 1263 1266 1261 1266 1267 1262 1261 1267 1269 1268 1277 1271 3695 1278 1280 1278 1275 1269 1277 1274 1270 1274 1276 1274 1270 1269 1273 1270 1276 1273 1276 3695 1271 1273 3695 1280 1271 1278 1280 1275 1279 1272 1280 1279 1272 1279 1517 1287 1310 1285 1286 1277 1268 1287 1285 1290 1284 1283 1288 1288 1283 1282 1288 1282 1289 1291 1282 1286 1268 1291 1286 1292 1287 1290 1292 1290 1281 1290 1284 1281 1291 1289 1282 1281 1284 1288 1293 1294 1295 1295 1294 1296 1295 1296 1297 1297 1296 1298 1297 1298 1299 1299 1298 1300 1299 1300 1301 1301 1300 1302 1301 1302 1303 1303 1302 1304 1303 1304 1305 1305 1304 1306 1305 1306 1307 1307 1306 1308 1307 1308 1363 1714 1341 1311 1319 1311 1312 1319 1312 1313 1313 1312 1314 1313 1314 1315 1315 1314 1316 1315 1316 1302 1302 1316 1304 1296 1317 1298 1298 1317 1318 1298 1318 1300 1300 1318 1315 1300 1315 1302 1317 1319 1318 1318 1319 1313 1318 1313 1315 1353 1285 1310 1363 1360 1320 1363 1320 1307 1307 1320 1321 1307 1321 1305 1305 1321 1322 1305 1322 1303 1303 1322 1323 1303 1323 1301 1301 1323 1324 1301 1324 1299 1299 1324 1325 1299 1325 1297 1297 1325 1295 1360 1326 1320 1320 1326 1327 1320 1327 1321 1321 1327 1328 1321 1328 1322 1322 1328 1329 1322 1329 1323 1323 1329 1330 1323 1330 1324 1324 1330 1331 1324 1331 1325 1325 1331 1332 1325 1332 1295 1295 1332 1293 1326 1360 1333 1326 1333 1327 1327 1333 1334 1327 1334 1328 1328 1334 1335 1328 1335 1329 1329 1335 1336 1329 1336 1330 1330 1336 1331 1331 1336 1293 1331 1293 1332 1337 1311 1341 1338 1311 1337 1338 1337 1339 1339 1337 1340 1340 1337 1341 1342 1311 1338 1342 1338 1343 1343 1338 1339 1343 1339 1344 1344 1339 1340 1344 1340 1345 1345 1340 1341 1345 1341 1346 1312 1311 1347 1347 1311 1342 1347 1342 1348 1348 1342 1343 1348 1343 1349 1349 1343 1344 1349 1344 1350 1350 1344 1345 1350 1345 1351 1351 1345 1346 1309 1352 1353 1312 1347 1314 1314 1347 1354 1314 1354 1316 1316 1354 1355 1316 1355 1304 1304 1355 1306 1354 1347 1348 1354 1348 1356 1356 1348 1349 1356 1349 1357 1357 1349 1350 1357 1350 1358 1358 1350 1351 1358 1351 1359 1359 1351 1346 1346 1352 1360 1309 1353 1310 1354 1356 1355 1355 1356 1361 1355 1361 1306 1306 1361 1308 1361 1356 1357 1361 1357 1362 1362 1357 1358 1362 1358 1363 1363 1358 1359 1363 1359 1360 1360 1359 1346 1309 1360 1352 1363 1308 1362 1362 1308 1361 1293 1526 1364 1317 1364 1319 1372 1319 1364 1317 1296 1364 1296 1294 1364 1364 1294 1293 1374 1369 1371 1372 1364 1526 1365 1369 1374 1374 1371 1366 1366 1371 1370 1367 1373 1368 1367 1368 1375 1375 1368 1526 1368 1372 1526 1365 1376 1399 1365 1399 1369 1378 1379 1380 1380 1379 1396 1380 1396 1381 1380 1381 1383 1383 1381 1382 1383 1382 1384 1383 1384 1385 1385 1384 1386 1385 1386 1387 1387 1386 1388 1387 1388 1389 1389 1388 1390 1389 1390 1391 1391 1390 1398 1391 1398 1376 1394 1398 1392 1394 1392 1393 1394 1393 1395 1394 1395 1403 1396 1402 1397 1396 1397 1381 1398 1399 1376 1394 1132 1398 1132 1128 1398 1398 1128 1399 1401 1403 1395 1402 1400 1403 1404 1403 1401 1404 1401 1405 1405 1401 1395 1405 1395 1393 1397 1402 1406 1397 1406 1381 1381 1406 1382 1378 1377 1400 1410 1402 1403 1410 1403 1407 1407 1403 1404 1407 1404 1408 1408 1404 1405 1408 1405 1409 1409 1405 1393 1409 1393 1392 1379 1378 1400 1379 1400 1402 1402 1410 1406 1406 1410 1411 1406 1411 1382 1382 1411 1384 1379 1402 1396 1412 1410 1407 1412 1407 1413 1413 1407 1408 1413 1408 1414 1414 1408 1409 1414 1409 1415 1415 1409 1392 1415 1392 1398 1410 1416 1411 1411 1416 1417 1411 1417 1384 1384 1417 1386 1418 1410 1412 1418 1412 1419 1419 1412 1413 1419 1413 1420 1420 1413 1414 1420 1414 1415 1410 1418 1416 1416 1418 1421 1416 1421 1417 1417 1421 1422 1417 1422 1386 1386 1422 1388 1421 1418 1419 1421 1419 1423 1423 1419 1420 1423 1420 1415 1421 1423 1422 1422 1423 1415 1422 1415 1388 1388 1415 1390 1398 1390 1415 1400 1377 1427 1443 1440 1430 1425 1429 1424 1436 1433 1434 1430 1440 1429 1429 1440 1435 1435 1424 1429 1424 1435 1432 1425 1424 1432 1425 1432 1433 1436 1425 1433 1426 1436 1434 1428 1426 1434 1428 1434 1431 1428 1431 1427 1377 1428 1427 1438 1439 1447 1446 1442 1447 1447 1439 1446 1443 1445 1440 1442 1446 1444 1441 1442 1444 1441 1444 1445 1443 1441 1445 1508 1448 1449 1449 1448 1450 1449 1450 1451 1451 1450 1452 1451 1452 1453 1453 1452 1454 1453 1454 1455 1455 1454 1456 1455 1456 1457 1450 1448 1461 1461 1448 1462 1461 1462 1463 1463 1462 1464 1463 1464 1465 1465 1464 1466 1465 1466 1467 1467 1466 1468 1467 1468 1469 1469 1468 1470 1469 1470 1471 1471 1470 1472 1471 1472 1473 1473 1472 1474 1473 1474 1475 1475 1474 1476 1475 1476 1477 1477 1476 1478 1477 1478 1498 1462 1479 1464 1464 1479 1480 1464 1480 1466 1466 1480 1481 1466 1481 1468 1468 1481 1482 1468 1482 1470 1470 1482 1483 1470 1483 1472 1472 1483 1494 1472 1494 1474 1474 1494 1484 1474 1484 1476 1476 1484 1485 1476 1485 1478 1478 1485 1490 1478 1490 1498 1480 1479 1486 1480 1486 1481 1481 1486 1487 1481 1487 1482 1482 1487 1488 1482 1488 1483 1483 1488 1497 1483 1497 1494 1484 1494 1489 1484 1489 1485 1485 1489 1490 1490 1491 1498 1460 1498 1459 1486 1479 1492 1486 1492 1487 1487 1492 1493 1487 1493 1488 1488 1493 1496 1488 1496 1497 1489 1494 1490 1490 1494 1491 1492 1479 1495 1459 1439 1438 1459 1438 1437 1493 1492 1495 1495 1479 1496 1496 1479 1497 1498 1491 1459 1452 1450 1461 1461 1463 1499 1499 1463 1465 1499 1465 1500 1500 1465 1467 1500 1467 1501 1501 1467 1469 1501 1469 1502 1502 1469 1471 1502 1471 1503 1503 1471 1473 1503 1473 1504 1504 1473 1475 1504 1475 1458 1458 1475 1477 1458 1477 1498 1496 1493 1495 1454 1452 1499 1499 1452 1461 1454 1499 1500 1456 1454 1500 1456 1500 1501 1457 1456 1501 1457 1501 1502 1494 1497 1491 1504 1457 1502 1504 1502 1503 1460 1458 1498 1460 1459 1437 1505 1509 1252 1462 1506 1479 1479 1506 1507 1505 1252 1510 1506 1462 1508 1508 1462 1448 1512 1215 1506 1505 1510 1511 1512 1505 1511 1512 1511 1215 1508 1512 1506 1279 1515 1517 1264 1518 1514 1517 1515 1513 1516 1518 1264 1513 1515 1518 1516 1513 1518 1255 1262 1559 1559 1262 1758 1761 1758 1267 1262 1267 1758 1761 1267 1266 1761 1266 1519 1266 1265 1763 1753 1265 1514 1265 1753 1763 1763 1519 1266 5926 1443 1430 5926 1430 5899 5899 1430 1520 1520 1430 1429 1520 1429 5882 5882 1429 1425 5882 1425 1436 5882 1436 1426 5882 1426 1521 1521 1426 1522 1522 1426 1428 1522 1428 5890 5890 1428 1377 5890 1377 1539 1539 1377 1378 1539 1378 1380 1539 1380 1547 1547 1380 1383 1547 1383 1385 1547 1385 1541 1541 1385 1387 1541 1387 1389 1541 1389 1391 1391 1376 1365 1538 1365 1374 1538 1374 1366 1537 1544 1534 1534 1544 1546 1366 1370 1523 1523 1370 1373 1543 1373 1367 1543 1367 1375 1528 1531 1548 1530 5895 1524 5893 5892 1546 1534 1546 1540 1537 1534 1536 1523 1537 1538 1523 1538 1366 5892 1535 1546 1546 1535 1540 1539 1547 1540 1534 1540 1536 1527 1525 1293 1293 1525 1526 1526 1525 1375 1525 1542 1375 1542 1543 1375 1543 1523 1373 1391 1538 1537 1391 1537 1541 1541 1537 1536 1365 1538 1391 1541 1536 1540 1525 1527 1528 1525 1528 1548 1529 1542 1525 1529 1525 1548 1543 1542 1529 1543 1529 1530 1544 1543 1530 1544 1530 1545 1545 1530 1524 1545 1524 5893 1523 1543 1544 1544 1545 1546 1537 1523 1544 1546 1545 5893 1547 1541 1540 1529 1548 5895 1529 5895 1530 1548 1533 5895 1540 1535 1539 1548 1531 1533 1533 1531 1532 1527 1293 1336 1527 1336 1335 1527 1335 1528 1528 1335 1334 1528 1334 1333 1528 1333 1360 1528 1360 1309 1528 1309 1531 1531 1309 1532 1532 1309 1310 1532 1310 5894 1310 1287 5894 5894 1287 1549 1549 1287 1292 1549 1292 1550 1550 1292 1281 1550 1281 1551 1551 1281 1288 1551 1288 1289 1551 1289 5887 5887 1289 1291 5887 1291 5888 5888 1291 1552 1552 1291 1268 1552 1268 1269 1552 1269 5920 5920 1269 1270 5920 1270 5921 5921 1270 1273 5921 1273 1271 5921 1271 5922 5922 1271 1553 1553 1271 1280 1553 1280 5902 5902 1280 1272 5902 1272 1554 1555 1560 1556 1760 1559 1758 1560 1561 1556 1556 1561 1565 1565 1561 1563 1557 1563 1564 1567 1562 1559 1557 1564 1558 1558 1564 1562 1565 1563 1557 1566 1558 1562 1566 1562 1567 1760 1567 1559 1555 1570 1568 1555 1568 1560 1560 1568 1561 1569 1574 1571 1570 1555 1572 1569 1571 1573 1574 1575 1571 1572 1571 1575 1572 1575 1576 1570 1572 1576 1570 1576 1568 1582 1577 1586 1588 1585 3698 1588 3698 1587 1578 1588 1587 1579 1587 1584 1582 1586 1583 1581 1583 1585 1583 1581 1582 1581 1585 1588 1579 1578 1587 1579 1584 1589 1580 1579 1589 1580 1589 1769 1596 1691 1594 1595 1586 1577 1596 1594 1599 1593 1592 1597 1597 1592 1591 1597 1591 1598 1600 1591 1595 1577 1600 1595 1601 1596 1599 1601 1599 1590 1599 1593 1590 1600 1598 1591 1590 1593 1597 1602 1603 1604 1604 1603 1605 1604 1605 1606 1606 1605 1607 1606 1607 1608 1608 1607 1609 1608 1609 1610 1610 1609 1611 1610 1611 1612 1612 1611 1613 1612 1613 1614 1614 1613 1615 1614 1615 1616 1616 1615 1617 1616 1617 1690 1620 1619 1621 1620 1621 1622 1622 1621 1623 1623 1621 1624 1623 1624 1625 1625 1624 1626 1625 1626 1627 1627 1626 1628 1627 1628 1629 1629 1628 1630 1629 1630 1631 1631 1630 1632 1631 1632 1633 1633 1632 1634 1633 1634 1611 1611 1634 1613 1605 1635 1607 1607 1635 1636 1607 1636 1609 1609 1636 1633 1609 1633 1611 1635 1637 1636 1636 1637 1631 1636 1631 1633 1637 1629 1631 1638 1594 1691 1690 1686 1639 1690 1639 1616 1616 1639 1640 1616 1640 1614 1614 1640 1641 1614 1641 1612 1612 1641 1642 1612 1642 1610 1610 1642 1643 1610 1643 1608 1608 1643 1644 1608 1644 1606 1606 1644 1604 1686 1645 1639 1639 1645 1646 1639 1646 1640 1640 1646 1647 1640 1647 1641 1641 1647 1648 1641 1648 1642 1642 1648 1649 1642 1649 1643 1643 1649 1650 1643 1650 1644 1644 1650 1651 1644 1651 1604 1604 1651 1602 1645 1686 1652 1645 1652 1646 1646 1652 1653 1646 1653 1647 1647 1653 1654 1647 1654 1648 1648 1654 1655 1648 1655 1649 1649 1655 1650 1650 1655 1602 1650 1602 1651 1624 1621 1656 1656 1621 1619 1656 1619 1657 1657 1619 1620 1657 1620 1658 1626 1624 1659 1659 1624 1656 1659 1656 1660 1660 1656 1657 1660 1657 1661 1661 1657 1658 1661 1658 1662 1663 1662 1664 1628 1626 1665 1665 1626 1659 1665 1659 1666 1666 1659 1660 1666 1660 1667 1667 1660 1661 1667 1661 1668 1668 1661 1662 1668 1662 1669 1669 1662 1663 1669 1663 1670 1670 1663 1671 1671 1663 1664 1630 1628 1672 1672 1628 1665 1672 1665 1673 1673 1665 1666 1673 1666 1674 1674 1666 1667 1674 1667 1675 1675 1667 1668 1675 1668 1676 1676 1668 1669 1676 1669 1677 1677 1669 1670 1677 1670 1678 1678 1670 1671 1678 1671 1664 1630 1672 1632 1632 1672 1679 1632 1679 1634 1634 1679 1680 1634 1680 1613 1613 1680 1615 1679 1672 1673 1679 1673 1681 1681 1673 1674 1681 1674 1682 1682 1674 1675 1682 1675 1683 1683 1675 1676 1683 1676 1684 1684 1676 1677 1684 1677 1685 1685 1677 1678 1685 1678 1686 1686 1678 1664 1686 1664 1687 1691 1687 1638 1679 1681 1680 1680 1681 1688 1680 1688 1615 1615 1688 1617 1688 1681 1682 1688 1682 1689 1689 1682 1683 1689 1683 1690 1690 1683 1684 1690 1684 1686 1686 1684 1685 1618 1686 1687 1618 1687 1691 1690 1617 1689 1689 1617 1688 1602 1778 1692 1635 1692 1637 1637 1692 1629 1692 1627 1629 1692 1622 1623 1692 1623 1625 1692 1625 1627 1635 1605 1692 1605 1603 1692 1692 1603 1602 1692 1778 1696 1698 1693 1695 1698 1695 4075 1699 4075 1694 1699 1694 1697 1701 1693 1698 1699 1698 4075 1697 1694 1776 1776 1694 1700 1776 1700 1777 1777 1700 1696 1777 1696 1778 1701 1713 1693 1693 1713 1702 1693 1702 1695 1716 1704 1705 1705 1706 1707 1707 1706 1708 1707 1708 1709 1709 1708 1710 1709 1710 1711 1711 1710 1712 1711 1712 1713 1718 1703 1715 1712 1714 1713 1713 1714 1702 1311 1702 1714 1717 1714 1712 1703 1718 1716 1704 1717 1720 1704 1720 1705 1705 1720 1706 1716 1718 1704 1704 1718 1717 1720 1719 1706 1706 1719 1708 1720 1717 1712 1719 1720 1721 1719 1721 1708 1708 1721 1710 1720 1712 1721 1721 1712 1710 1738 1731 1724 1745 1738 1724 1715 1703 1725 1733 1731 1723 1724 1731 1733 1726 1729 1730 1722 1733 1723 1735 1722 1723 1735 1723 1734 1727 1735 1734 1727 1734 1728 1727 1728 1729 1726 1727 1729 1726 1730 1732 1725 1726 1732 1725 1732 1715 1737 1738 1745 1737 1745 1742 1737 1742 1743 1751 1739 1740 1737 1747 1748 1740 1741 1751 1744 1740 1739 1744 1739 1746 1744 1746 1747 1743 1744 1747 1737 1743 1747 1738 1737 1748 1759 1753 1754 1736 1751 1741 1750 1752 1751 1754 1753 1756 1755 1756 1757 1754 1756 1755 1736 1750 1751 1749 1755 1757 1749 1757 1752 1750 1749 1752 1762 1761 1519 1762 1519 1763 1758 1761 1762 1759 1762 1763 1759 1763 1753 1569 1573 1768 1589 1767 1769 1765 1766 1768 1769 1767 1766 1769 1766 1764 1765 1768 1573 1764 1766 1765 1561 1568 2008 1561 2008 1812 2009 2008 1576 1568 1576 2008 2009 1576 1575 2009 1575 1770 1575 1574 2011 2011 1574 1569 2005 2011 1569 2011 1770 1575 4267 1724 4258 4258 1724 1733 4258 1733 4235 4235 1733 1722 4235 1722 1735 4235 1735 4233 4233 1735 1727 4233 1727 4234 4234 1727 1726 4234 1726 4231 4231 1726 4250 4250 1726 1725 4250 1725 1703 4250 1703 1783 1783 1703 1716 1783 1716 1787 1787 1716 1796 1796 1716 1705 1796 1705 1707 1796 1707 1789 1789 1707 1709 1789 1709 1711 1789 1711 1713 1789 1713 1791 1791 1713 1701 1786 1698 1699 1785 1794 1782 1782 1794 1795 1771 4251 1772 1775 1699 1697 1790 1697 1776 1779 1780 1773 1773 1780 1797 1772 4254 1771 4253 4254 1792 4251 4214 1795 1782 1795 1788 1785 1782 1784 1775 1785 1786 1775 1786 1699 4214 1783 1795 1795 1783 1788 1782 1788 1784 1787 1796 1788 1791 1701 1698 1602 1774 1778 1778 1774 1777 1774 1602 1779 1774 1793 1777 1793 1774 1792 1793 1776 1777 1790 1776 1793 1790 1775 1697 1791 1786 1785 1791 1785 1789 1789 1785 1784 1698 1786 1791 1789 1784 1788 1774 1779 1773 1792 1774 1773 1792 1773 1797 1772 1793 1792 1772 1792 4254 1794 1790 1793 1794 1793 1772 1775 1790 1794 1794 1772 1795 1785 1775 1794 1795 1772 4251 1796 1789 1788 1792 1797 4253 1797 4252 4253 1788 1783 1787 1797 1780 4252 4252 1780 1781 1779 1602 1655 1779 1655 1654 1779 1654 1780 1780 1654 1653 1780 1653 1652 1780 1652 1686 1780 1686 1618 1780 1618 1781 1781 1618 1691 1781 1691 1798 1691 1596 1798 1798 1596 1799 1799 1596 1601 1799 1601 4230 4230 1601 1590 4230 1590 1800 1800 1590 1597 1800 1597 1801 1801 1597 1598 1801 1598 4247 4247 1598 1600 4247 1600 4255 4255 1600 1577 4255 1577 1802 1802 1577 1582 1802 1582 1581 1802 1581 4280 4280 1581 1588 4280 1588 4281 4281 1588 1578 4281 1578 4260 4260 1578 1579 4260 1579 1580 4260 1580 1803 1804 1811 1810 2007 1812 2008 1808 1561 1812 1811 1809 1814 1811 1814 1810 1810 1814 1815 1814 1809 1813 1817 1813 1816 1818 1816 1808 1815 1814 1813 1815 1813 1805 1817 1816 1818 1807 1808 1812 1805 1813 1806 1806 1813 1817 1818 1808 1807 1807 1812 2007 4451 1817 1818 4451 1818 4446 1806 1817 4451 4446 1818 1807 1804 1822 1811 1811 1822 1809 1820 1824 1823 1822 1804 1821 1820 1823 1819 1824 1825 1823 1821 1823 1825 1821 1825 1826 1822 1821 1826 1827 1848 1834 1833 1834 1835 1827 1834 1833 1829 1837 1840 1830 1840 1836 1828 1835 1839 1838 1831 2016 1828 1833 1835 1832 1828 1839 1832 1839 1837 1829 1832 1837 1830 1829 1840 1830 1836 1831 1838 1830 1831 1841 1909 1908 1841 1908 1847 1846 1844 1850 1850 1844 1843 1848 1827 1852 1843 1849 1850 1852 1827 1843 1843 1827 1849 1851 1847 1845 1841 1847 1851 1851 1845 1842 1842 1845 1846 1842 1846 1850 1854 1853 1855 1854 1855 1856 1856 1855 1857 1856 1857 1858 1858 1857 1859 1858 1859 1860 1860 1859 1861 1860 1861 1863 1863 1861 1862 1863 1862 1864 1863 1864 1866 1866 1864 1865 1855 1853 1869 1869 1853 1870 1869 1870 1871 1871 1870 1872 1871 1872 1873 1873 1872 1874 1873 1874 1875 1875 1874 1876 1875 1876 1877 1877 1876 1878 1877 1878 1879 1879 1878 1880 1879 1880 1881 1881 1880 1882 1881 1882 1883 1883 1882 1884 1883 1884 1867 1867 1884 1868 1870 1885 1872 1872 1885 1886 1872 1886 1874 1874 1886 1887 1874 1887 1876 1876 1887 1888 1876 1888 1878 1878 1888 1889 1878 1889 1880 1880 1889 1890 1880 1890 1882 1882 1890 1891 1882 1891 1884 1884 1891 1892 1884 1892 1868 1886 1885 1893 1886 1893 1887 1887 1893 1894 1887 1894 1888 1888 1894 1895 1888 1895 1889 1889 1895 1896 1889 1896 1890 1890 1896 1897 1890 1897 1891 1891 1897 1898 1891 1898 1892 1892 1898 1899 1892 1899 1868 1893 1885 1900 1893 1900 1894 1894 1900 1901 1894 1901 1895 1895 1901 1902 1895 1902 1896 1896 1902 1903 1896 1903 1897 1897 1903 1904 1897 1904 1898 1898 1904 1905 1898 1905 1899 1899 1905 1868 1900 1885 1906 1906 1885 1907 1910 1866 1867 1912 1907 1911 1901 1900 1906 1906 1907 1913 1913 1907 1912 1913 1912 1914 1914 1912 1915 1915 1912 1911 1857 1855 1869 1869 1871 1916 1916 1871 1873 1916 1873 1917 1917 1873 1875 1917 1875 1918 1918 1875 1877 1918 1877 1919 1919 1877 1879 1919 1879 1920 1920 1879 1881 1920 1881 1921 1921 1881 1883 1921 1883 1867 1902 1901 1913 1913 1901 1906 1902 1913 1914 1859 1857 1916 1916 1857 1869 1859 1916 1917 1903 1902 1914 1903 1914 1915 1861 1859 1917 1861 1917 1918 1904 1903 1915 1904 1915 1911 1862 1861 1918 1862 1918 1919 1905 1904 1911 1864 1862 1919 1864 1919 1920 1905 1911 1868 1865 1864 1920 1865 1920 1921 1866 1865 1921 1866 1921 1867 1923 1868 1922 1923 1922 1908 1867 1868 1910 1910 1868 1923 1909 1923 1908 2025 1933 1924 1924 1933 1885 1885 1870 1924 1870 1853 1924 1853 1854 1924 1944 1926 1929 1929 1926 1927 1929 1927 1930 1930 1927 1931 1925 1944 1929 1934 1932 1933 1934 1933 2025 1973 1965 1936 1937 1936 1938 1937 1938 1959 1959 1938 1939 1939 1938 1940 1940 1938 1941 1941 1938 1942 1938 1936 1942 1965 1984 1943 1944 1620 1935 1658 1951 1948 1946 1945 1947 1946 1947 1942 1942 1947 1941 1945 1948 1949 1945 1949 1947 1947 1949 1950 1947 1950 1941 1941 1950 1940 1944 1925 1951 1951 1952 1948 1948 1952 1953 1948 1953 1954 1954 1953 1955 1954 1955 1956 1956 1955 1957 1956 1957 1958 1958 1957 1959 1951 1925 1960 1951 1960 1952 1952 1960 1961 1952 1961 1953 1953 1961 1962 1953 1962 1955 1955 1962 1963 1955 1963 1957 1957 1963 1964 1957 1964 1959 1959 1964 1937 1936 1965 1943 1942 1936 1943 1946 1942 1966 1948 1966 1658 1658 1620 1951 1951 1620 1944 1946 1966 1945 1945 1966 1948 1939 1940 1967 1967 1940 1950 1967 1950 1968 1968 1950 1949 1968 1949 1969 1969 1949 1948 1959 1939 1958 1958 1939 1967 1958 1967 1956 1956 1967 1968 1956 1968 1954 1954 1968 1969 1954 1969 1948 1965 1973 1984 1972 1971 1983 1983 1971 1982 1974 1981 1984 1975 1980 1981 1978 1983 1982 1977 1978 1982 1977 1982 1970 1977 1970 1985 1976 1977 1985 1976 1985 1979 1976 1979 1980 1975 1976 1980 1974 1975 1981 1973 1974 1984 1987 1971 1972 1987 1972 1991 1987 1991 1992 1994 1986 1988 1990 1993 1988 1988 1993 1994 1990 1992 1993 1987 1995 1996 1988 1986 1989 1992 1990 1995 1987 1992 1995 1971 1987 1996 2006 2005 2002 1986 1998 1989 2002 2005 2000 2002 2000 2004 2004 2000 2003 1997 2003 1999 2001 1998 1986 1997 2004 2003 2001 1997 1999 2001 1999 1998 2007 2008 2009 2010 2009 1770 2010 1770 2011 2006 2010 2011 2006 2011 2005 1831 2015 2016 1819 2013 1820 2016 2015 2014 1819 2017 2013 2014 2015 2017 2012 2014 2017 1819 2012 2017 1809 1822 2280 2280 1822 2277 2282 2277 1826 1822 1826 2277 2282 1826 1825 2282 1825 2283 1825 1824 2279 2279 1824 1820 2278 2279 1820 2279 2283 1825 2018 1983 1978 2018 1978 4344 4344 1978 1977 4344 1977 4349 4349 1977 4348 4348 1977 1976 4348 1976 4347 4347 1976 1975 4347 1975 2019 2019 1975 1974 2019 1974 4366 4366 1974 1973 4366 1973 2033 2033 1973 1936 2033 1936 2041 2041 1936 1937 2041 1937 1964 2041 1964 2035 2035 1964 1963 2035 1963 1962 2035 1962 1961 2035 1961 1960 2036 1925 1929 1929 1930 2024 2030 2038 2029 2029 2038 2040 2020 4367 2039 2023 1931 1928 2037 1928 1932 2021 2026 2042 2028 4368 2020 4371 4368 2028 4367 4330 2040 2029 2040 2034 2030 2029 2032 2024 2030 2036 2024 2036 1929 4330 2031 2040 2040 2031 2034 2033 2041 2034 2029 2034 2032 1854 1934 2025 1934 2022 1932 2022 1934 1854 2022 2037 1932 2037 2023 1928 2023 2024 1930 2023 1930 1931 2036 2030 2035 2035 2030 2032 1925 2036 1960 2035 2032 2034 1960 2036 2035 2022 1854 2021 2022 2021 2042 2027 2022 2042 2037 2022 2027 2037 2027 2028 2038 2023 2037 2038 2037 2039 2039 2037 2028 2024 2023 2038 2039 2028 2020 2038 2039 2040 2030 2024 2038 2040 2039 4367 2041 2035 2034 2027 2042 4371 2027 4371 2028 2042 4370 4371 2034 2031 2033 2042 2026 4370 4370 2026 4369 2025 1924 1854 1854 1856 1858 1854 1858 2021 2021 1858 1860 2021 1860 1863 2021 1863 2026 2026 1863 1866 2026 1866 1910 2026 1910 1923 2026 1923 4369 4369 1923 1909 1909 1841 4369 4369 1841 4354 4354 1841 1851 4354 1851 4345 4345 1851 1842 4345 1842 2043 2043 1842 1850 2043 1850 4362 4362 1850 1849 4362 1849 4364 4364 1849 1827 4364 1827 4390 4390 1827 1833 4390 1833 4391 4391 1833 1828 4391 1828 1832 4391 1832 4396 4396 1832 1829 4396 1829 2044 2044 1829 1830 2044 1830 4445 4445 1830 1838 4445 1838 2016 2045 2051 2046 2049 1809 2280 2051 2053 2046 2053 2051 2052 2056 248 2049 2053 2052 2054 2054 2052 2050 2057 2050 248 2055 248 2056 2057 248 2055 2048 2056 2049 2048 2049 2280 2054 2050 2047 2047 2050 2057 2045 2059 2051 2051 2059 2060 2058 2062 2287 2059 2045 2061 2063 2061 2287 2287 2062 2063 2061 2063 2064 2061 2064 2060 2059 2061 2060 2071 2065 2072 2072 2088 2068 2284 2075 2074 2066 2072 2068 2066 2068 2073 2070 2066 2073 2070 2073 2076 2067 2070 2076 2067 2076 2077 2069 2067 2077 2069 2077 2075 2284 2069 2075 2079 2153 2140 2080 2081 2078 2081 2082 2083 2078 2086 2085 2079 2140 2082 2087 2079 2082 2087 2082 2081 2087 2081 2080 2080 2078 2085 2086 2078 2084 2065 2086 2084 2065 2084 2088 2072 2065 2088 2090 2089 2091 2090 2091 2092 2092 2091 2093 2092 2093 2094 2094 2093 2095 2094 2095 2096 2096 2095 2097 2096 2097 2099 2099 2097 2098 2099 2098 2100 2099 2100 2102 2102 2100 2101 2091 2089 2104 2104 2089 2105 2104 2105 2106 2106 2105 2107 2106 2107 2108 2108 2107 2109 2108 2109 2110 2110 2109 2111 2110 2111 2112 2112 2111 2113 2112 2113 2114 2114 2113 2115 2114 2115 2116 2116 2115 2117 2116 2117 2118 2118 2117 2119 2118 2119 2103 2105 2120 2107 2107 2120 2121 2107 2121 2109 2109 2121 2122 2109 2122 2111 2111 2122 2123 2111 2123 2113 2113 2123 2124 2113 2124 2115 2115 2124 2125 2115 2125 2117 2117 2125 2126 2117 2126 2119 2119 2126 2137 2119 2137 2103 2121 2120 2127 2121 2127 2122 2122 2127 2128 2122 2128 2123 2123 2128 2129 2123 2129 2124 2124 2129 2130 2124 2130 2125 2125 2130 2131 2125 2131 2126 2126 2131 2136 2126 2136 2137 2127 2120 2132 2127 2132 2128 2128 2132 2133 2128 2133 2129 2129 2133 2134 2129 2134 2130 2130 2134 2135 2130 2135 2131 2131 2135 2144 2131 2144 2136 2132 2120 2138 2138 2120 2139 2152 2102 2103 2133 2132 2138 2138 2139 2142 2142 2139 2143 2143 2139 2144 2093 2091 2104 2104 2106 2145 2145 2106 2108 2145 2108 2146 2146 2108 2110 2146 2110 2147 2147 2110 2112 2147 2112 2148 2148 2112 2114 2148 2114 2149 2149 2114 2116 2149 2116 2150 2150 2116 2118 2150 2118 2103 2134 2133 2142 2142 2133 2138 2134 2142 2143 2095 2093 2145 2145 2093 2104 2095 2145 2146 2135 2134 2143 2135 2143 2144 2097 2095 2146 2097 2146 2147 2098 2097 2147 2098 2147 2148 2100 2098 2148 2100 2148 2149 2101 2100 2149 2101 2149 2150 2102 2101 2150 2102 2150 2103 2103 2137 2152 2152 2137 2151 2152 2151 2141 2141 2140 2153 2153 2152 2141 2154 2160 2120 2120 2105 2154 2105 2089 2154 2089 2090 2154 2154 2300 2160 2160 2300 2162 2155 2157 2161 2161 2157 2158 2161 2158 2156 2156 2158 2159 2156 2159 2299 2299 4091 2310 2162 4091 2160 2310 4091 2162 2155 2178 2182 2155 2182 2157 2164 2183 2166 2166 2183 2165 2166 2165 2167 2167 2165 2181 2167 2181 2168 2167 2168 2169 2169 2168 2170 2169 2170 2171 2171 2170 2172 2171 2172 2173 2173 2172 2174 2173 2174 2175 2175 2174 2176 2175 2176 2177 2175 2177 2163 2163 2177 2178 2191 2187 2185 2165 2180 2181 2185 2182 2191 2191 2182 2178 2185 1907 2182 2183 2164 2179 2183 2179 2180 2165 2183 2180 2181 2180 2184 2181 2184 2168 2184 2186 2168 2168 2186 2170 2184 2180 2185 2184 2187 2186 2186 2187 2188 2186 2188 2170 2170 2188 2172 2187 2184 2185 2188 2187 2189 2188 2189 2172 2172 2189 2174 2189 2187 2190 2190 2187 2191 2176 2174 2190 2190 2174 2189 2176 2190 2191 2177 2176 2191 2178 2177 2191 2212 2208 2198 2202 2179 2164 2193 2197 2192 2204 2200 2201 2198 2208 2203 2198 2203 2197 2197 2203 2195 2195 2192 2197 2192 2195 2199 2193 2192 2199 2193 2199 2200 2204 2193 2200 2194 2204 2201 2196 2194 2201 2196 2201 2205 2196 2205 2202 2164 2196 2202 2213 2253 2206 2207 2208 2212 2210 2214 2209 2209 2207 2212 2211 2213 2206 2211 2206 2214 2210 2211 2214 2209 2214 2207 2275 2215 2216 2216 2215 2217 2216 2217 2218 2218 2217 2219 2218 2219 2220 2220 2219 2221 2220 2221 2222 2222 2221 2223 2222 2223 2224 2224 2223 2225 2224 2225 2226 2226 2225 2227 2226 2227 2228 2228 2227 2229 2228 2229 2230 2230 2229 2231 2230 2231 2232 2232 2231 2233 2232 2233 2276 2213 2268 2253 2217 2236 2219 2219 2236 2237 2219 2237 2221 2221 2237 2238 2221 2238 2223 2223 2238 2239 2223 2239 2225 2225 2239 2250 2225 2250 2227 2227 2250 2251 2227 2251 2229 2229 2251 2240 2229 2240 2231 2231 2240 2241 2231 2241 2233 2233 2241 2246 2233 2246 2276 2236 2242 2237 2237 2242 2243 2237 2243 2238 2238 2243 2244 2238 2244 2239 2239 2244 2249 2239 2249 2250 2240 2251 2245 2240 2245 2241 2241 2245 2246 2246 2235 2276 2242 2247 2243 2243 2247 2248 2243 2248 2244 2244 2248 2249 2245 2251 2246 2246 2251 2235 2248 2247 2252 2234 2253 2268 2232 2276 2254 2232 2254 2230 2230 2254 2255 2230 2255 2228 2228 2255 2256 2228 2256 2226 2226 2256 2257 2226 2257 2224 2224 2257 2258 2224 2258 2222 2222 2258 2259 2222 2259 2220 2220 2259 2260 2220 2260 2218 2218 2260 2216 2254 2276 2261 2254 2261 2255 2255 2261 2262 2255 2262 2256 2256 2262 2263 2256 2263 2257 2257 2263 2264 2257 2264 2258 2258 2264 2265 2258 2265 2259 2259 2265 2266 2259 2266 2260 2260 2266 2267 2260 2267 2216 2216 2267 2275 2269 2270 2276 2276 2270 2261 2261 2270 2262 2270 2271 2262 2262 2271 2263 2263 2271 2272 2263 2272 2264 2264 2272 2265 2265 2272 2273 2265 2273 2266 2266 2273 2274 2266 2274 2267 2267 2274 2275 2249 2248 2252 2276 2235 2234 2250 2249 2252 2251 2250 2235 2269 2276 2234 2269 2234 2268 2217 2278 2236 2236 2278 2242 2242 2278 2247 2048 2280 2277 2278 2252 2247 2278 2217 2215 2281 2282 2283 2281 2278 2215 2048 2277 2281 2277 2282 2281 2281 2283 2279 2278 2281 2279 2284 2074 2290 2058 2287 2289 2074 2291 2290 2285 2290 2291 2285 2291 2288 2286 2285 2288 2286 2288 2289 2286 2289 2287 250 2060 2503 2504 2503 2060 2504 2060 2064 2504 2064 2063 2504 2063 2292 2063 2062 2499 2499 2062 2058 2500 2499 2058 2499 2292 2063 4453 2212 2198 4453 2198 2293 2293 2198 2197 2293 2197 2294 2294 2197 2193 2294 2193 2204 2294 2204 2194 2294 2194 4478 4478 2194 4479 4479 2194 2196 4479 2196 4488 4488 2196 2164 4488 2164 2303 2303 2164 2307 2307 2164 2166 2307 2166 2317 2317 2166 2167 2317 2167 2169 2317 2169 2309 2309 2169 2171 2309 2171 2173 2309 2173 2175 2178 2155 2163 2306 2155 2161 2161 2156 2298 2305 2315 2302 2302 2315 2316 2298 2156 2299 2296 2301 2318 2295 4464 4463 4492 4464 2314 4463 4490 2316 2302 2316 2308 2305 2302 2304 2298 2305 2306 2298 2306 2161 4490 2303 2316 2316 2303 2308 2307 2317 2308 2302 2308 2304 2300 2090 2162 2090 2311 2162 2311 2310 2162 2310 2311 2313 2299 2310 2314 2312 2299 2314 2312 2298 2299 2175 2306 2305 2175 2305 2309 2309 2305 2304 2155 2306 2163 2163 2306 2175 2309 2304 2308 2090 2297 2296 2311 2090 2296 2313 2311 2296 2313 2296 2318 2314 2310 2313 2295 2314 4464 2315 2312 2314 2315 2314 2295 2298 2312 2315 2315 2295 2316 2305 2298 2315 2316 2295 4463 2317 2309 2308 2297 2301 2296 2313 2318 4492 2313 4492 2314 2318 4491 4492 2308 2303 2307 2318 2301 4491 4491 2301 4457 2300 2154 2090 2090 2092 2094 2090 2094 2297 2297 2094 2096 2297 2096 2099 2297 2099 2102 2297 2102 2152 2297 2152 2301 2301 2152 4457 4457 2152 2153 2153 2079 4457 4457 2079 2319 2319 2079 4481 4481 2079 2087 4481 2087 4484 4484 2087 2080 4484 2080 4485 4485 2080 2085 4485 2085 4487 4487 2085 2086 4487 2086 2065 4487 2065 4467 4467 2065 4493 4493 2065 2071 4493 2071 2320 2320 2071 2072 2320 2072 2066 2320 2066 4530 4530 2066 2321 2321 2066 2070 2321 2070 2067 2321 2067 4514 4514 2067 2069 4514 2069 2284 4514 2284 4531 2322 2325 2324 2326 2051 250 2331 252 249 2331 249 2332 2325 2327 2324 2325 252 2327 2332 249 2330 2327 252 2328 2328 252 2331 2328 2331 2329 2323 2331 2332 2332 2330 4656 4656 2330 2326 2323 2332 4656 2501 2326 250 2329 2331 2323 4656 2326 4681 4681 2326 2501 2322 2334 2325 2325 2334 2340 2325 2340 252 2333 2338 2335 2334 2322 2336 2333 2335 2337 2338 2339 2335 2336 2335 2339 2336 2339 2340 2334 2336 2340 2341 2342 2343 2343 2342 2347 2343 2349 2341 2355 2351 2353 2347 2344 2343 2345 2355 2353 2345 2353 2350 2346 2350 2352 2344 2347 2354 2344 2354 2351 2355 2344 2351 2346 2345 2350 2346 2352 2356 2348 2346 2356 2348 2356 2510 2357 2359 2358 2358 2437 2357 2362 2347 2342 2360 2361 2363 2363 2361 2364 2363 2364 2367 2365 2364 2362 2342 2365 2362 2366 2359 2360 2366 2360 2363 2358 2359 2366 2367 2364 2365 2368 2369 2370 2370 2369 2371 2370 2371 2372 2372 2371 2373 2372 2373 2374 2374 2373 2375 2374 2375 2376 2376 2375 2377 2376 2377 2378 2378 2377 2379 2378 2379 2380 2380 2379 2381 2380 2381 2382 2382 2381 2383 2382 2383 2436 2386 2385 2387 2386 2387 2388 2388 2387 2389 2388 2389 2390 2390 2389 2391 2390 2391 2392 2392 2391 2393 2392 2393 2394 2394 2393 2395 2394 2395 2377 2377 2395 2379 2371 2396 2373 2373 2396 2397 2373 2397 2375 2375 2397 2394 2375 2394 2377 2396 2398 2397 2397 2398 2392 2397 2392 2394 2398 2390 2392 2436 2433 2399 2436 2399 2382 2382 2399 2400 2382 2400 2380 2380 2400 2401 2380 2401 2378 2378 2401 2402 2378 2402 2376 2376 2402 2403 2376 2403 2374 2374 2403 2404 2374 2404 2372 2372 2404 2370 2433 2405 2399 2399 2405 2406 2399 2406 2400 2400 2406 2407 2400 2407 2401 2401 2407 2408 2401 2408 2402 2402 2408 2409 2402 2409 2403 2403 2409 2410 2403 2410 2404 2404 2410 2411 2404 2411 2370 2370 2411 2368 2405 2433 2412 2405 2412 2406 2406 2412 2413 2406 2413 2407 2407 2413 2414 2407 2414 2408 2408 2414 2415 2408 2415 2409 2409 2415 2410 2410 2415 2368 2410 2368 2411 2387 2385 2417 2417 2385 2416 2420 2416 2425 2389 2387 2418 2418 2387 2417 2418 2417 2419 2419 2417 2416 2419 2416 2420 2391 2389 2421 2421 2389 2418 2421 2418 2422 2422 2418 2419 2422 2419 2423 2423 2419 2420 2423 2420 2424 2424 2420 2425 2426 2357 2437 2391 2421 2393 2393 2421 2427 2393 2427 2395 2395 2427 2428 2395 2428 2379 2379 2428 2381 2427 2421 2422 2427 2422 2429 2429 2422 2423 2429 2423 2430 2430 2423 2424 2430 2424 2431 2431 2424 2432 2432 2424 2425 2433 2425 2426 2427 2429 2428 2428 2429 2434 2428 2434 2381 2381 2434 2383 2434 2429 2430 2434 2430 2435 2435 2430 2431 2435 2431 2436 2436 2431 2432 2436 2432 2433 2433 2432 2425 2384 2433 2426 2384 2426 2437 2436 2383 2435 2435 2383 2434 2368 2523 2438 2396 2438 2398 2398 2438 2390 2438 2388 2390 2438 2385 2386 2438 2386 2388 2396 2371 2438 2371 2369 2438 2438 2369 2368 2438 2523 4086 2443 2439 4090 2443 4090 2441 2443 2442 2439 2441 4090 2440 2521 2441 2440 2521 2440 2522 2522 2440 4086 2522 4086 2523 2514 2448 2445 2514 2445 2442 2442 2445 2439 2448 2449 2453 2449 2139 2453 2453 2445 2448 2453 2139 2445 2451 2454 2456 2455 2454 2451 2452 2450 2455 2452 2455 2451 2456 2449 2446 2446 2451 2456 2447 2446 2449 2447 2449 2448 2483 2477 2462 2450 2452 2470 2472 2471 2463 2457 2477 2466 2457 2466 2467 2462 2477 2457 2469 2464 2465 2461 2457 2467 2461 2467 2471 2460 2461 2471 2460 2471 2472 2459 2460 2472 2459 2472 2463 2458 2459 2463 2458 2463 2464 2469 2458 2464 2469 2465 2468 2470 2469 2468 2470 2468 2450 2481 2492 2474 2477 2476 2485 2476 2477 2483 2486 2482 2481 2479 2480 2485 2479 2485 2483 2483 2485 2476 2486 2481 2474 2486 2474 2473 2486 2473 2484 2475 2486 2484 2482 2486 2475 2480 2482 2475 2480 2475 2478 2485 2480 2478 2492 2488 2474 2491 2500 2490 2491 2490 2493 2493 2490 2495 2497 2495 2496 2493 2495 2497 2487 2497 2496 2487 2496 2489 2494 2487 2489 2494 2489 2488 2492 2494 2488 2501 250 2498 2498 250 2503 2502 2292 2499 2498 2503 2504 2502 2498 2504 2502 2504 2292 2491 2502 2499 2491 2499 2500 2333 2337 2509 2356 2508 2510 2506 2507 2509 2510 2508 2507 2510 2507 2505 2506 2509 2337 2505 2507 2506 2559 2340 2761 2511 2761 2340 2511 2340 2339 2511 2339 2512 2339 2338 2762 2762 2338 2333 2759 2762 2333 2762 2512 2339 4571 2483 2462 4571 2462 4579 4579 2462 2457 4579 2457 2461 4579 2461 4598 4598 2461 2460 4598 2460 2513 2513 2460 2459 2513 2459 4599 4599 2459 2458 4599 2458 2469 4599 2469 4570 4570 2469 2470 4570 2470 4606 4606 2470 2452 4606 2452 2538 2538 2452 2451 2538 2451 2537 2537 2451 2446 2537 2446 2447 2537 2447 2539 2539 2447 2448 2539 2448 2542 2542 2448 2444 2448 2514 2444 2535 2442 2443 2532 2516 2531 2531 2516 2546 2531 2546 2530 2530 2546 4608 4609 4608 2545 2443 2441 2515 2520 2441 2521 2525 2528 2526 2517 4610 4609 4608 4607 2530 2531 2530 2536 2532 2531 2534 2515 2532 2535 2515 2535 2443 4607 2533 2530 2530 2533 2536 2538 2537 2536 2536 2537 2531 2531 2537 2534 2444 2514 2442 2524 2540 2368 2368 2540 2523 2523 2540 2522 2540 2541 2522 2519 2540 2524 2541 2540 2519 2541 2521 2522 2521 2541 2543 2520 2521 2543 2520 2515 2441 2542 2535 2532 2542 2532 2539 2539 2532 2534 2442 2535 2444 2444 2535 2542 2539 2534 2537 2524 2518 2525 2519 2524 2525 2519 2525 2526 2527 2541 2519 2527 2519 2526 2543 2541 2527 2543 2527 4610 2517 2543 4610 2544 2520 2543 2544 2543 2545 2545 2543 2517 2515 2520 2544 2545 2517 4609 2516 2515 2544 2516 2544 2545 2516 2545 2546 2532 2515 2516 2546 2545 4608 2526 2528 2547 2526 2547 2527 2527 2547 2529 2527 2529 4610 2528 2548 2547 2536 2533 2538 2524 2368 2518 2518 2368 2415 2518 2415 2414 2518 2414 2525 2525 2414 2413 2525 2413 2412 2525 2412 2433 2525 2433 2384 2525 2384 2528 2528 2384 2548 2548 2384 2437 2437 2358 2548 2548 2358 2549 2549 2358 4575 4575 2358 2366 4575 2366 2550 2550 2366 4600 4600 2366 2363 4600 2363 2367 4600 2367 4601 4601 2367 4605 4605 2367 2365 4605 2365 4588 4588 2365 2342 4588 2342 2551 2551 2342 4612 4612 2342 2341 4612 2341 2552 2552 2341 2349 2552 2349 4611 4611 2349 2553 2553 2349 2343 2553 2343 2344 2553 2344 4638 4638 2344 4639 4639 2344 2355 4639 2355 2345 4639 2345 4640 4640 2345 2554 2554 2345 2346 2554 2346 4617 4617 2346 2348 4617 2348 2555 2556 2561 2557 2560 252 2559 2558 2559 2758 2561 2562 2557 2562 2565 2566 2561 2581 2563 2561 2563 2562 2565 2564 2568 2568 2564 2560 2567 2560 2559 2562 2563 2564 2569 2568 2560 2569 2560 2567 2562 2564 2565 2565 2568 2566 2571 2567 2559 2570 2569 2567 2558 2571 2559 2566 2568 2569 2570 2567 2571 2556 2573 2561 2561 2573 2581 2572 2578 2575 2573 2556 2576 2574 2576 2575 2572 2575 2577 2575 2578 2574 2578 2579 2574 2576 2574 2579 2576 2579 2580 2576 2580 2581 2573 2576 2581 2588 2582 2592 2594 2591 3701 2594 3701 2593 2583 2594 2593 2584 2593 2590 2588 2592 2589 2587 2589 2591 2589 2587 2588 2586 2587 2591 2586 2591 2594 2584 2583 2593 2584 2590 2595 2585 2584 2595 2585 2595 2769 2627 2600 2601 2602 2592 2582 2603 2599 2607 2600 2603 2607 2599 2598 2604 2604 2598 2597 2604 2597 2605 2605 2597 2606 2608 2606 2602 2582 2608 2602 2601 2600 2609 2609 2600 2607 2609 2607 2596 2607 2599 2596 2608 2605 2606 2596 2599 2604 2610 2656 2611 2610 2611 2612 2612 2611 2613 2612 2613 2614 2614 2613 2615 2614 2615 2616 2616 2615 2617 2616 2617 2618 2618 2617 2619 2618 2619 2620 2620 2619 2621 2620 2621 2622 2622 2621 2623 2622 2623 2624 2624 2623 2625 2624 2625 2686 2630 2957 2628 2630 2628 2629 2630 2629 2631 2630 2631 2632 2632 2631 2633 2632 2633 2634 2634 2633 2635 2634 2635 2619 2619 2635 2621 2613 2636 2615 2615 2636 2637 2615 2637 2617 2617 2637 2634 2617 2634 2619 2636 2638 2637 2637 2638 2632 2637 2632 2634 2638 2630 2632 2627 2674 2600 2686 2682 2639 2686 2639 2624 2624 2639 2640 2624 2640 2622 2622 2640 2641 2622 2641 2620 2620 2641 2642 2620 2642 2618 2618 2642 2643 2618 2643 2616 2616 2643 2644 2616 2644 2614 2614 2644 2612 2682 2645 2639 2639 2645 2646 2639 2646 2640 2640 2646 2647 2640 2647 2641 2641 2647 2648 2641 2648 2642 2642 2648 2649 2642 2649 2643 2643 2649 2650 2643 2650 2644 2644 2650 2651 2644 2651 2612 2612 2651 2610 2645 2682 2652 2645 2652 2646 2646 2652 2653 2646 2653 2647 2647 2653 2654 2647 2654 2648 2648 2654 2655 2648 2655 2649 2649 2655 2650 2650 2655 2656 2650 2656 2651 2651 2656 2610 2657 2957 2658 2628 2957 2659 2659 2957 2657 2659 2657 2660 2660 2657 2661 2661 2657 2658 2661 2658 2662 2629 2628 2663 2663 2628 2659 2663 2659 2664 2664 2659 2660 2664 2660 2665 2665 2660 2661 2665 2661 2666 2666 2661 2662 2631 2629 2667 2667 2629 2663 2667 2663 2668 2668 2663 2664 2668 2664 2669 2669 2664 2665 2669 2665 2670 2670 2665 2666 2670 2666 2671 2671 2666 2662 2671 2662 2672 2672 2662 2658 2672 2658 2673 2631 2667 2633 2633 2667 2675 2633 2675 2635 2635 2675 2676 2635 2676 2621 2621 2676 2623 2675 2667 2668 2675 2668 2677 2677 2668 2669 2677 2669 2678 2678 2669 2670 2678 2670 2679 2679 2670 2671 2679 2671 2680 2680 2671 2672 2680 2672 2681 2681 2672 2673 2681 2673 2682 2682 2673 2683 2683 2674 2627 2675 2677 2676 2676 2677 2684 2676 2684 2623 2623 2684 2625 2684 2677 2678 2684 2678 2685 2685 2678 2679 2685 2679 2686 2686 2679 2680 2686 2680 2682 2682 2680 2681 2626 2682 2683 2626 2683 2627 2686 2625 2685 2685 2625 2684 2656 2779 2687 2636 2687 2638 2638 2687 2630 2636 2613 2687 2613 2611 2687 2687 2611 2656 2689 2696 2697 2779 2697 2696 2691 2693 2688 2695 2693 2692 2695 2692 2690 2698 2691 2688 2695 2688 2693 2690 2692 2694 2778 2694 4080 2778 4080 2794 2689 4080 2696 2794 4080 2689 2779 2696 2687 2698 2709 2691 2691 2709 2713 2691 2713 2693 2693 2713 2385 2712 2700 2701 2701 2702 2703 2703 2702 2704 2703 2704 2705 2705 2704 2706 2705 2706 2707 2707 2706 2708 2707 2708 2709 2708 2716 2710 2715 2699 2711 2708 2713 2709 2708 2710 2713 2710 2416 2713 2416 2385 2713 2714 2710 2716 2699 2715 2712 2700 2714 2718 2700 2718 2701 2701 2718 2702 2712 2715 2700 2700 2715 2714 2718 2717 2702 2702 2717 2704 2718 2714 2716 2717 2718 2719 2717 2719 2704 2704 2719 2706 2718 2716 2719 2719 2716 2706 2706 2716 2708 2711 2699 2722 2720 2737 2729 2733 2732 2728 2720 2729 2721 2721 2729 2730 2727 2721 2730 2727 2730 2732 2726 2727 2732 2726 2732 2733 2725 2726 2733 2725 2733 2728 2725 2728 2734 2724 2725 2734 2724 2734 2735 2723 2724 2735 2723 2735 2731 2722 2723 2731 2722 2731 2711 2720 2748 2737 2742 2744 2743 2741 2747 2742 2742 2747 2744 2741 2746 2747 2740 2739 2742 2738 2737 2748 2742 2743 2740 2741 2742 2739 2741 2739 2749 2746 2741 2749 2746 2749 2738 2745 2746 2738 2748 2745 2738 2760 2759 2755 2736 2740 2743 2736 2752 2740 2751 2753 2752 2755 2759 2756 2754 2756 2757 2755 2756 2754 2736 2751 2752 2750 2754 2757 2750 2757 2753 2751 2750 2753 2758 2559 2761 2758 2761 2511 2763 2511 2512 2763 2512 2762 2758 2511 2763 2760 2763 2762 2760 2762 2759 2572 2577 2768 2595 2767 2769 2765 2766 2768 2769 2767 2766 2769 2766 2764 2765 2768 2577 2764 2766 2765 2817 2581 3007 2770 3007 2581 2770 2581 2580 2770 2580 2579 2770 2579 2771 2579 2578 3008 3008 2578 2572 3005 3008 2572 3008 2771 2579 4703 2748 2720 4703 2720 2721 4703 2721 4705 4705 2721 2727 4705 2727 4709 4709 2727 2726 4709 2726 4711 4711 2726 2725 4711 2725 4706 4706 2725 2724 4706 2724 4710 4710 2724 2723 4710 2723 4725 4725 2723 2722 4725 2722 2699 4725 2699 2790 2790 2699 2712 2790 2712 2791 2791 2712 2802 2802 2712 2701 2802 2701 2703 2802 2703 2793 2793 2703 2705 2793 2705 2707 2793 2707 2709 2793 2709 2795 2795 2709 2698 2789 2688 2695 2786 2773 2785 2785 2773 2801 2785 2801 2784 2784 2801 4726 2774 4726 2800 2695 2690 2772 2772 2690 2694 2777 2694 2778 2781 2782 2803 2775 4729 2774 4728 4729 2798 4726 4689 2784 2785 2784 2792 2786 2785 2788 2772 2786 2789 2772 2789 2695 4689 2787 2784 2784 2787 2792 2785 2792 2788 2791 2802 2792 2795 2698 2688 2779 2656 2697 2656 2796 2697 2697 2796 2689 2796 2656 2780 2796 2794 2689 2794 2796 2797 2778 2794 2798 2777 2778 2798 2777 2772 2694 2795 2789 2786 2795 2786 2793 2793 2786 2788 2688 2789 2795 2793 2788 2792 2780 2776 2781 2796 2780 2781 2796 2781 2803 2797 2796 2803 2798 2794 2797 2775 2798 4729 2799 2777 2798 2799 2798 2800 2800 2798 2775 2772 2777 2799 2800 2775 2774 2773 2772 2799 2773 2799 2800 2773 2800 2801 2786 2772 2773 2801 2800 4726 2802 2793 2792 2797 2803 4728 2797 4728 2798 2803 4727 4728 2792 2787 2791 2791 2787 2790 2803 2782 4727 4727 2782 2783 2780 2656 2776 2776 2656 2655 2776 2655 2654 2776 2654 2781 2781 2654 2653 2781 2653 2652 2781 2652 2682 2781 2682 2626 2781 2626 2782 2782 2626 2783 2783 2626 2627 2783 2627 2804 2627 2601 2804 2804 2601 2805 2805 2601 2609 2805 2609 4707 4707 2609 2596 4707 2596 2806 2806 2596 2604 2806 2604 2807 2807 2604 2605 2807 2605 2808 2808 2605 2608 2808 2608 4697 4697 2608 2582 4697 2582 4730 4730 2582 2588 4730 2588 2809 2809 2588 2810 2810 2588 2587 2810 2587 4751 4751 2587 2586 4751 2586 2594 4751 2594 4752 4752 2594 2583 4752 2583 4735 4735 2583 2584 4735 2584 2585 4735 2585 2811 2812 2820 2813 2818 2563 2817 2816 2817 3004 2820 2821 2813 2821 2822 2814 2820 2819 2821 2821 2819 255 2825 255 2824 2823 2825 2824 2821 255 2822 2825 2822 255 2826 2818 2817 2822 2825 2814 2814 2825 2815 2818 2823 2824 2816 2826 2817 2815 2825 2823 4899 2818 2826 4899 2823 2818 2815 2823 4899 2812 2827 2820 2820 2827 2834 2820 2834 2819 2829 3017 2831 2827 2812 2830 2829 2828 3011 2829 2831 2828 2831 2832 2828 2830 2828 2832 2830 2832 2833 2830 2833 2834 2827 2830 2834 2835 2838 2842 2844 2843 3702 2845 2838 2846 2839 2848 3015 2842 2838 2845 2841 2845 2846 2836 2841 2846 2836 2846 2847 2840 2836 2847 2840 2847 2843 2840 2843 2844 2837 2844 3702 2837 3702 2848 2839 2837 2848 2854 2853 2857 2858 2851 2859 2852 2858 2850 2859 2851 2855 2921 2853 2854 2838 2859 2855 2860 2856 2852 2860 2852 2850 2849 2854 2857 2850 2858 2859 2835 2859 2838 2861 2857 2856 2861 2856 2860 2835 2850 2859 2861 2849 2857 2863 2862 2864 2863 2864 2865 2865 2864 2866 2865 2866 2867 2867 2866 2868 2867 2868 2869 2869 2868 2870 2869 2870 2872 2872 2870 2871 2872 2871 2873 2872 2873 2875 2875 2873 2874 2864 2862 2877 2877 2862 2878 2877 2878 2879 2879 2878 2880 2879 2880 2881 2881 2880 2882 2881 2882 2883 2883 2882 2884 2883 2884 2885 2885 2884 2886 2885 2886 2887 2887 2886 2888 2887 2888 2889 2889 2888 2890 2889 2890 2891 2891 2890 2892 2891 2892 2876 2878 2893 2880 2880 2893 2894 2880 2894 2882 2882 2894 2895 2882 2895 2884 2884 2895 2896 2884 2896 2886 2886 2896 2897 2886 2897 2888 2888 2897 2898 2888 2898 2890 2890 2898 2899 2890 2899 2892 2892 2899 2900 2892 2900 2876 2893 2901 2894 2894 2901 2902 2894 2902 2895 2895 2902 2903 2895 2903 2896 2896 2903 2904 2896 2904 2897 2897 2904 2905 2897 2905 2898 2898 2905 2906 2898 2906 2899 2899 2906 2907 2899 2907 2900 2900 2907 2908 2900 2908 2876 2901 2916 2902 2902 2916 2909 2902 2909 2903 2903 2909 2910 2903 2910 2904 2904 2910 2911 2904 2911 2905 2905 2911 2912 2905 2912 2906 2906 2912 2913 2906 2913 2907 2907 2913 2914 2907 2914 2908 2908 2914 2931 2908 2931 2876 2909 2916 2915 2915 2916 2917 2917 2916 2918 2918 2916 2919 2921 2920 2853 2939 2875 2876 2918 2919 2923 2923 2919 2924 2924 2919 2930 2917 2918 2925 2925 2918 2923 2925 2923 2926 2926 2923 2924 2910 2909 2915 2915 2917 2927 2927 2917 2925 2927 2925 2928 2928 2925 2926 2928 2926 2929 2929 2926 2924 2929 2924 2930 2866 2864 2877 2877 2879 2932 2932 2879 2881 2932 2881 2933 2933 2881 2883 2933 2883 2934 2934 2883 2885 2934 2885 2935 2935 2885 2887 2935 2887 2936 2936 2887 2889 2936 2889 2937 2937 2889 2891 2937 2891 2876 2911 2910 2927 2927 2910 2915 2911 2927 2928 2868 2866 2932 2932 2866 2877 2868 2932 2933 2912 2911 2928 2912 2928 2929 2870 2868 2933 2870 2933 2934 2913 2912 2929 2913 2929 2930 2871 2870 2934 2871 2934 2935 2914 2913 2930 2914 2930 2931 2873 2871 2935 2873 2935 2936 2874 2873 2936 2874 2936 2937 2875 2874 2937 2875 2937 2876 2876 2931 2939 2939 2931 2938 2922 2920 2921 2922 2938 2920 2939 2938 2922 2893 2940 2901 2901 2940 2916 3029 4085 2940 2893 2878 2940 2878 2862 2940 2862 2863 2940 2944 2945 2947 2946 2947 2948 4085 3029 2951 2943 2945 2949 2949 2945 2944 2944 2947 2946 2948 2941 2950 2948 2947 2941 2950 2941 2942 2941 4085 2951 2942 2941 2951 3028 2942 2951 3028 2951 3029 2943 2962 2945 2945 2962 2958 2955 2954 2953 2960 2959 2963 2960 2963 2961 2964 2955 2953 2965 2956 2658 2965 2658 2957 2959 2957 2958 2966 2953 2956 2966 2956 2961 2961 2956 2965 2965 2957 2959 2962 2959 2958 2964 2953 2966 2960 2961 2965 2960 2965 2959 2967 2971 2978 2955 2952 2954 2971 2985 2978 2973 2967 2978 2978 2985 2976 2979 2981 2974 2978 2976 2977 2977 2973 2978 2973 2977 2981 2972 2973 2981 2972 2981 2979 2968 2972 2979 2968 2979 2974 2969 2968 2974 2969 2974 2982 2970 2969 2982 2970 2982 2975 2952 2970 2975 2952 2975 2980 2952 2980 2954 2984 2985 2989 2985 2971 2989 2984 2989 2991 2984 2991 2992 2988 2987 2986 2984 2994 2995 2988 2990 2987 2993 2988 2986 2993 2986 2994 2992 2993 2994 2984 2992 2994 2985 2984 2995 2990 2983 3003 3006 3005 3000 3003 2987 2990 3003 2983 2997 2997 2998 3003 3000 3005 3001 2999 3001 3002 3000 3001 2999 2996 2999 3002 2996 3002 2998 2997 2996 2998 3004 2817 3007 3004 3007 2770 3009 2770 2771 3009 2771 3008 3004 2770 3009 3006 3009 3008 3006 3008 3005 2829 3011 3017 3012 2839 3015 3015 3014 3012 3013 3016 3017 3012 3014 3010 3010 3014 3016 3013 3010 3016 3011 3013 3017 3064 2834 3335 3018 3335 2834 3018 2834 2833 3018 2833 2832 3018 2832 3019 2832 2831 3337 3333 2831 3017 2831 3333 3337 3337 3019 2832 4852 2967 4824 4824 2967 2973 4824 2973 4825 4825 2973 2972 4825 2972 4829 4829 2972 2968 4829 2968 3020 3020 2968 2969 3020 2969 4827 4827 2969 2970 4827 2970 4828 4828 2970 2952 4828 2952 3021 3021 2952 3022 3022 2952 2955 3022 2955 2964 3022 2964 3043 3043 2964 2966 3043 2966 2961 3043 2961 3044 3044 2961 2963 2963 2959 2962 2962 2943 2963 2963 2943 2949 3047 2949 2944 2944 2946 3046 3038 3040 3023 3038 3023 3051 3038 3051 3037 3037 3051 4847 3024 4847 3050 3046 3027 3040 3046 2946 2948 3027 2948 2950 3048 2950 2942 3031 3034 3052 3033 4848 3024 3036 4848 3033 4847 4846 3037 3038 3037 3042 3040 3038 3039 3040 3047 3046 3046 3047 2944 4846 3041 3037 3037 3041 3042 3038 3042 3039 3040 3039 3047 3022 3043 3042 3029 2863 3028 3028 2863 3030 3028 3045 2942 3026 3028 3030 3045 3028 3026 3045 3048 2942 3048 3027 2950 3027 3046 2948 3044 3047 3039 2949 3047 2963 2963 3047 3044 3030 3025 3031 3026 3030 3031 3026 3031 3052 3032 3045 3026 3032 3026 3052 3048 3045 3032 3048 3032 3033 3049 3027 3048 3049 3048 3050 3050 3048 3033 3050 3033 3024 3040 3027 3049 3040 3049 3023 3023 3049 3050 3023 3050 3051 3051 3050 4847 3044 3039 3043 3043 3039 3042 3032 3052 3036 3032 3036 3033 3034 3035 3052 3052 4816 3036 3042 3041 3022 3052 3035 4816 3029 2940 2863 3030 2863 2865 3030 2865 2867 3030 2867 3025 3025 2867 2869 3025 2869 2872 3025 2872 3031 3031 2872 2875 3031 2875 2939 3031 2939 3034 3034 2939 3035 3035 2939 2922 3035 2922 2921 2921 2854 3035 3035 2854 4809 4809 2854 2849 4809 2849 2861 4809 2861 3053 3053 2861 4808 4808 2861 2860 4808 2860 4817 4817 2860 2850 4817 2850 4844 4844 2850 2835 4844 2835 4818 4818 2835 3054 3054 2835 2842 3054 2842 2845 3054 2845 3055 3055 2845 2841 3055 2841 2836 3055 2836 4885 4885 2836 2840 4885 2840 4872 4872 2840 2844 4872 2844 4877 4877 2844 2837 4877 2837 2839 4877 2839 4890 4890 2839 3703 3056 3062 3065 5015 3063 3056 3063 3062 3056 3061 2819 3060 3060 3064 3059 3059 3064 3335 3060 2819 3064 3063 3394 257 3062 257 3065 257 3062 3063 3067 3061 3060 3068 3066 3061 3065 257 3066 3070 3067 3060 3065 3066 3057 3057 3066 3068 3069 3068 3061 3069 3061 3067 3059 3070 3060 3057 3068 3058 3069 3067 3070 3058 3068 3069 5015 3073 3063 3063 3073 3394 3073 5015 3072 3075 3072 3071 3075 3071 3076 3076 3074 3075 3074 3077 3075 3072 3075 3077 3072 3077 3078 3073 3072 3078 3083 3081 3087 3085 3100 3082 3092 3091 3088 3092 3088 3093 3093 3088 3089 3093 3089 3087 3085 3082 3086 3079 3086 3090 3093 3087 3080 3080 3087 3081 3086 3079 3085 3084 3079 3090 3084 3090 3091 3084 3091 3092 3098 3099 3127 3099 3185 3127 3105 3102 3097 3101 3102 3105 3103 3105 3097 3104 3099 3098 3106 3103 3100 3099 3104 3094 3108 3104 3101 3108 3101 3105 3096 3103 3106 3094 3104 3107 3107 3104 3108 3108 3105 3095 3096 3105 3103 3085 3106 3100 3096 3095 3105 3109 3164 3110 3109 3110 3111 3111 3110 3112 3111 3112 3113 3113 3112 3114 3113 3114 3115 3115 3114 3116 3115 3116 3117 3117 3116 3118 3117 3118 3119 3119 3118 3120 3119 3120 3121 3121 3120 3122 3121 3122 3123 3123 3122 3124 3123 3124 3147 3129 3130 3131 3131 3130 3132 3132 3130 3133 3132 3133 3134 3134 3133 3135 3134 3135 3136 3136 3135 3137 3136 3137 3138 3138 3137 3139 3138 3139 3140 3140 3139 3141 3140 3141 3142 3142 3141 3143 3142 3143 3118 3118 3143 3120 3112 3144 3114 3114 3144 3145 3114 3145 3116 3116 3145 3142 3116 3142 3118 3144 3146 3145 3145 3146 3140 3145 3140 3142 3146 3138 3140 3123 3147 3148 3123 3148 3121 3121 3148 3149 3121 3149 3119 3119 3149 3150 3119 3150 3117 3117 3150 3151 3117 3151 3115 3115 3151 3152 3115 3152 3113 3113 3152 3111 3147 3153 3154 3147 3154 3148 3148 3154 3155 3148 3155 3149 3149 3155 3156 3149 3156 3150 3150 3156 3157 3150 3157 3151 3151 3157 3158 3151 3158 3152 3152 3158 3159 3152 3159 3111 3111 3159 3109 3153 3160 3154 3154 3160 3161 3154 3161 3155 3155 3161 3162 3155 3162 3156 3156 3162 3163 3156 3163 3157 3157 3163 3158 3158 3163 3164 3158 3164 3159 3159 3164 3109 3133 3130 3165 3165 3130 3129 3165 3129 3128 3135 3133 3166 3166 3133 3165 3166 3165 3167 3167 3165 3128 3137 3135 3168 3168 3135 3166 3168 3166 3169 3169 3166 3167 3169 3167 3170 3170 3167 3128 3139 3137 3171 3171 3137 3168 3171 3168 3172 3172 3168 3169 3172 3169 3173 3173 3169 3170 3173 3170 3174 3174 3170 3128 3174 3128 3175 3125 3176 3177 3139 3171 3141 3141 3171 3178 3141 3178 3143 3143 3178 3179 3143 3179 3120 3120 3179 3122 3178 3171 3172 3178 3172 3180 3180 3172 3173 3180 3173 3181 3181 3173 3174 3181 3174 3182 3182 3174 3175 3182 3175 3147 3147 3175 3176 3153 3176 3125 3178 3180 3179 3179 3180 3183 3179 3183 3122 3122 3183 3124 3183 3180 3181 3183 3181 3184 3184 3181 3182 3184 3182 3147 3153 3147 3176 3126 3125 3177 3126 3177 3185 3185 3177 3127 3147 3124 3184 3184 3124 3183 3164 3353 3186 3144 3186 3146 3146 3186 3138 3353 3199 3186 3186 3136 3138 3186 3131 3132 3186 3132 3134 3186 3134 3136 3144 3112 3186 3112 3110 3186 3186 3110 3164 3194 3190 3195 3195 3190 3191 3192 3196 3189 3194 3195 3187 3188 3195 3191 3188 3191 3189 3348 3194 3187 3188 3187 3195 3196 3192 3193 3193 3192 3198 3198 3192 3197 3353 3198 3197 3199 3353 3197 3194 3220 3200 3194 3200 3190 3226 3237 3202 3202 3237 3203 3202 3203 3204 3204 3203 3205 3204 3205 3206 3206 3205 3207 3206 3207 3208 3208 3207 3209 3208 3209 3210 3210 3209 3211 3210 3211 3212 3212 3211 3213 3212 3213 3214 3214 3213 3215 3214 3215 3216 3216 3215 3217 3216 3217 3218 3218 3217 3219 3218 3219 3220 3219 3221 3223 3223 3221 3222 3223 3222 3224 3223 3224 3230 3230 3224 3225 3230 3225 3232 3228 3227 3229 3228 3229 3205 3205 3229 3207 3223 3230 3231 3223 3231 3219 3231 3200 3219 3219 3200 3220 3230 2919 3231 3231 2919 3200 3194 3348 3220 3238 3234 3232 3233 3232 3225 3235 3232 3233 3235 3233 3236 3236 3233 3225 3236 3225 3224 3226 3234 3237 3237 3238 3227 3227 3238 3229 3229 3238 3239 3229 3239 3207 3207 3239 3209 3244 3238 3232 3244 3232 3240 3240 3232 3235 3240 3235 3241 3241 3235 3236 3241 3236 3242 3242 3236 3224 3242 3224 3222 3237 3234 3238 3238 3244 3239 3239 3244 3243 3239 3243 3209 3209 3243 3211 3203 3237 3227 3203 3227 3228 3245 3244 3240 3245 3240 3246 3246 3240 3241 3246 3241 3247 3247 3241 3242 3247 3242 3248 3248 3242 3222 3248 3222 3221 3205 3203 3228 3244 3249 3243 3243 3249 3250 3243 3250 3211 3211 3250 3213 3251 3244 3245 3251 3245 3252 3252 3245 3246 3252 3246 3253 3253 3246 3247 3253 3247 3254 3254 3247 3248 3254 3248 3221 3252 3255 3251 3251 3255 3249 3251 3249 3244 3249 3255 3250 3250 3255 3256 3250 3256 3213 3213 3256 3215 3255 3252 3257 3257 3252 3253 3257 3253 3258 3258 3253 3254 3258 3254 3221 3255 3257 3256 3256 3257 3259 3256 3259 3215 3215 3259 3217 3259 3257 3258 3259 3258 3221 3219 3217 3221 3221 3217 3259 3226 3201 3263 3285 3290 3269 3290 3274 3269 3263 3234 3226 3261 3268 3260 3267 3271 3272 3267 3272 3275 3269 3274 3270 3269 3270 3268 3268 3270 3264 3264 3260 3268 3260 3264 3271 3261 3260 3271 3267 3261 3271 3262 3267 3275 3266 3262 3275 3266 3275 3276 3265 3266 3276 3265 3276 3273 3265 3273 3263 3201 3265 3263 3277 3278 3284 3278 3279 3289 3289 3279 3288 3286 3289 3288 3283 3284 3278 3289 3283 3278 3282 3289 3286 3281 3282 3286 3281 3286 3287 3280 3281 3287 3280 3287 3290 3285 3280 3290 3331 3291 3292 3292 3291 3293 3292 3293 3294 3294 3293 3295 3294 3295 3296 3296 3295 3297 3296 3297 3298 3298 3297 3299 3298 3299 3300 3300 3299 3301 3300 3301 3302 3302 3301 3303 3302 3303 3311 3278 3277 3319 3293 3306 3295 3295 3306 3307 3295 3307 3297 3297 3307 3308 3297 3308 3299 3299 3308 3309 3299 3309 3301 3301 3309 3310 3301 3310 3303 3303 3310 3317 3303 3317 3311 3306 3312 3307 3307 3312 3313 3307 3313 3308 3308 3313 3316 3308 3316 3309 3309 3316 3310 3310 3316 3317 3311 3317 3314 3314 3317 3305 3312 3315 3313 3313 3315 3316 3316 3315 3318 3319 3279 3278 3305 3304 3314 3302 3311 3320 3302 3320 3300 3300 3320 3321 3300 3321 3298 3298 3321 3322 3298 3322 3296 3296 3322 3323 3296 3323 3294 3294 3323 3292 3314 3328 3311 3320 3311 3324 3320 3324 3321 3321 3324 3325 3321 3325 3322 3322 3325 3326 3322 3326 3323 3323 3326 3327 3323 3327 3292 3292 3327 3331 3304 3328 3314 3325 3324 3329 3325 3329 3326 3326 3329 3330 3326 3330 3327 3327 3330 3331 3304 3305 3332 3304 3332 3277 3277 3332 3319 3293 3291 3306 3306 3291 3312 3312 3291 3315 3315 3291 3333 3333 3318 3315 3334 3018 3019 3059 3335 3334 3335 3018 3334 3337 3334 3019 3334 3337 3336 3336 3337 3333 3291 3336 3333 3081 3083 3339 3338 3074 3076 3343 3341 3340 3339 3083 3341 3343 3340 3342 3342 3340 3338 3339 3341 3343 3344 3342 3338 3076 3344 3338 3071 3344 3076 3394 3073 3636 3637 3636 3078 3073 3078 3636 3637 3078 3077 3637 3077 3345 3077 3074 3639 3633 3639 3074 3639 3345 3077 4928 3285 3269 4928 3269 3268 4928 3268 4934 4934 3268 3261 4934 3261 4952 4952 3261 4953 4953 3261 3267 4953 3267 3262 4953 3262 3346 3346 3262 3347 3347 3262 3266 3347 3266 3265 3347 3265 4961 4961 3265 3201 4961 3201 3364 3364 3201 3226 3364 3226 3365 3365 3226 3202 3365 3202 3204 3365 3204 3378 3378 3204 3206 3378 3206 3208 3378 3208 3210 3378 3210 3212 3378 3212 3367 3367 3212 3214 3367 3214 3216 3367 3216 3218 3367 3218 3370 3370 3218 3220 3370 3220 3348 3369 3187 3188 3360 3361 3349 3360 3349 3377 3360 3377 3359 3359 3377 4962 4965 4962 3376 3352 3351 3361 3188 3189 3352 3351 3196 3193 3355 3356 3379 3373 4967 4939 4962 4964 3359 3360 3359 3366 3361 3360 3363 3361 3369 3352 3352 3369 3188 4964 3362 3359 3359 3362 3366 3361 3363 3369 3365 3378 3366 3360 3366 3363 3370 3348 3187 3164 3371 3353 3353 3371 3198 3371 3164 3354 3371 3368 3198 3368 3371 3372 3368 3193 3198 3351 3193 3368 3351 3189 3196 3351 3352 3189 3367 3369 3363 3187 3369 3370 3370 3369 3367 3367 3363 3366 3354 3350 3355 3371 3354 3355 3371 3355 3379 3372 3371 3373 3373 3371 3379 3368 3372 3373 3374 3368 3373 3374 3373 4939 3351 3368 3374 3375 3351 3374 3375 3374 3376 3376 3374 4939 3376 4939 4965 3361 3351 3375 3361 3375 3349 3349 3375 3376 3349 3376 3377 3377 3376 4962 3378 3367 3366 3373 3379 4967 3379 3358 4967 3366 3362 3365 3365 3362 3364 3379 3356 3358 3358 3356 3357 3354 3164 3350 3350 3164 3163 3350 3163 3162 3350 3162 3355 3355 3162 3161 3355 3161 3160 3355 3160 3153 3355 3153 3125 3355 3125 3356 3356 3125 3357 3357 3125 3126 3357 3126 3185 3357 3185 4966 3185 3099 4966 4966 3099 3380 3380 3099 3094 3380 3094 4957 4957 3094 3107 4957 3107 4941 4941 3107 3108 4941 3108 4959 4959 3108 3095 4959 3095 3096 4959 3096 3381 3381 3096 3106 3381 3106 3382 3382 3106 3085 3382 3085 4968 4968 3085 4990 4990 3085 3079 4990 3079 4991 4991 3079 3084 4991 3084 3383 3383 3084 3092 3383 3092 4999 4999 3092 3093 4999 3093 3384 3384 3093 3080 3384 3080 4975 4975 3080 3081 3385 3392 3386 5129 3393 3385 3393 3392 3385 3635 3390 3636 3391 3394 3390 3390 3394 3636 3393 3395 3397 3392 3397 3396 3392 3396 3386 3386 3396 3387 3397 3395 235 3397 235 3401 3397 3392 3393 3401 235 3400 3396 3397 3401 3398 3401 3400 3402 3399 3391 3396 3401 3387 3387 3401 3388 3635 3391 3390 3388 3401 3398 3389 3400 3399 3389 3399 3402 3402 3391 3635 3389 3398 3400 3388 3398 3389 5129 3405 3393 3393 3405 3413 3393 3413 3395 3404 3410 3407 3404 3409 3410 3405 5129 3408 3406 3408 3407 3404 3407 3403 3407 3410 3406 3410 3411 3406 3408 3406 3411 3408 3411 3412 3408 3412 3413 3405 3408 3413 3432 3425 3421 3423 3425 3422 3415 3426 3428 3416 3428 3424 3421 3425 3423 3414 3423 3427 3414 3421 3423 3420 3414 3427 3420 3427 3426 3415 3420 3426 3416 3415 3428 3416 3424 3418 3419 3416 3418 3419 3418 3417 3434 3458 3433 3425 4136 3422 3433 3435 3437 3441 3437 3759 3441 3759 3436 3440 3438 4136 3440 4136 3425 3434 3433 3439 3439 3433 3437 3439 3437 3429 3429 3437 3441 3430 3441 3436 3430 3436 3438 3431 3438 3440 3431 3430 3438 3432 3440 3425 3442 3493 3443 3442 3443 3444 3444 3443 3445 3444 3445 3446 3446 3445 3447 3446 3447 3448 3448 3447 3449 3448 3449 3450 3450 3449 3451 3450 3451 3452 3452 3451 3453 3452 3453 3454 3454 3453 3455 3454 3455 3456 3456 3455 3457 3456 3457 3520 3459 3460 3856 3856 3460 3461 3461 3460 3462 3461 3462 3463 3463 3462 3464 3463 3464 3465 3465 3464 3466 3465 3466 3467 3467 3466 3468 3467 3468 3469 3469 3468 3470 3469 3470 3471 3471 3470 3472 3471 3472 3451 3451 3472 3453 3445 3473 3447 3447 3473 3474 3447 3474 3449 3449 3474 3471 3449 3471 3451 3473 3475 3474 3474 3475 3469 3474 3469 3471 3475 3467 3469 3510 3433 3458 3520 3517 3476 3520 3476 3456 3456 3476 3477 3456 3477 3454 3454 3477 3478 3454 3478 3452 3452 3478 3479 3452 3479 3450 3450 3479 3480 3450 3480 3448 3448 3480 3481 3448 3481 3446 3446 3481 3444 3517 3482 3476 3476 3482 3483 3476 3483 3477 3477 3483 3484 3477 3484 3478 3478 3484 3485 3478 3485 3479 3479 3485 3486 3479 3486 3480 3480 3486 3487 3480 3487 3481 3481 3487 3488 3481 3488 3444 3444 3488 3442 3482 3517 3489 3482 3489 3483 3483 3489 3490 3483 3490 3484 3484 3490 3491 3484 3491 3485 3485 3491 3492 3485 3492 3486 3486 3492 3487 3487 3492 3493 3487 3493 3488 3488 3493 3442 3462 3460 3494 3494 3460 3459 3464 3462 3495 3495 3462 3494 3495 3494 3496 3496 3494 3459 3496 3459 3497 3466 3464 3498 3498 3464 3495 3498 3495 3499 3499 3495 3496 3499 3496 3500 3500 3496 3497 3500 3497 3501 3468 3466 3502 3502 3466 3498 3502 3498 3503 3503 3498 3499 3503 3499 3504 3504 3499 3500 3504 3500 3505 3505 3500 3501 3505 3501 3506 3506 3501 3507 3507 3501 3508 3468 3502 3470 3470 3502 3511 3470 3511 3472 3472 3511 3512 3472 3512 3453 3453 3512 3455 3511 3502 3503 3511 3503 3513 3513 3503 3504 3513 3504 3514 3514 3504 3505 3514 3505 3515 3515 3505 3506 3515 3506 3516 3516 3506 3507 3507 3508 3517 3517 3508 3509 3508 3510 3458 3511 3513 3512 3512 3513 3518 3512 3518 3455 3455 3518 3457 3518 3513 3514 3518 3514 3519 3519 3514 3515 3519 3515 3520 3520 3515 3516 3520 3516 3517 3517 3516 3507 3509 3508 3458 3520 3457 3519 3519 3457 3518 3493 3658 3521 3473 3521 3475 3475 3521 3467 3521 3465 3467 3521 3856 3461 3521 3461 3463 3521 3463 3465 3473 3445 3521 3445 3443 3521 3521 3443 3493 3532 3527 3528 3532 3528 3525 3521 3658 3529 3533 3525 3528 3533 3528 3526 3533 3526 3531 3531 3526 3534 3522 3532 3525 3532 3522 3524 3530 3531 3534 3530 3534 3535 3523 3535 3534 3657 3523 3658 3535 3523 3657 3523 3529 3658 3524 3562 3563 3532 3563 3527 3563 3532 3524 3593 3537 3538 3538 3537 3539 3538 3539 3540 3540 3539 3541 3540 3541 3542 3542 3541 3543 3542 3543 3544 3544 3543 3545 3544 3545 3546 3546 3545 3547 3546 3547 3548 3548 3547 3549 3548 3549 3550 3550 3549 3551 3550 3551 3552 3552 3551 3553 3552 3553 3554 3554 3553 3555 3554 3555 3556 3556 3555 3557 3556 3557 3558 3558 3557 3559 3559 3560 3677 3677 3560 3561 3594 3564 3565 3566 3567 3549 3549 3567 3551 3539 3537 3568 3539 3568 3541 3541 3568 3569 3541 3569 3543 3543 3569 3570 3543 3570 3545 3545 3570 3571 3545 3571 3547 3547 3571 3566 3547 3566 3549 3568 3537 3569 3569 3537 3571 3569 3571 3570 3537 3594 3565 3572 3129 3563 3572 3128 3129 3129 3536 3563 3576 3574 3577 3577 3574 3573 3577 3573 3578 3578 3573 3579 3579 3573 3575 3565 3564 3580 3580 3564 3574 3580 3574 3576 3580 3576 3581 3581 3576 3577 3581 3577 3582 3582 3577 3578 3582 3578 3583 3583 3578 3579 3537 3565 3571 3571 3565 3585 3565 3580 3585 3567 3566 3584 3567 3584 3551 3551 3584 3553 3585 3580 3581 3585 3581 3586 3586 3581 3582 3586 3582 3583 3586 3583 3587 3587 3583 3579 3587 3579 3575 3571 3585 3566 3584 3588 3553 3553 3588 3555 3566 3585 3586 3566 3586 3587 3584 3587 3575 3584 3575 3590 3590 3575 3572 3590 3572 3589 3589 3572 3563 3566 3587 3584 3588 3584 3590 3588 3590 3555 3555 3590 3557 3562 3589 3563 3590 3591 3557 3557 3591 3559 3590 3589 3591 3559 3591 3560 3561 3560 3589 3589 3560 3591 3561 3589 3562 3537 3593 3594 3592 3597 3607 3604 3601 3602 3607 3606 3603 3605 3608 3594 3605 3594 3593 3598 3601 3604 3597 3604 3602 3607 3597 3602 3607 3602 3606 3592 3607 3603 3592 3603 3599 3596 3592 3599 3596 3599 3600 3596 3600 3608 3595 3596 3608 3595 3608 3605 3601 3622 3610 3601 3598 3622 3611 3622 3619 3611 3619 3620 3616 3618 3617 3615 3621 3616 3616 3621 3618 3615 3620 3621 3614 3613 3616 3611 3610 3622 3616 3617 3614 3615 3616 3613 3615 3613 3623 3620 3615 3623 3620 3623 3612 3611 3620 3612 3634 3633 3629 3609 3614 3617 3609 3626 3614 3625 3627 3626 3629 3633 3630 3628 3630 3631 3629 3630 3628 3609 3625 3626 3624 3628 3631 3624 3631 3627 3625 3624 3627 3635 3636 3632 3638 3637 3345 3638 3345 3639 3632 3636 3637 3632 3637 3638 3634 3638 3639 3634 3639 3633 3404 3403 3645 3418 3643 3417 3417 3643 3641 3645 3409 3404 3641 3643 3644 3644 3640 3641 3640 3644 3645 3642 3640 3645 3403 3642 3645 3413 3709 260 3710 3709 3413 3710 3413 3412 3710 3412 3411 3710 3411 3647 3411 3410 3707 3707 3410 3409 3646 3707 3409 3707 3647 3411 5087 3622 3598 5087 3598 3604 5087 3604 5064 5064 3604 3597 5064 3597 3648 3648 3597 3649 3649 3597 3592 3649 3592 3596 3649 3596 5066 5066 3596 5068 5068 3596 3595 5068 3595 3605 5068 3605 3650 3650 3605 3593 3650 3593 3670 3670 3593 3538 3670 3538 3540 3670 3540 3671 3671 3540 3542 3671 3542 3544 3671 3544 3546 3671 3546 3682 3682 3546 3548 3682 3548 3550 3682 3550 3552 3682 3552 3554 3682 3554 3673 3673 3554 3556 3673 3556 3558 3673 3558 3559 3673 3559 3677 3677 3561 3562 3677 3562 3524 3677 3524 3522 3676 3522 3525 3676 3525 3533 3666 3667 3652 3666 3652 3681 3666 3681 3665 3665 3681 5083 5053 5083 3680 3533 3656 3651 3651 3656 3667 3533 3531 3656 3655 3531 3530 3678 3530 3535 3675 3535 3657 3660 3663 3683 3662 5055 5053 5086 5055 3662 3666 3665 3672 3667 3666 3669 3667 3676 3651 3651 3676 3533 5083 5081 3665 5081 3668 3665 3665 3668 3672 3667 3669 3676 3666 3672 3669 3671 3682 3672 3659 3674 3493 3493 3674 3658 3658 3674 3657 3674 3675 3657 3654 3674 3659 3675 3674 3654 3675 3678 3535 3678 3655 3530 3655 3656 3531 3673 3676 3669 3522 3676 3677 3677 3676 3673 3673 3669 3672 3659 3653 3660 3654 3659 3660 3654 3660 3683 3661 3675 3654 3661 3654 3683 3678 3675 3661 3678 3661 3662 3679 3655 3678 3679 3678 3680 3680 3678 3662 3656 3655 3679 3680 3662 5053 3667 3656 3679 3667 3679 3652 3652 3679 3680 3652 3680 3681 3681 3680 5083 3682 3673 3672 3661 3683 5086 3661 5086 3662 3683 5085 5086 3672 3668 3671 3671 3668 3670 3683 3663 5085 5085 3663 3664 3659 3493 3653 3653 3493 3492 3653 3492 3491 3653 3491 3660 3660 3491 3490 3660 3490 3489 3660 3489 3517 3660 3517 3509 3660 3509 3663 3663 3509 3664 3664 3509 3458 3664 3458 5084 3458 3434 5084 5084 3434 3684 3684 3434 3439 3684 3439 5065 5065 3439 3429 5065 3429 3685 3685 3429 3441 3685 3441 3430 3685 3430 5058 5058 3430 3431 5058 3431 3686 3686 3431 3440 3686 3440 3687 3687 3440 3432 3687 3432 3421 3687 3421 3688 3688 3421 5114 5114 3421 3414 5114 3414 5116 5116 3414 3420 5116 3420 3415 5116 3415 3689 3689 3415 3416 3689 3416 5095 5095 3416 3419 5095 3419 3690 70 429 428 70 428 44 428 445 44 44 445 43 43 445 448 43 448 46 46 448 447 46 447 42 429 70 124 429 124 433 124 103 433 433 123 425 425 123 117 103 123 433 117 95 430 430 95 71 71 419 430 42 447 444 42 444 443 42 443 446 42 446 47 47 446 49 49 446 442 49 442 439 49 439 30 30 439 459 30 459 32 32 459 449 32 449 450 450 35 32 35 450 34 34 450 451 34 451 33 33 451 29 29 451 452 29 452 475 29 475 231 231 475 490 231 490 481 231 481 506 231 506 229 229 506 505 229 505 482 229 482 230 230 482 507 23 0 4178 23 4178 21 21 4178 16 16 4178 4179 16 4179 228 228 4179 4191 228 4191 4196 228 4196 227 227 4196 4202 227 4202 28 324 395 694 324 694 709 330 709 323 323 709 704 323 704 711 323 711 322 322 711 703 689 395 404 689 404 695 695 394 383 404 394 695 395 689 694 322 703 710 322 710 706 322 706 329 329 706 705 705 326 329 326 705 714 326 714 316 714 723 316 316 723 313 313 723 722 313 722 315 722 3691 315 722 721 3691 721 317 3691 317 721 715 317 715 314 314 715 311 311 715 726 311 726 516 516 726 727 516 727 732 516 732 517 517 732 731 517 731 518 518 731 728 518 728 515 330 324 709 303 288 302 302 288 304 304 288 5489 304 5489 5465 304 5465 514 514 5465 5468 514 5468 519 519 5468 5476 519 5476 513 513 5476 5484 513 5484 554 590 936 589 589 936 932 592 953 955 592 955 593 593 955 954 593 954 594 594 954 949 594 949 951 936 590 662 935 669 931 931 669 649 662 669 935 935 936 662 932 953 592 594 951 597 597 951 943 597 943 595 595 943 950 595 950 952 595 952 583 583 952 965 583 965 584 584 965 964 584 964 585 964 3692 585 964 587 3692 587 964 957 587 957 588 588 957 586 586 957 967 586 967 739 739 967 744 744 967 968 744 968 974 744 974 743 743 974 973 743 973 969 743 969 738 592 589 932 569 555 5579 569 5579 568 568 5579 570 570 5579 5580 570 5580 737 737 5580 741 741 5580 742 742 5580 5594 742 5594 5601 742 5601 740 740 5601 3693 856 1161 817 817 1161 1178 818 1178 816 816 1178 1175 816 1175 1174 816 1174 815 815 1174 1173 1161 856 903 1162 880 875 1162 875 842 903 880 1162 842 876 843 1162 1161 903 815 1173 1176 815 1176 821 821 1176 1172 819 821 1166 1172 1166 821 819 1166 1181 819 1181 803 1181 1179 803 803 1179 810 810 1179 1190 810 1190 808 1190 3694 808 1190 1182 3694 1182 809 3694 809 1182 807 807 1182 1183 807 1183 802 802 1183 983 983 1183 1193 983 1193 982 982 1193 1194 982 1194 1198 982 1198 1197 982 1197 981 981 1197 1201 1201 792 981 818 817 1178 794 776 790 790 776 5731 790 5731 986 986 5731 5703 986 5703 985 985 5703 5718 985 5718 984 984 5718 980 980 5718 5722 980 5722 979 979 5722 5729 979 5729 5695 1130 1427 1059 1062 1059 1431 1062 1431 1063 1063 1431 1434 1063 1434 1064 1427 1130 1400 1400 1130 1088 1400 1088 1403 1403 1126 1133 1403 1133 1394 1088 1126 1403 1394 1133 1132 1427 1431 1059 1064 1434 1433 1064 1433 1058 1058 1433 1432 1058 1432 1435 1058 1435 1065 1065 1435 1440 1065 1440 1069 1440 1445 1051 1440 1051 1069 1051 1445 1049 1049 1445 1444 1444 1050 1049 1055 1050 1444 1055 1444 1446 1055 1446 1048 1048 1446 1439 1048 1439 1213 1213 1439 1459 1213 1459 1210 1491 1210 1459 1210 1491 1209 1209 1491 1497 1209 1497 1479 1209 1479 1214 1214 1479 1507 1038 1020 5825 1038 5825 1037 1037 5825 1208 1208 5825 1212 1212 5825 5826 1212 5826 1207 1207 5826 5837 1207 5837 1206 1206 5837 5846 1206 5846 5847 1206 5847 1211 1211 5847 1045 1045 5847 1044 1353 1718 1285 1285 1718 1715 1290 1732 1284 1284 1732 1730 1284 1730 1729 1284 1729 1283 1283 1729 1728 1283 1728 1734 1718 1353 1352 1717 1352 1714 1714 1352 1346 1714 1346 1341 1311 1319 1702 1717 1718 1352 1715 1732 1290 1283 1734 1282 1282 1734 1723 1282 1723 1731 1282 1731 1286 1286 1731 1738 1286 1738 1277 1738 1748 1277 1277 1748 1274 1274 1748 1747 1274 1747 1276 1747 3695 1276 1747 1746 3695 1746 1278 3695 1278 1746 1739 1278 1739 1275 1275 1739 1279 1279 1739 1751 1279 1751 1515 1515 1751 1752 1515 1752 1757 1515 1757 1518 1518 1757 1756 1518 1756 1753 1518 1753 1514 1290 1285 1715 1261 5936 1263 1263 5936 1264 1264 5936 5970 1264 5970 5947 1264 5947 1516 1516 5947 5949 1516 5949 1513 1513 5949 5951 1513 5951 1517 1517 5951 5963 1517 5963 1554 1517 1554 1272 1638 1943 1594 1594 1943 1984 1599 1984 1593 1593 1984 1981 1593 1981 1980 1593 1980 1592 1592 1980 1979 1592 1979 1985 1943 1638 1687 1942 1664 1662 1942 1662 1966 1966 1662 1658 1687 1664 1942 1620 3696 3697 1620 1622 3696 3697 1935 1620 1942 1943 1687 1592 1985 1591 1591 1985 1970 1591 1970 1982 1591 1982 1595 1595 1982 1971 1595 1971 1586 1971 1996 1586 1586 1996 1583 1583 1996 1995 1583 1995 1585 1995 3698 1585 1995 1990 3698 1990 1587 3698 1587 1990 1988 1587 1988 1584 1584 1988 1589 1589 1988 1989 1589 1989 1998 1589 1998 1767 1767 1998 1999 1999 1766 1767 1766 1999 2003 1766 2003 1768 1768 2003 2000 1768 2000 2005 2005 1569 1768 1599 1594 1984 1572 1555 4294 1572 4294 1571 1571 4294 1573 1573 4294 4297 1573 4297 1765 1765 4297 4304 1765 4304 1764 1764 4304 4307 1764 4307 1769 1769 4307 4318 1769 4318 1803 1769 1803 1580 1908 2179 2202 1908 2202 1847 1845 1847 2202 1845 2202 2205 1845 2205 1846 1846 2205 2201 2179 1908 1922 2179 1922 2180 2180 1868 1911 2180 1911 2185 1922 1868 2180 2185 1911 1907 1907 1885 2182 1846 2201 1844 1844 2201 2200 1844 2200 2199 1844 2199 2195 1844 2195 1843 1843 2195 1852 1852 2195 2203 2208 1848 2203 2203 1848 1852 2208 1834 1848 1834 2208 2207 1834 2207 1835 1835 2207 1839 2207 2214 1839 2214 1837 1839 1837 2214 1840 2214 1836 1840 1836 2214 2206 1836 2206 1831 1831 2206 2253 1831 2253 2015 2015 2253 2234 2235 2015 2234 2015 2235 2017 2017 2235 2250 2017 2250 2252 2017 2252 2013 2013 2252 2278 2278 1820 2013 1821 1804 1823 1823 1804 1819 1819 1804 3699 1819 3699 4419 1819 4419 2012 2012 4419 4426 2012 4426 4434 2012 4434 2014 2014 4434 4443 2014 4443 2016 2016 4443 4445 2140 2455 2450 2140 2450 2082 2082 2468 2465 2082 2465 2083 2083 2465 2464 2083 2464 2463 2083 2463 2081 2455 2140 2141 2455 2141 2454 2454 2141 2151 2454 2151 2456 2456 2151 2449 2449 2137 2136 2449 2136 2144 2151 2137 2449 2449 2144 2139 2139 2120 2445 2450 2468 2082 2081 2463 2471 2081 2471 2078 2078 2471 2467 2078 2467 2084 2084 2467 2466 2477 2084 2466 2084 2477 2088 2088 2477 2485 2088 2485 2068 2068 2485 2478 2068 2478 2073 2478 2475 2073 2475 2076 2073 2475 2484 2076 2076 2484 2077 2077 2484 2473 2077 2473 2075 2075 2473 2074 2074 2473 2474 2074 2474 2488 2074 2488 2291 2291 2488 2489 2291 2489 2496 2291 2496 2288 2288 2496 2495 2288 2495 2490 2288 2490 2289 2289 2490 2500 2500 2058 2289 2061 2045 2287 2287 2045 3700 2287 3700 2286 2286 3700 4538 2286 4538 4545 2286 4545 2285 2285 4545 4551 2285 4551 2290 2290 4551 4562 2290 4562 2284 2284 4562 4531 2357 2715 2711 2359 2731 2735 2359 2735 2360 2360 2735 2734 2360 2734 2361 2361 2734 2728 2715 2357 2426 2714 2425 2710 2710 2425 2416 2426 2425 2714 2714 2715 2426 2711 2731 2359 2361 2728 2364 2364 2728 2732 2364 2732 2730 2364 2730 2362 2362 2730 2729 2362 2729 2737 2362 2737 2347 2347 2737 2738 2347 2738 2354 2354 2738 2351 2351 2738 2749 2749 2353 2351 2749 2350 2353 2350 2749 2739 2350 2739 2352 2352 2739 2356 2356 2739 2740 2356 2740 2752 2356 2752 2508 2508 2752 2753 2753 2507 2508 2507 2753 2757 2507 2757 2509 2509 2757 2756 2509 2756 2759 2759 2333 2509 2359 2357 2711 2336 2322 2335 2335 2322 2337 2337 2322 4686 2337 4686 4688 2337 4688 2506 2506 4688 4663 2506 4663 2505 2505 4663 4666 2505 4666 2510 2510 4666 4676 2510 4676 2555 2510 2555 2348 2600 2674 2954 2600 2954 2980 2603 2980 2599 2599 2980 2975 2599 2975 2982 2599 2982 2598 2598 2982 2974 2953 2674 2683 2953 2683 2956 2956 2673 2658 2683 2673 2956 2957 2630 2958 2674 2953 2954 2598 2974 2597 2597 2974 2981 2597 2981 2977 2597 2977 2606 2606 2977 2976 2976 2602 2606 2602 2976 2985 2602 2985 2592 2985 2995 2592 2592 2995 2589 2589 2995 2994 2589 2994 2591 2994 3701 2591 2994 2986 3701 2986 2593 3701 2593 2986 2590 2590 2986 2987 2590 2987 2595 2595 2987 3003 2595 3003 2767 2767 3003 2998 2998 2766 2767 2766 2998 3002 2766 3002 2768 2768 3002 3001 2768 3001 3005 3005 2572 2768 2603 2600 2980 2576 2556 4768 2576 4768 2575 2575 4768 2577 2577 4768 4771 2577 4771 2765 2765 4771 4779 2765 4779 2764 2764 4779 4782 2764 4782 2769 2769 4782 4793 2769 4793 2811 2769 2811 2585 2920 3234 2853 2853 3234 3263 3263 3273 2857 2857 3273 3276 2857 3276 2856 2856 3276 3275 2856 3275 2852 2852 3275 3272 3234 2920 2938 3234 2938 2931 3232 2931 3230 3230 2931 2930 3230 2930 2919 2916 3200 2919 3232 3234 2931 2852 3272 3271 2852 3271 2858 2858 3271 2851 2851 3271 3264 2851 3264 3270 3270 2855 2851 2855 3270 3274 2855 3274 2838 2838 3274 3290 2838 3290 2846 2846 3290 3287 2846 3287 2847 2847 3287 3286 2847 3286 2843 2843 3286 3288 2843 3288 3702 3702 3288 3279 3702 3279 2848 2848 3279 3015 3015 3279 3319 3015 3319 3014 3014 3319 3332 3305 3014 3332 3014 3305 3016 3016 3305 3317 3016 3317 3316 3016 3316 3318 3016 3318 3017 3017 3318 3333 2857 2853 3263 2830 2812 4894 2830 4894 2828 2828 4894 3011 3011 4894 4895 3011 4895 3013 3013 4895 3010 3010 4895 4909 3010 4909 3012 3012 4909 4921 3012 4921 3703 3012 3703 2839 3098 3127 3564 3098 3564 3594 3594 3608 3098 3098 3608 3600 3098 3600 3104 3104 3600 3101 3101 3600 3599 3101 3599 3102 3102 3599 3603 3564 3127 3574 3574 3127 3177 3574 3177 3573 3573 3177 3575 3575 3176 3572 3572 3176 3175 3572 3175 3128 3177 3176 3575 3129 3704 3705 3129 3131 3704 3705 3536 3129 3102 3603 3606 3102 3606 3097 3097 3606 3602 3097 3602 3103 3103 3602 3601 3601 3100 3103 3100 3601 3610 3100 3610 3082 3082 3610 3611 3082 3611 3086 3086 3611 3612 3086 3612 3090 3612 3091 3090 3612 3623 3091 3091 3623 3088 3623 3089 3088 3089 3623 3613 3089 3613 3087 3087 3613 3614 3087 3614 3083 3083 3614 3626 3083 3626 3341 3341 3626 3627 3341 3627 3340 3340 3627 3631 3340 3631 3630 3340 3630 3338 3338 3630 3633 3633 3074 3338 3072 5015 3071 3071 5015 3706 3071 3706 5024 3071 5024 3344 3344 5024 5026 3344 5026 3342 3342 5026 3343 3343 5026 5034 3343 5034 3339 3339 5034 5042 3339 5042 4975 3339 4975 3081 3708 3710 3647 3709 3708 4059 3709 3710 3708 3708 3647 3707 3716 3708 3707 3716 3707 3646 3408 5129 3407 3407 5129 3403 3403 5129 5159 3403 5159 5165 3403 5165 3642 3642 5165 5140 3642 5140 3640 3640 5140 5149 3640 5149 3641 3641 5149 3417 3417 5149 5155 3417 5155 3690 3417 3690 3419 3716 3646 3711 3716 3711 3718 3711 3715 3718 3712 3721 3717 3712 3717 3714 3714 3717 3713 3715 3713 3719 3717 3720 3713 3713 3720 3719 3719 3718 3715 3721 3712 3722 3722 3712 4137 3731 3723 3730 3727 3722 4137 3727 4137 3725 3727 3725 3726 3726 3725 3731 3728 3726 3731 3730 3728 3731 3729 3730 3723 3732 3829 3733 3732 3733 3734 3734 3733 3735 3734 3735 3736 3736 3735 3737 3736 3737 3738 3738 3737 3739 3738 3739 3740 3740 3739 3741 3740 3741 3742 3742 3741 3743 3742 3743 3744 3744 3743 3745 3744 3745 3746 3746 3745 3747 3746 3747 3748 3748 3747 3749 3748 3749 3751 3751 3749 3750 3751 3750 3752 3751 3752 3753 3753 3752 3754 3753 3754 3755 3756 3757 3437 3437 3757 3758 3437 3758 3759 3759 3758 3760 3759 3760 3761 3724 3783 3723 3729 3723 3783 3748 3751 3763 3763 3751 3764 3763 3764 3765 3765 3764 3766 3765 3766 3767 3764 3768 3766 3765 3767 3769 3769 3767 3770 3769 3770 3771 3771 3770 3772 3771 3772 3773 3774 3773 3775 3774 3775 3776 3776 3775 3777 3776 3777 3778 3778 3777 3779 3784 3761 3760 3784 3760 3785 3785 3760 3758 3785 3758 3786 3786 3758 3757 3786 3757 3787 3787 3757 3788 3788 3757 3756 3788 3756 3755 3789 3761 3784 3789 3784 3790 3790 3784 3785 3790 3785 3791 3791 3785 3786 3791 3786 3792 3792 3786 3787 3792 3787 3793 3793 3787 3788 3793 3788 3794 3794 3788 3755 3795 3761 3789 3795 3789 3796 3796 3789 3790 3796 3790 3797 3797 3790 3791 3797 3791 3798 3798 3791 3792 3798 3792 3799 3799 3792 3793 3799 3793 3800 3800 3793 3794 3800 3794 3801 3801 3794 3755 3801 3755 3754 3802 3761 3795 3802 3795 3803 3803 3795 3796 3803 3796 3804 3804 3796 3797 3804 3797 3805 3805 3797 3798 3805 3798 3806 3806 3798 3799 3806 3799 3807 3807 3799 3800 3807 3800 3808 3808 3800 3801 3808 3801 3809 3809 3801 3754 3810 3829 3732 3810 3732 3811 3811 3732 3734 3811 3734 3812 3812 3734 3736 3812 3736 3813 3813 3736 3738 3813 3738 3814 3814 3738 3740 3814 3740 3815 3815 3740 3742 3815 3742 3816 3816 3742 3744 3816 3744 3817 3817 3744 3746 3817 3746 3763 3763 3746 3748 3783 3724 3818 3829 3828 3761 3829 3761 3819 3819 3761 3802 3819 3802 3820 3820 3802 3803 3820 3803 3821 3821 3803 3804 3821 3804 3822 3822 3804 3805 3822 3805 3823 3823 3805 3806 3823 3806 3824 3824 3806 3807 3824 3807 3825 3825 3807 3808 3825 3808 3826 3826 3808 3809 3826 3809 3752 3752 3809 3754 3783 3818 3782 3830 3829 3819 3830 3819 3831 3831 3819 3820 3831 3820 3832 3832 3820 3821 3832 3821 3833 3833 3821 3822 3833 3822 3834 3834 3822 3823 3834 3823 3835 3835 3823 3824 3835 3824 3836 3836 3824 3825 3836 3825 3837 3837 3825 3826 3837 3826 3750 3750 3826 3752 3782 3818 3827 3781 3782 3827 3781 3827 3828 3780 3781 3828 3829 3780 3828 3733 3829 3830 3810 3780 3829 3735 3733 3830 3735 3830 3831 3779 3810 3811 3737 3735 3831 3737 3831 3832 3778 3779 3811 3778 3811 3812 3739 3737 3832 3739 3832 3833 3776 3778 3812 3776 3812 3813 3741 3739 3833 3741 3833 3834 3774 3776 3813 3774 3813 3814 3743 3741 3834 3743 3834 3835 3773 3774 3814 3773 3814 3815 3745 3743 3835 3745 3835 3836 3771 3773 3815 3771 3815 3816 3755 3762 3753 3747 3745 3836 3747 3836 3837 3769 3771 3816 3769 3816 3817 3749 3747 3837 3749 3837 3750 3765 3769 3817 3765 3817 3763 3768 3764 3751 3751 3858 3768 3838 3853 3839 3838 3839 3840 3840 3839 3841 3840 3841 3842 3842 3841 3843 3842 3843 3844 3844 3843 3845 3844 3845 3846 3846 3845 3847 3846 3847 3848 3848 3847 3849 3848 3849 3851 3851 3849 3850 3851 3850 3852 3851 3852 5237 5237 3852 3868 3753 3762 3858 3853 3859 3839 3751 3753 3858 3869 5236 3868 3854 3855 3868 3868 3856 3869 3854 3459 3855 3868 3855 3856 3858 3762 3861 3859 3860 3839 3839 3860 3841 3858 3861 3853 3861 3857 3862 3862 3857 3854 3853 3861 3859 3860 3859 3863 3860 3863 3841 3841 3863 3843 3859 3862 3863 3863 3862 3864 3863 3864 3843 3843 3864 3845 3859 3861 3862 3864 3862 3865 3864 3865 3845 3845 3865 3847 3865 3862 3866 3865 3866 3847 3847 3866 3849 3866 3862 3854 3866 3854 3867 3867 3854 3868 3850 3849 3867 3867 3849 3866 3850 3867 3868 3852 3850 3868 3856 3870 3869 3876 3879 3872 3870 3871 3880 3880 3871 3872 5236 3869 3870 3881 3880 3872 5236 3870 3880 3881 3872 3879 3879 3876 3873 3873 3877 3874 3873 3876 3877 3874 3877 3878 3875 3878 3877 3878 3875 5220 3882 5220 3884 3882 3884 3883 5220 3875 3884 3954 3882 3886 3886 3882 3887 3887 3882 3888 3887 3888 3889 3889 3888 3890 3889 3890 3891 3891 3890 3892 3891 3892 3893 3893 3892 3894 3893 3894 3895 3895 3894 3896 3895 3896 3897 3897 3896 3898 3897 3898 3899 3899 3898 3900 3899 3900 3901 3901 3900 3902 3901 3902 3959 3888 3882 3908 3888 3908 3890 3890 3908 3909 3890 3909 3892 3892 3909 3910 3892 3910 3894 3894 3910 3911 3894 3911 3896 3896 3911 3912 3896 3912 3898 3898 3912 3913 3898 3913 3900 3900 3913 3914 3900 3914 3902 3902 3914 3915 3902 3915 3959 3908 3882 3916 3908 3916 3909 3909 3916 3917 3909 3917 3910 3910 3917 3918 3910 3918 3911 3911 3918 3919 3911 3919 3912 3912 3919 3920 3912 3920 3913 3913 3920 3921 3913 3921 3914 3914 3921 3922 3914 3922 3915 3915 3922 3923 3915 3923 3959 3882 3883 3916 3916 3883 3924 3916 3924 3917 3917 3924 3925 3917 3925 3918 3918 3925 3926 3918 3926 3919 3919 3926 3927 3919 3927 3920 3920 3927 3928 3920 3928 3921 3921 3928 3929 3921 3929 3922 3922 3929 3930 3922 3930 3923 3923 3930 3931 3923 3931 3959 3924 3883 3932 3932 3883 3884 3932 3884 3933 3933 3884 3885 3901 3959 3935 3901 3935 3899 3899 3935 3936 3899 3936 3897 3897 3936 3937 3897 3937 3895 3895 3937 3938 3895 3938 3893 3893 3938 3939 3893 3939 3891 3891 3939 3940 3891 3940 3889 3889 3940 3941 3889 3941 3887 3887 3941 3886 3935 3959 3942 3935 3942 3936 3936 3942 3943 3936 3943 3937 3937 3943 3944 3937 3944 3938 3938 3944 3945 3938 3945 3939 3939 3945 3946 3939 3946 3940 3940 3946 3947 3940 3947 3941 3941 3947 3948 3941 3948 3886 3886 3948 3954 3934 3949 3959 3959 3949 3942 3942 3949 3943 3949 3950 3943 3943 3950 3944 3944 3950 3945 3945 3950 3951 3945 3951 3946 3946 3951 3952 3946 3952 3947 3947 3952 3953 3947 3953 3948 3948 3953 3954 3955 3907 3906 3956 3907 3955 3956 3955 3957 3957 3955 3958 3958 3955 3906 3925 3924 3932 3932 3933 3960 3960 3933 3961 3961 3933 3907 3961 3907 3962 3962 3907 3956 3962 3956 3963 3963 3956 3957 3963 3957 3964 3964 3957 3958 3964 3958 3906 3926 3925 3960 3960 3925 3932 3926 3960 3961 3927 3926 3961 3927 3961 3962 3928 3927 3962 3928 3962 3963 3929 3928 3963 3929 3963 3964 3930 3929 3964 3930 3964 3906 3931 3930 3906 3959 3931 3906 3934 3959 3965 3934 3965 3903 3903 3965 3905 3903 3905 3904 3966 3903 3904 3970 3973 3972 3968 3975 3969 3970 3904 3905 3970 3905 3973 3971 3972 3974 3972 3973 3974 3976 3977 3975 3977 3976 3978 3904 3970 3966 3969 3975 3977 3970 3972 3966 3966 3972 3967 3967 3972 3971 3971 3975 3968 3968 3967 3971 3976 3979 4001 4001 3978 3976 3984 3983 3985 3984 3985 3986 3986 3985 3987 3986 3987 3988 3988 3987 3989 3988 3989 3990 3990 3989 3991 3990 3991 3992 3992 3991 3993 3992 3993 3994 3994 3993 3995 3994 3995 3996 3996 3995 3997 3996 3997 3998 3998 3997 3999 3999 3997 4030 3979 4000 4001 4029 4037 3999 3996 3998 4002 4002 3998 4003 4002 4003 4004 4003 4005 4004 4004 4005 4006 4004 4006 4007 4007 4006 4008 4007 4008 3992 3992 4008 3990 4005 4009 4006 4006 4009 4010 4010 4009 4011 4010 4011 4012 4012 4011 4013 4013 4011 4014 4013 4014 4015 4015 4014 4022 3981 4017 4001 4001 4017 3980 4020 4000 4018 4031 4020 4018 4031 4018 4019 4021 3983 4019 4022 3982 3983 4022 3983 4023 4023 3983 3984 4023 3984 4024 4024 3984 3986 4024 3986 4025 4025 3986 3988 4025 3988 4026 4026 3988 3990 4026 3990 4008 4001 4020 3981 4001 4000 4020 4027 3983 4021 4027 4021 4028 4030 4029 3999 4032 3983 4027 4032 4027 4033 4033 4027 4034 4034 4027 4028 4034 4028 4035 4035 4028 4036 4036 4028 4029 4036 4029 4030 4016 3981 4020 4016 4020 4031 3982 4031 4019 3983 3982 4019 3985 3983 4032 3987 3985 4032 3987 4032 4033 4015 4022 4023 4015 4023 4024 3989 3987 4033 3989 4033 4034 4013 4015 4024 4013 4024 4025 3991 3989 4034 3991 4034 4035 4012 4013 4025 4012 4025 4026 3993 3991 4035 3993 4035 4036 4010 4012 4026 4010 4026 4008 3995 3993 4036 4007 3992 3994 4006 4010 4008 3997 3995 4036 3997 4036 4030 3996 4002 3994 3994 4002 4007 4002 4004 4007 4038 4003 3998 4038 3998 3999 4048 4042 4047 4038 3999 4044 4038 4044 4043 3999 4037 4044 4043 4044 4039 4045 4041 4042 4042 4041 4047 4039 4044 4040 4042 4039 4040 4042 4040 4045 4061 4049 233 4047 4041 4051 4046 4048 4047 4046 4050 4048 4058 4050 4049 4047 4051 4046 4046 4051 4052 4046 4052 4050 4049 4050 4052 4049 4052 232 4049 232 233 233 4060 4061 4049 4061 4058 4058 4061 4053 4053 4060 4054 259 260 4056 4056 260 4059 4059 260 3709 4054 4062 4064 4062 4060 4063 4060 4053 4061 4054 4060 4062 4065 4063 4057 4066 4057 259 4062 4063 4064 4066 259 4172 4172 259 4056 4064 4063 4065 4055 4056 4059 4065 4057 4174 4174 4057 4066 4172 4056 4055 170 3884 3875 170 3875 131 170 3885 3884 131 3875 4067 4067 3875 3877 4067 3877 4072 1368 4106 4075 1368 4075 1372 1372 4075 1695 3877 3876 4119 3877 4119 4072 2692 4079 2694 2694 4079 4080 4119 3876 3872 3523 3872 3871 3871 3870 3523 3529 3870 3521 3521 3870 3856 3870 3529 3523 4081 3523 3534 3534 3526 4077 3199 3528 3527 3186 3527 3563 3186 3563 3131 3131 3563 3536 3131 3536 3704 3704 3536 3705 3186 3199 3527 3528 3199 3197 3197 3192 4082 4122 4083 4078 4082 3192 3189 3189 3191 4083 4083 4084 4078 4078 4084 4079 3191 3190 4085 4085 3190 2940 2940 3190 3200 2940 3200 2916 4084 2947 2945 4084 2945 2696 2696 2945 2687 2687 2945 2958 2958 2630 2687 4087 2692 4086 2692 2693 4086 4086 2693 2438 2438 2693 2385 4086 2440 4087 2440 4090 4087 2439 2445 2160 2445 2120 2160 2439 2160 4090 4090 2160 4091 4091 2299 2159 4098 2159 2158 2158 2157 4098 1933 2157 2182 1933 2182 1885 2157 1933 1932 4101 1928 1931 4103 4074 4073 1927 1926 1696 1926 1692 1696 1926 1944 1692 1692 1944 1622 1622 1944 1935 1622 1935 3697 3697 3696 1622 4104 1700 1694 4106 1694 4075 1372 1702 1319 1372 1695 1702 1373 1370 4134 4134 4109 4110 917 4111 912 4134 1370 4109 1370 1371 4109 1151 4109 1145 1145 4109 1371 1145 1371 1369 1145 1369 1226 1226 1369 1142 1142 1369 1399 4109 1151 4110 1151 1148 4110 4110 1148 1146 4110 1146 4111 4111 1146 1147 4111 1147 912 908 1147 843 908 912 1147 4111 917 913 4111 913 910 4113 911 677 4113 910 911 911 687 685 687 911 909 909 674 687 674 909 934 911 685 677 677 676 4112 4111 4133 4110 411 680 416 416 680 681 416 681 690 416 690 408 411 410 4116 4116 410 412 132 412 413 413 126 132 126 413 419 126 419 71 132 135 4117 4117 135 130 4067 130 131 4117 130 4067 412 132 4116 4116 132 4117 4116 4117 4108 4114 411 4116 676 680 411 4123 4114 4108 4123 4108 4115 4072 4117 4067 676 411 4114 4114 4116 4108 4123 4115 4118 677 4112 4113 4081 4119 3872 4081 3872 3523 4120 4119 4081 4120 4081 4121 4121 4081 4077 4121 4077 4122 4125 4122 4078 4125 4078 4126 4126 4078 4079 4126 4079 4087 4087 4079 2692 4108 4117 4068 4068 4117 4072 676 4114 4112 4112 4114 4123 4113 4112 4127 4113 4127 4133 4113 4133 4111 4072 4119 4120 4072 4120 4068 4127 4123 4118 4127 4118 4124 4069 4108 4068 4113 4111 910 4077 4081 3534 4069 4068 4120 4115 4108 4069 4112 4123 4127 4128 4120 4121 4069 4120 4128 4097 4128 4089 4097 4089 4088 4132 4131 4087 4132 4087 4090 4070 4115 4069 4133 4107 4110 3526 3528 4077 4069 4128 4070 4070 4128 4097 4118 4115 4070 4129 4127 4124 4082 3528 3197 4077 3528 4082 4124 4118 4071 4071 4118 4070 4127 4129 4133 4110 4107 4134 4089 4128 4121 4089 4121 4122 4071 4070 4097 4122 4077 4082 4122 4082 4083 4100 4071 4097 4100 4097 4096 4129 4124 4073 4073 4124 4071 4096 4097 4088 4073 4071 4100 4133 4129 4107 4083 4082 3189 4088 4089 4122 4088 4122 4125 4073 4100 4099 4102 4135 4092 4102 4092 4098 4107 4129 4074 4074 4129 4073 4095 4096 4088 4100 4096 4095 4083 3191 2941 4083 2941 4084 2941 3191 4085 4095 4088 4130 4099 4100 4095 4101 4098 1932 4076 4107 4074 4130 4088 4125 4094 4095 4130 4099 4095 4094 4099 4103 4073 4076 4074 4103 4134 4107 4076 2947 4084 2941 4130 4125 4126 4103 4099 4135 1373 4134 4106 4106 4134 4076 4094 4130 4131 4135 4099 4094 4105 4076 4103 1368 1373 4106 4131 4130 4126 4093 4094 4131 4135 4094 4093 4102 4103 4135 4105 4103 4102 4105 4106 4076 4084 4080 4079 2696 4080 4084 4131 4126 4087 4093 4131 4132 4092 4135 4093 1694 4106 4105 1694 4105 4104 4092 4093 4132 4104 4105 4102 4104 4102 4101 4101 4102 4098 4091 4092 4132 4098 4092 4091 1927 4104 4101 1927 4101 1931 1696 1700 4104 1696 4104 1927 4091 4132 4090 2159 4098 4091 1928 4101 1932 2157 1932 4098 3510 3762 3433 3433 3762 3755 3433 3755 3756 3435 3756 3437 3762 3510 3861 3861 3510 3508 3861 3508 3857 3857 3508 3854 3854 3508 3501 3854 3501 3497 3854 3497 3459 3855 3459 3856 3759 3761 3828 3759 3828 3436 3436 3828 3827 3436 3827 3818 3436 3818 3438 3438 3818 4136 3724 4136 3818 4136 3724 3422 3422 3724 3723 3422 3723 3423 3423 3723 3731 3423 3731 3427 3731 3426 3427 3426 3731 3428 3428 3731 3725 3725 3424 3428 3424 3725 4137 3424 4137 3418 3418 4137 3712 3418 3712 3643 3643 3712 3714 3713 3644 3714 3714 3644 3643 3644 3713 3645 3645 3713 3715 3645 3715 3711 3645 3711 3409 3409 3711 3646 3435 3433 3756 3903 3966 5205 5205 3966 5196 5196 3966 3967 5196 3967 5197 5197 3967 5173 5173 3967 3968 5173 3968 4138 4138 3968 3969 4138 3969 5202 5202 3969 3977 5202 3977 3978 5202 3978 5180 5180 3978 4001 5180 4001 4139 4139 4001 3980 4139 3980 4140 4140 3980 4017 4140 4017 5208 5208 4017 3981 5208 3981 5280 5280 3981 4016 5280 4016 4031 5280 4031 4141 4141 4031 3982 4141 3982 5278 5278 3982 4022 5278 4022 5263 5263 4022 4014 5263 4014 4011 5263 4011 4009 5263 4009 5281 5281 4009 4005 5281 4005 4003 5281 4003 4038 5281 4038 4164 4164 4038 4043 4164 4043 4158 4158 4043 4039 4158 4039 4142 4142 4039 4042 4142 4042 4149 4149 4042 4170 4170 4042 4048 4170 4048 4050 4170 4050 4058 4170 4058 4171 4171 4058 4053 4054 4176 4053 4176 4054 4064 4064 4065 4177 4064 4177 4176 4175 4066 4146 5282 5283 4167 4167 5283 4168 4168 5252 4169 4155 4142 4152 4155 4152 4154 4154 4151 4153 4157 4175 4159 4156 4150 4144 4059 4147 4055 4147 4148 4055 4148 4172 4055 4174 4066 4175 4065 4174 4177 4177 4174 4175 4148 4173 4172 4173 4146 4172 4172 4146 4066 4143 4177 4175 4176 4171 4053 4146 4173 4150 4176 4177 4151 4176 4151 4145 4145 4152 4149 4171 4176 4145 4171 4149 4170 4150 4148 4147 4143 4151 4177 4149 4171 4145 4147 4144 4150 4148 4150 4173 4145 4151 4152 4146 4150 4156 4175 4146 4159 4143 4175 4153 4153 4175 4157 4151 4143 4153 4152 4151 4154 4142 4149 4152 4156 4144 4162 4146 4156 5284 4159 4146 4166 4160 4153 4157 4154 4153 4163 4163 4153 4160 4155 4154 4161 4161 4154 4163 4142 4155 4158 4158 4155 4161 4165 4156 4162 5284 4156 4165 4166 4146 5284 4157 4159 4167 4167 4159 4166 4160 4157 4167 4163 4160 4168 4161 4163 4169 4160 4167 4168 4158 4161 4164 4164 4161 4169 4165 4162 5287 5284 4165 5285 4169 4163 4168 5282 4166 5284 4167 4166 5282 4059 3708 4147 3708 3716 4147 4147 3716 3718 4147 3718 4144 4144 3718 3719 4144 3719 4162 4162 3719 3720 4162 3720 3717 4162 3717 5287 5287 3717 3721 5287 3721 5286 4210 1 11 11 2 4211 11 4211 4210 14 4184 4209 15 4 4212 5369 5371 4203 4203 5371 4205 4213 4178 0 4213 0 1 4191 4179 4188 4190 4187 4189 4189 4186 4194 4200 4185 4193 4193 4185 4180 4183 4212 4 4212 4208 15 4208 14 15 3 14 4209 4186 3 4209 2 3 4186 4211 2 4186 4208 4184 14 4210 4213 1 4184 4208 4185 4210 4211 4187 4210 4187 4181 4187 4211 4186 4213 4210 4181 4213 4181 4182 4185 4212 4183 4178 4213 4182 4183 4180 4185 4212 4185 4208 4178 4182 4179 4184 4185 4200 4209 4184 4194 4186 4209 4194 4187 4186 4189 4181 4187 4190 4188 4181 4190 4182 4181 4188 4179 4182 4188 4193 4180 4192 4201 4184 4200 4194 4184 4201 4189 4194 4195 4190 4189 4195 4197 4190 4195 4188 4190 4196 4196 4190 4197 4191 4188 4196 4199 4193 4192 4200 4193 4199 4203 4194 4201 4195 4194 4203 4197 4195 4205 4195 4203 4205 4196 4197 4204 5373 4192 4198 4199 4192 5373 4200 4199 5370 5370 4199 5373 4201 4200 5370 4206 4197 4205 4204 4197 4206 4196 4204 4202 5373 4198 5343 5372 4201 5370 4203 4201 5369 5369 4201 5372 4214 4251 4215 4215 4251 4221 4215 4221 4216 4216 4221 4217 4221 4248 4217 4217 4248 4259 4251 1771 4221 1771 4222 4221 4221 4222 4248 4222 4238 4248 4222 1771 4223 4223 1771 4254 4223 4254 4239 4239 4254 4253 4239 4253 4252 1799 4252 1798 4255 1802 4225 4255 4225 4224 4224 4227 4241 1802 4226 4225 4225 4226 4228 4225 4228 4224 4224 4228 4227 4226 4256 4228 4228 4256 4229 4256 4220 4229 4218 4219 4249 4236 1799 4230 1799 4236 4252 4252 4236 4239 4231 4214 4215 4231 4215 4216 4232 4216 4217 4250 4214 4231 4234 4231 4216 4234 4216 4233 4233 4216 4232 4235 4232 4217 4237 4242 4244 4244 4242 4238 4240 4236 4230 4240 4230 1800 4236 4237 4239 4239 4237 4223 4238 4243 4248 4217 4259 4218 4237 4244 4223 4223 4244 4222 4240 1800 4245 4245 1800 4241 4245 4241 4227 4236 4240 4237 4237 4240 4242 4238 4242 4246 4238 4246 4243 4222 4244 4238 4218 4259 4219 4242 4240 4245 4242 4245 4227 4241 1800 1801 4241 1801 4224 1801 4247 4224 4246 4242 4227 4235 4233 4232 4246 4227 4228 4243 4246 4229 4248 4243 4220 4248 4220 4259 4224 4247 4255 4246 4228 4229 4243 4229 4220 4217 4218 4249 4217 4249 4235 4235 4249 4258 4250 1783 4214 4252 1781 1798 4220 4257 4259 4249 4219 4258 4277 4226 1802 4260 1803 4290 4260 4290 4276 4290 4292 4276 4292 4323 4273 4323 4263 4273 4273 4263 4261 4261 4263 4293 4261 4293 4284 4284 4293 4321 4284 4321 4262 4262 4321 4319 4267 4258 4270 4267 4270 4269 4266 4269 4283 4270 4258 4219 4270 4219 4271 4271 4219 4257 4257 4219 4259 4257 4220 4274 4220 4256 4274 4272 4274 4273 4274 4256 4275 4274 4275 4273 4273 4275 4276 4273 4276 4292 4256 4226 4275 4226 4277 4275 4275 4277 4278 4275 4278 4279 4275 4279 4276 4284 4262 4268 4285 4268 4264 4285 4264 4282 4282 4264 4265 4282 4265 4283 4283 4265 4266 4270 4283 4269 4285 4284 4268 4286 4283 4270 4286 4270 4271 4288 4284 4285 4288 4285 4287 4287 4285 4282 4287 4282 4286 4286 4282 4283 4257 4286 4271 4288 4261 4284 4289 4286 4257 4287 4286 4289 4260 4276 4279 4281 4279 4280 4280 4279 4278 4280 4278 1802 1802 4278 4277 4281 4260 4279 4273 4261 4288 4272 4273 4288 4272 4288 4287 4272 4287 4289 4274 4272 4289 4274 4289 4257 4290 4291 4292 4322 4293 4263 4263 4323 4322 4326 1556 1565 1565 1557 4327 1565 4327 4326 1566 4299 4325 1567 1760 4328 4319 4321 4311 4320 4293 4322 4317 4323 4292 4317 4292 4324 4292 4291 4324 1803 4318 4314 4329 4294 1555 4329 1555 1556 4307 4304 4303 4306 4302 4305 4305 4301 4310 4315 4300 4309 4309 4300 4295 4298 4328 1760 1567 4299 1566 1558 1566 4325 4301 1558 4325 1557 1558 4301 4327 1557 4301 4326 4329 1556 1567 4328 4299 4299 4328 4300 4326 4327 4302 4326 4302 4296 4302 4327 4301 4329 4326 4296 4329 4296 4297 4300 4328 4298 4294 4329 4297 4298 4295 4300 4299 4300 4315 4325 4299 4310 4301 4325 4310 4302 4301 4305 4296 4302 4306 4303 4296 4306 4297 4296 4303 4304 4297 4303 4309 4295 4308 4299 4315 4320 4316 4299 4320 4310 4299 4316 4305 4310 4312 4306 4305 4312 4313 4306 4312 4303 4306 4313 4307 4303 4313 4309 4308 4311 4315 4309 4311 4317 4310 4316 4312 4310 4317 4313 4312 4314 4314 4312 4324 4307 4313 4318 4312 4317 4324 4318 4313 4314 4315 4311 4321 4293 4315 4321 4320 4315 4293 4316 4320 4322 4314 4324 4291 4317 4316 4323 4323 4316 4322 4290 4314 4291 4290 1803 4314 1736 1741 4319 4319 1741 4262 4262 1741 1740 4262 1740 4268 4268 1740 4264 4264 1740 1744 4264 1744 4265 4265 1744 1743 4265 1743 4266 4266 1743 1742 4266 1742 4269 4269 1742 1745 4269 1745 4267 1724 4267 1745 1759 1754 4298 4298 1754 4295 4295 1754 1755 4295 1755 4308 4308 1755 1749 4308 1749 4311 4311 1749 1750 4311 1750 1736 4311 1736 4319 1759 4298 1762 1762 4298 1760 1762 1760 1758 4352 4333 4335 4330 4367 4334 4335 4361 4352 4367 4336 4334 4334 4336 4335 4334 4335 4333 4367 2020 4336 4335 4336 4361 4336 2020 4337 2020 4368 4338 4338 4368 4353 4353 4368 4371 4353 4371 4370 4354 4370 4369 4364 4390 4340 4340 4390 4372 4372 4373 4340 4340 4373 4342 4340 4342 4339 4339 4342 4341 4373 4374 4342 4341 4342 4363 4374 4343 4342 4342 4343 4332 4342 4332 4363 4343 4331 4332 4354 4350 4370 4370 4350 4353 2019 4330 4334 2019 4334 4347 4347 4334 4333 4347 4333 4346 4346 4333 4349 4349 4333 4352 4366 4330 2019 4348 4347 4346 4349 4352 4344 4348 4346 4349 4351 4356 4358 4355 4354 4345 4350 4351 4353 4353 4351 4338 4337 4357 4336 4352 4361 4376 4350 4354 4355 4351 4358 4338 4338 4358 4337 4338 4337 2020 4355 4345 4359 4359 4345 2043 4359 2043 4339 4350 4355 4351 4351 4355 4356 4356 4360 4337 4337 4360 4357 4336 4357 4361 4341 4359 4339 4337 4358 4356 4361 4375 4376 4356 4355 4359 4356 4359 4360 4360 4359 4341 2043 4362 4339 4361 4357 4375 4360 4341 4363 4360 4363 4357 4357 4363 4332 4357 4331 4375 4362 4364 4339 4339 4364 4340 4357 4332 4331 4365 4352 4376 4352 4365 4344 4344 4365 2018 2033 2031 4366 4366 2031 4330 4377 4412 4381 4381 4412 4404 4381 4404 4378 4412 4444 4404 4404 4444 4382 4444 4413 4382 4395 4413 4416 4392 4414 4415 4415 4438 4384 4402 4387 4331 4402 4331 4343 4410 4409 4376 4410 4376 4375 4409 4365 4376 4409 4389 4365 4389 2018 4365 4410 4375 4331 4410 4331 4387 4411 4373 4372 4411 4372 4390 4411 4391 4379 4378 4406 4381 4415 4384 4392 4392 4384 4383 4392 4383 4393 4393 4383 4385 4393 4385 4397 4394 4392 4393 4414 4392 4394 4394 4393 4380 4380 4393 4397 4416 4414 4394 4395 4416 4394 4395 4394 4380 4401 4395 4380 4377 4381 4445 4445 4381 2044 4382 4413 4395 4382 4395 4401 4381 4396 2044 4396 4381 4406 4397 4385 4386 4397 4386 4407 4398 4397 4407 4398 4407 4408 4380 4397 4398 4380 4398 4399 4399 4398 4400 4400 4398 4408 4400 4408 4410 4387 4400 4410 4401 4380 4399 4401 4399 4400 4402 4401 4400 4402 4400 4387 4382 4401 4403 4403 4401 4402 4404 4403 4402 4404 4402 4343 4404 4382 4403 4374 4404 4343 4405 4404 4374 4378 4404 4405 4405 4374 4373 4379 4378 4405 4406 4378 4379 4396 4406 4391 4406 4379 4391 4386 4388 4407 4407 4388 4389 4407 4389 4408 4408 4409 4410 4408 4389 4409 4379 4405 4411 4411 4405 4373 4391 4411 4390 4448 1810 1815 1815 1805 4449 1815 4449 4448 4451 4421 4447 4435 4415 4414 4439 4414 4416 4441 4444 4412 4441 4412 4436 4436 4412 4437 4412 4377 4437 4437 4377 4445 4452 3699 1804 4452 1804 1810 4428 4424 4427 4427 4423 4431 4430 4422 4417 2007 4420 1807 4420 4450 1807 4450 4446 1807 4450 4451 4446 1806 4451 4447 4423 1806 4447 1805 1806 4449 4449 1806 4423 4448 4452 1810 4451 4450 4421 4421 4450 4422 4448 4449 4424 4448 4424 4418 4424 4449 4423 4452 4448 4418 4452 4418 4419 4422 4450 4420 3699 4452 4419 4420 4417 4422 4421 4422 4430 4447 4421 4431 4423 4447 4431 4424 4423 4427 4418 4424 4428 4425 4418 4428 4419 4418 4425 4426 4419 4425 4430 4417 4429 4421 4430 4439 4440 4421 4439 4431 4421 4440 4427 4431 4432 4428 4427 4432 4433 4428 4432 4425 4428 4434 4434 4428 4433 4426 4425 4434 4430 4429 4435 4439 4430 4435 4441 4431 4440 4432 4431 4441 4433 4432 4437 4437 4432 4436 4434 4433 4437 4432 4441 4436 4434 4437 4442 4443 4434 4442 4429 4438 4415 4435 4429 4415 4439 4435 4414 4440 4439 4416 4413 4440 4416 4441 4440 4444 4444 4440 4413 4442 4437 4445 4443 4442 4445 2001 1986 4438 4438 1986 4384 4384 1986 1994 4384 1994 4383 4383 1994 4385 4385 1994 1993 4385 1993 1992 4385 1992 4386 4386 1992 1991 4386 1991 4388 4388 1991 1972 4388 1972 4389 1983 2018 1972 1972 2018 4389 2006 2002 4420 4420 2002 4417 4417 2002 2004 4417 2004 4429 4429 2004 1997 4429 1997 2001 4429 2001 4438 2006 4420 2010 2010 4420 2007 2010 2007 2009 2293 4458 4497 2293 4497 4453 4489 4490 4460 4460 4490 4461 4459 4462 4486 4459 4486 4458 4490 4463 4461 4461 4463 4465 4461 4465 4462 4462 4465 4486 4465 4454 4486 4463 4464 4466 4463 4466 4465 4466 4464 4480 4480 4464 4492 4480 4492 4491 4467 4493 4470 4493 4495 4470 4469 4455 4481 4470 4471 4468 4468 4471 4472 4469 4472 4455 4495 4501 4470 4470 4501 4474 4470 4474 4471 4471 4474 4473 4471 4473 4472 4472 4473 4475 4472 4475 4455 4475 4483 4455 4501 4496 4474 4474 4476 4473 4473 4476 4475 4474 4496 4476 4496 4494 4476 4476 4454 4475 2319 4456 4491 4491 4456 4480 4460 4461 4478 4478 4461 4462 4478 4462 2294 2294 4462 4459 4488 4489 4460 4488 4460 4479 4479 4460 4478 2294 4459 2293 2293 4459 4458 4456 2319 4481 4480 4482 4466 4466 4482 4465 4481 4455 4456 4456 4455 4480 4480 4455 4482 4481 4484 4469 4455 4483 4482 4465 4482 4483 4454 4465 4483 4469 4484 4472 4484 4485 4472 4483 4475 4454 4472 4485 4468 4485 4487 4468 4468 4487 4470 4454 4476 4486 4486 4476 4494 4486 4477 4458 4487 4467 4470 4486 4494 4498 4486 4498 4477 4477 4497 4458 4488 2303 4489 2303 4490 4489 4491 4457 2319 4532 4534 4503 4503 4534 4504 4503 4504 4499 4534 4563 4504 4504 4563 4505 4504 4505 4527 4563 4533 4505 4505 4520 4524 4517 4536 4535 4526 4494 4496 4509 4477 4498 4509 4511 4477 4511 4497 4477 4453 4497 4511 4500 4495 4493 4530 4493 2320 4530 2321 4500 2321 4514 4513 4499 4513 4503 4503 4564 4532 4507 4506 4515 4516 4507 4515 4516 4515 4502 4516 4502 4521 4517 4535 4507 4517 4507 4516 4518 4516 4521 4519 4536 4517 4519 4517 4516 4519 4516 4520 4520 4516 4518 4536 4519 4533 4520 4533 4519 4564 4503 4531 4503 4514 4531 4505 4533 4520 4514 4503 4513 4502 4510 4508 4521 4502 4508 4522 4521 4508 4522 4508 4529 4518 4521 4522 4518 4522 4523 4523 4522 4529 4523 4529 4509 4520 4518 4523 4525 4523 4509 4525 4509 4494 4524 4520 4523 4524 4523 4525 4525 4494 4526 4505 4524 4527 4527 4524 4525 4527 4525 4526 4527 4526 4496 4501 4527 4496 4504 4527 4528 4528 4527 4501 4499 4504 4528 4528 4501 4495 4500 4499 4528 4500 4528 4495 4513 4499 4500 4513 4500 2321 4509 4498 4494 4508 4512 4529 4508 4510 4512 4529 4512 4511 4529 4511 4509 4530 4500 4493 4512 4453 4511 4561 4507 4535 2053 4567 2046 4567 2053 2054 2054 4568 4567 2057 2055 4539 2057 4539 4566 4555 4561 4535 4558 4535 4536 4560 4563 4534 4560 4534 4556 4556 4534 4557 4534 4532 4557 4532 4564 4557 4531 4562 4564 4569 3700 2045 4569 2045 2046 4548 4543 4547 4547 4541 4550 4549 4565 4542 4549 4542 4546 4540 2056 2048 4565 2055 2056 2047 2057 4541 4541 2057 4566 2054 2047 4568 4568 2047 4541 2056 4540 4565 4567 4569 2046 4539 2055 4565 4567 4568 4543 4567 4543 4537 4543 4568 4541 4569 4567 4537 4569 4537 4538 3700 4569 4538 4540 4542 4565 4539 4565 4549 4566 4539 4550 4541 4566 4550 4543 4541 4547 4537 4543 4548 4544 4537 4548 4538 4537 4544 4545 4538 4544 4539 4549 4558 4559 4539 4558 4550 4539 4559 4547 4550 4553 4548 4547 4553 4554 4548 4553 4544 4548 4554 4545 4544 4551 4551 4544 4554 4549 4546 4555 4555 4546 4552 4558 4549 4555 4560 4550 4559 4553 4550 4560 4554 4553 4557 4557 4553 4556 4551 4554 4562 4553 4560 4556 4554 4557 4562 4555 4552 4561 4558 4555 4535 4559 4558 4536 4533 4559 4536 4560 4559 4563 4563 4559 4533 4562 4557 4564 2268 2213 4561 4561 2213 4507 4507 2213 4506 4506 2213 2211 4506 2211 4515 4515 2211 4502 4502 2211 2210 4502 2210 4510 4510 2210 2209 4510 2209 4512 4512 2209 2212 2212 4453 4512 4540 2215 2275 4540 2275 2274 4540 2274 4542 4542 2274 2273 4542 2273 2272 4542 2272 4546 4546 2272 2271 4546 2271 2270 4546 2270 4552 4552 2270 2269 4552 2269 2268 4552 2268 4561 2215 4540 2281 2281 4540 2048 2548 2549 2547 4579 4572 4571 4581 4582 4580 4580 4582 4604 4607 4608 4581 4581 4608 4582 4582 4602 4604 4608 4609 4582 4582 4609 4583 4582 4583 4602 4609 4584 4586 4609 4586 4583 4583 4586 4585 4586 4584 4577 4577 4584 2529 4576 2529 2547 4588 2551 4612 4588 4612 4611 4587 4592 2550 2550 4592 4575 4611 4589 4588 4588 4589 4590 4588 4590 4603 4603 4590 4591 4587 4591 4592 4589 4615 4595 4589 4595 4590 4590 4595 4593 4590 4593 4591 4591 4593 4574 4591 4574 4592 4615 4594 4595 4595 4596 4593 4593 4596 4574 4595 4594 4596 4594 4613 4602 4594 4602 4596 4596 4602 4583 4602 4613 4614 2549 4576 2547 4576 4577 2529 4606 4607 4570 4570 4607 4581 4597 4581 4580 4597 4580 4604 4597 4604 4598 4598 4604 4572 4599 4570 4581 4599 4581 4597 4579 4598 4572 4599 4597 2513 2549 4575 4576 4575 4592 4576 4576 4592 4577 4577 4585 4586 4592 4574 4577 4577 4578 4585 4574 4578 4577 2550 4600 4587 4583 4585 4578 4587 4600 4591 4574 4596 4578 4578 4596 4583 4600 4601 4591 4591 4601 4603 2513 4597 4598 4601 4605 4603 4603 4605 4588 4602 4614 4604 4604 4573 4572 4604 4614 4573 2538 2533 4606 4606 2533 4607 2529 4584 4610 4609 4610 4584 2552 4611 4612 4625 4571 4616 4572 4616 4571 4573 4616 4572 4617 2555 4649 4617 4649 4648 4649 4650 4648 4648 4650 4644 4650 4622 4644 4622 4623 4644 4644 4623 4618 4618 4623 4619 4619 4623 4652 4619 4652 4620 4620 4652 4651 4620 4651 4621 4621 4651 4624 4625 4616 4630 4625 4630 4626 4627 4626 4629 4616 4573 4630 4621 4628 4620 4630 4632 4626 4626 4632 4631 4626 4631 4629 4629 4631 4634 4629 4634 4628 4628 4634 4620 4573 4614 4630 4620 4634 4619 4630 4614 4636 4630 4636 4632 4631 4632 4633 4631 4633 4634 4614 4613 4636 4632 4636 4635 4632 4635 4633 4633 4635 4634 4634 4635 4618 4634 4618 4619 4613 4594 4636 4636 4594 4637 4647 4589 4611 4611 4638 4647 4647 4638 4646 4646 4638 4639 4646 4639 4640 4640 2554 4648 4648 2554 4617 4611 2553 4638 4644 4618 4635 4644 4635 4645 4645 4635 4636 4645 4636 4637 4645 4637 4594 4645 4594 4615 4648 4644 4645 4648 4645 4646 4646 4645 4647 4647 4645 4615 4647 4615 4589 4641 4628 4621 4629 4628 4641 4629 4641 4642 4646 4640 4648 4627 4629 4642 4626 4627 4643 4625 4626 4643 4679 4624 4651 4685 2324 2327 4661 4654 4655 2327 2328 4654 4654 2328 4684 4684 2328 2329 2323 4658 4683 4624 4679 4677 4678 4651 4652 4675 4622 4650 4675 4650 4680 4680 4650 4672 4650 4649 4672 4672 4649 2555 2555 4676 4672 4686 2322 4685 4685 2322 2324 4666 4663 4662 4665 4655 4669 4669 4655 4687 4669 4687 4660 4669 4660 4668 4673 4659 4667 4667 4659 4653 4657 4681 2501 4681 4682 4656 4656 4658 2323 4684 2323 4683 2329 2323 4684 4684 4683 4660 4685 2327 4654 4681 4657 4682 4682 4658 4656 4687 4684 4660 4658 4682 4659 4661 4685 4654 4687 4655 4654 4687 4654 4684 4686 4685 4688 4688 4685 4661 4657 4653 4659 4657 4659 4682 4658 4659 4673 4683 4658 4660 4661 4655 4665 4662 4661 4665 4688 4661 4662 4663 4688 4662 4667 4653 4664 4658 4673 4678 4674 4658 4678 4660 4658 4674 4665 4669 4670 4662 4665 4671 4671 4665 4670 4666 4662 4671 4667 4664 4677 4673 4667 4677 4668 4660 4674 4675 4668 4674 4669 4668 4675 4670 4669 4680 4672 4670 4680 4671 4670 4672 4666 4671 4676 4669 4675 4680 4676 4671 4672 4673 4677 4679 4651 4673 4679 4678 4673 4651 4674 4678 4652 4623 4674 4652 4675 4674 4622 4622 4674 4623 2492 2481 4624 4624 2481 4621 4621 2481 4641 4641 2481 2482 4641 2482 4642 4642 2482 2480 4642 2480 4627 4627 2480 4643 4643 2480 2479 4643 2479 2483 4643 2483 4625 2483 4571 4625 4657 2491 2493 4657 2493 4653 4653 2493 2497 4653 2497 4664 4664 2497 2487 4664 2487 2494 4664 2494 4677 4677 2494 4624 4624 2494 2492 2491 4657 2502 2502 4657 2501 2502 2501 2498 4689 4726 4708 4708 4726 4694 4708 4694 4690 4690 4694 4693 4694 4724 4693 4693 4724 4723 4726 2774 4694 2774 4695 4694 4694 4695 4724 4695 4714 4724 4695 2774 4696 4696 2774 4729 4696 4729 4716 4716 4729 4728 4716 4728 4727 2805 4727 2804 4730 4700 4697 4697 4700 4698 4698 4701 4718 4730 4699 4700 4698 4700 4701 4699 4731 4700 4700 4731 4702 4700 4702 4701 4731 4732 4702 4702 4732 4692 4732 4733 4692 4712 2805 4707 2805 4712 4727 4727 4712 4716 4709 4690 4693 4709 4693 4704 4704 4693 4715 4725 4689 4708 4706 4708 4690 4706 4690 4711 4711 4690 4709 4710 4725 4708 4710 4708 4706 4713 4719 4720 4720 4719 4714 4717 4712 4707 4717 4707 2806 4712 4713 4716 4716 4713 4696 4714 4722 4724 4693 4723 4715 4713 4720 4696 4696 4720 4695 4717 2806 4721 4721 2806 4718 4721 4718 4701 4712 4717 4713 4713 4717 4719 4714 4719 4722 4695 4720 4714 4715 4723 4691 4715 4691 4734 4719 4717 4721 4719 4721 4701 4718 2806 2807 4718 2807 4698 2807 2808 4698 4722 4719 4701 4722 4701 4702 4722 4702 4692 4724 4722 4733 4724 4733 4723 4705 4709 4704 4698 2808 4697 4722 4692 4733 4704 4715 4734 4705 4704 4703 4734 4703 4704 2790 2787 4725 4725 2787 4689 4727 2783 2804 4734 4691 4703 4735 2811 4764 4735 4764 4748 4764 4766 4748 4766 4798 4745 4798 4738 4745 4745 4738 4736 4736 4738 4767 4736 4767 4757 4757 4767 4796 4757 4796 4737 4737 4796 4794 4742 4754 4753 4742 4703 4754 4754 4703 4691 4760 4691 4723 4760 4723 4743 4743 4723 4733 4743 4733 4746 4743 4746 4744 4733 4732 4746 4744 4746 4745 4732 4731 4746 4746 4731 4747 4746 4747 4745 4745 4747 4748 4745 4748 4766 4731 4699 4747 4747 4699 4749 4747 4749 4750 4747 4750 4748 4749 4730 2810 2810 4730 2809 4756 4737 4739 4756 4739 4740 4740 4741 4755 4755 4741 4753 4759 4755 4753 4759 4753 4754 4757 4737 4756 4757 4756 4758 4758 4756 4740 4758 4740 4755 4760 4759 4754 4760 4754 4691 4763 4757 4758 4763 4758 4761 4761 4758 4755 4761 4755 4759 4763 4736 4757 4762 4759 4760 4763 4761 4762 4762 4761 4759 4743 4762 4760 4735 4748 4750 4730 4749 4699 4752 4750 4751 4751 4750 4749 4751 4749 2810 4752 4735 4750 4745 4736 4763 4744 4745 4763 4744 4763 4762 4743 4744 4762 4764 4765 4766 4797 4767 4738 4738 4798 4797 2562 4802 2557 4802 2562 2566 2566 4803 4802 2570 4773 4801 2571 2558 4772 4794 4796 4786 4795 4767 4797 4792 4798 4766 4792 4766 4799 4766 4765 4799 2811 4793 4789 4804 4768 2556 4804 2556 2557 4782 4779 4778 4781 4777 4780 4780 4776 4785 4790 4775 4784 4784 4775 4769 4800 2570 2571 2569 2570 4801 4776 2569 4801 2566 2569 4776 4803 2566 4776 4772 4800 2571 4800 4773 2570 4802 4804 2557 4773 4800 4775 4802 4803 4777 4802 4777 4770 4777 4803 4776 4804 4802 4770 4804 4770 4771 4775 4772 4774 4768 4804 4771 4774 4769 4775 4772 4775 4800 4773 4775 4790 4801 4773 4785 4776 4801 4785 4777 4776 4780 4770 4777 4781 4778 4770 4781 4771 4770 4778 4779 4771 4778 4784 4769 4783 4773 4790 4795 4791 4773 4795 4785 4773 4791 4780 4785 4787 4781 4780 4787 4788 4781 4787 4778 4781 4788 4782 4778 4788 4784 4783 4786 4790 4784 4786 4792 4785 4791 4787 4785 4792 4788 4787 4789 4789 4787 4799 4782 4788 4793 4787 4792 4799 4793 4788 4789 4790 4786 4796 4767 4790 4796 4795 4790 4767 4791 4795 4797 4789 4799 4765 4792 4791 4798 4798 4791 4797 4764 4789 4765 4764 2811 4789 2736 2743 4794 4794 2743 4737 4737 2743 2744 4737 2744 4739 4739 2744 2747 4739 2747 4740 4740 2747 2746 4740 2746 4741 4741 2746 4753 4753 2746 2745 4753 2745 4742 4742 2745 2748 2748 4703 4742 2760 2755 4772 4772 2755 4774 4774 2755 4769 4769 2755 2754 4769 2754 4783 4783 2754 2750 4783 2750 4786 4786 2750 2751 4786 2751 2736 4786 2736 4794 2760 4772 2763 2763 4772 2758 2758 4772 2558 3021 4845 4828 3035 4809 4816 4816 4809 4810 4832 4812 4814 4846 4847 4813 4812 4805 4814 4814 4841 4832 4847 4815 4813 4813 4815 4814 4813 4814 4805 4847 3024 4815 4814 4815 4841 3024 4839 4815 4815 4839 4831 4839 3024 4826 4826 3024 4848 4826 4848 4833 4833 4848 3036 4833 3036 4810 4810 3036 4816 4818 3054 4849 4818 4849 4819 4820 4821 4835 4849 4850 4819 4819 4850 4822 4819 4822 4820 4820 4822 4821 4850 4851 4822 4821 4822 4843 4851 4823 4822 4822 4823 4807 4822 4807 4843 4823 4806 4807 4834 4809 3053 4834 3053 4808 4845 4846 4828 4828 4846 4813 4828 4813 4827 4827 4813 3020 3020 4813 4805 3020 4805 4830 4830 4805 4812 4829 3020 4830 4812 4832 4824 4825 4830 4812 4825 4812 4824 4810 4809 4834 4833 4834 4811 4810 4834 4833 4831 4838 4815 4832 4841 4854 4833 4811 4826 4826 4811 4839 4840 4808 4835 4840 4835 4821 4834 4840 4811 4811 4840 4836 4836 4837 4831 4831 4837 4838 4815 4838 4841 4811 4836 4839 4840 4834 4808 4842 4840 4821 4831 4839 4836 4836 4840 4837 4841 4853 4854 4808 4817 4835 4837 4840 4842 4835 4817 4820 4842 4821 4843 4817 4844 4820 4841 4838 4853 4825 4829 4830 4837 4842 4843 4837 4843 4838 4838 4843 4807 4838 4806 4853 4820 4844 4819 4844 4818 4819 4838 4807 4806 4852 4832 4854 4832 4852 4824 3021 3022 4845 3022 3041 4845 3041 4846 4845 4854 4888 4852 4891 4892 4862 4862 4892 4883 4862 4883 4856 4892 4893 4883 4883 4893 4863 4873 4865 4866 4866 4917 4868 4882 4869 4806 4882 4806 4823 4889 4888 4854 4889 4854 4853 4871 4852 4888 4889 4853 4806 4889 4806 4869 4885 4872 4856 4891 4862 4855 4874 4868 4867 4859 4867 4858 4873 4866 4868 4873 4868 4874 4874 4867 4859 4875 4873 4874 4875 4874 4859 4864 4865 4873 4864 4873 4875 4876 4864 4875 4860 4875 4859 4876 4875 4861 4861 4875 4860 4855 4862 4890 4890 4862 4877 4863 4893 4876 4863 4876 4861 4862 4872 4877 4872 4862 4856 4859 4858 4886 4878 4859 4886 4878 4886 4887 4859 4878 4879 4879 4878 4880 4880 4878 4887 4880 4887 4889 4860 4859 4879 4869 4880 4889 4861 4860 4881 4881 4860 4879 4881 4879 4880 4882 4881 4880 4882 4880 4869 4863 4861 4881 4883 4881 4882 4883 4882 4823 4883 4863 4881 4851 4883 4823 4884 4883 4851 4856 4883 4884 4884 4851 4850 4857 4856 4884 4885 4856 4857 4885 4857 3055 4870 4886 4858 4886 4870 4871 4886 4871 4887 4887 4888 4889 4887 4871 4888 4857 4884 4849 4849 4884 4850 4857 4849 3055 4849 3054 3055 2821 4925 2813 4925 2821 2814 2814 4926 4925 4899 4901 4924 2826 2816 4900 4893 4892 4922 4892 4891 4922 4927 4894 2812 4927 2812 2813 4909 4895 4906 4908 4905 4907 4907 4904 4912 4918 4903 4911 4911 4903 4896 4923 4899 2826 2815 4899 4924 4904 2815 4924 2814 2815 4926 4926 2815 4904 4900 4923 2826 4923 4901 4899 4925 4927 2813 4901 4923 4903 4925 4926 4905 4925 4905 4897 4905 4926 4904 4927 4925 4897 4927 4897 4898 4903 4900 4902 4894 4927 4898 4902 4896 4903 4900 4903 4923 4894 4898 4895 4901 4903 4918 4924 4901 4912 4904 4924 4912 4905 4904 4907 4897 4905 4908 4906 4897 4908 4898 4897 4906 4895 4898 4906 4911 4896 4910 4919 4901 4918 4912 4901 4919 4907 4912 4920 4913 4907 4920 4908 4907 4913 4906 4908 4914 4914 4908 4913 4909 4906 4914 4911 4910 4915 4918 4911 4915 4920 4912 4919 4913 4920 4922 4916 4913 4922 4914 4913 4916 4909 4914 4921 4914 4916 3703 4921 4914 3703 4910 4917 4866 4915 4910 4866 4865 4915 4866 4918 4915 4865 4864 4918 4865 4919 4918 4864 4920 4919 4893 4922 4920 4893 4916 4922 4891 3703 4916 4891 4876 4919 4864 4893 4919 4876 3703 4891 4855 4855 4890 3703 2983 2990 4868 4868 2990 2988 4868 2988 4867 4867 2988 2993 4867 2993 4858 4858 2993 2992 4858 2992 2991 4858 2991 4870 4870 2991 2989 4870 2989 4871 4871 2989 2971 2967 4852 2971 2971 4852 4871 3006 3000 4900 4900 3000 4902 4902 3000 4896 4896 3000 2999 4896 2999 4910 4910 2999 2996 4910 2996 2997 4910 2997 4917 4917 2997 2983 4917 2983 4868 3006 4900 3009 3009 4900 3004 3004 4900 2816 4934 4960 4928 4964 4962 4935 4935 4962 4938 4935 4938 4936 4936 4938 4937 4936 4937 4933 4962 4965 4938 4937 4938 4929 4965 4939 4940 4965 4940 4938 4938 4940 4929 4940 4939 4954 4954 4939 4967 4954 4967 3358 3380 3358 4966 4968 4943 3382 4958 4946 4930 4930 4946 4956 4968 4969 4943 4943 4969 4944 4943 4944 4945 4943 4945 4942 4942 4945 4946 4942 4946 4958 4969 4970 4944 4944 4970 4947 4944 4947 4945 4945 4947 4948 4945 4948 4946 4948 4932 4946 4970 4971 4947 4971 4949 4950 4971 4950 4947 4947 4950 4929 4947 4929 4948 3380 4931 3358 3358 4931 4954 4963 4964 3347 3347 4964 4935 4951 4935 4936 4951 4936 4933 4961 4963 3347 3346 3347 4935 3346 4935 4951 4952 4951 4933 4934 4933 4960 3346 4951 4953 4952 4933 4934 4954 4955 4940 3380 4957 4930 3380 4930 4931 4954 4931 4955 4930 4956 4931 4931 4956 4955 4930 4957 4958 4956 4946 4955 4955 4932 4940 4957 4941 4958 4946 4932 4955 4929 4940 4932 4958 4941 4959 4958 4959 4942 4932 4948 4929 4952 4953 4951 4959 3381 4942 4942 3381 4943 4943 3381 3382 4937 4974 4960 4960 4974 4973 4937 4960 4933 4929 4950 4949 4937 4929 4949 4949 4974 4937 4960 4973 4972 4960 4972 4928 4961 3364 4963 3364 3362 4963 4963 3362 4964 4966 3358 3357 4949 4973 4974 4980 5010 4981 4981 5010 4982 4981 4982 4976 5010 5011 4982 4982 5011 4983 4982 4983 5006 5011 5009 4983 4997 5014 5012 4993 5012 5013 5013 5038 4985 4978 4986 5000 5005 4987 4949 5005 4949 4971 5008 4989 4972 5008 4972 4973 4928 4972 4989 5008 4973 4987 4987 4973 4949 4977 4969 4968 4977 4968 4990 4976 4992 4981 5013 4985 4993 4993 4985 4984 4993 4984 4994 4995 4994 4978 4993 4994 4995 4996 4993 4995 4996 4995 4979 4997 5012 4993 4997 4993 4996 4998 4996 4979 4997 4996 4998 4980 4981 4975 4983 5009 4997 4981 3384 4975 4983 4997 4998 4981 4999 3384 4999 4981 4992 3383 4999 4992 4995 4978 5000 5001 4995 5000 5001 5000 4986 5001 4986 5008 4979 4995 5001 4979 5001 5002 5002 5001 5008 5002 5008 4987 4998 4979 5002 5003 5002 4987 5004 4998 5002 5004 5002 5003 5003 4987 5005 5004 5003 5005 4983 4998 5006 5006 4998 5004 5006 5004 5005 5006 5005 4971 4970 5006 4971 4982 5006 5007 5007 5006 4970 4976 4982 5007 5007 4970 4969 4977 4976 5007 4977 5007 4969 4992 4976 4977 4992 4977 4991 3383 4992 4991 4986 4989 5008 4986 4988 4989 4991 4977 4990 5014 4997 5009 5047 3056 3065 3065 5017 5023 5023 5017 5018 3065 3057 5017 5017 3057 5044 3069 5020 5043 3070 3059 5045 5035 5013 5012 5039 5012 5014 5011 5010 5036 5036 5010 5037 5010 4980 5037 3706 3056 5047 5028 5018 5027 5027 5018 5046 5027 5046 5022 5027 5022 5031 5030 5021 5016 5019 5045 3059 5045 3069 3070 3058 3069 5043 5044 3058 5043 5044 5043 5022 3057 3058 5044 5047 3065 5023 5045 5020 3069 5046 5044 5022 3706 5015 3056 5020 5045 5021 5021 5045 5019 5046 5018 5017 5046 5017 5044 5024 5047 5023 3706 5047 5024 5019 5016 5021 5020 5021 5030 5043 5020 5022 5023 5018 5028 5025 5023 5028 5024 5023 5025 5026 5024 5025 5030 5016 5029 5020 5030 5039 5040 5020 5039 5022 5020 5040 5027 5031 5041 5032 5027 5041 5028 5027 5032 5025 5028 5033 5033 5028 5032 5026 5025 5033 5026 5033 5034 5030 5029 5035 5039 5030 5035 5031 5022 5040 5041 5031 5040 5032 5041 5036 5037 5032 5036 5033 5032 5037 5033 5037 5042 5034 5033 5042 5029 5038 5013 5035 5029 5013 5039 5035 5012 5040 5039 5014 5041 5040 5011 5036 5041 5011 5009 5040 5014 5011 5040 5009 5042 5037 4980 4980 4975 5042 3277 3284 5038 5038 3284 4985 4985 3284 4984 4984 3284 4994 4994 3284 3283 4994 3283 3289 4994 3289 4978 4978 3289 3282 4978 3282 3281 4978 3281 4986 4986 3281 4988 4988 3281 3280 4988 3280 3285 4988 3285 4989 3285 4928 4989 5019 3291 3331 5019 3331 3330 5019 3330 5016 5016 3330 3329 5016 3329 3324 5016 3324 3311 5016 3311 3328 5016 3328 5029 5029 3328 3304 5029 3304 5038 5038 3304 3277 3291 5019 3336 3336 5019 3059 3336 3059 3334 3650 5082 5068 5063 5052 5072 5081 5083 5048 5048 5083 5051 5083 5054 5051 5051 5054 5052 5052 5054 5072 5072 5054 5079 5083 5053 5054 5054 5080 5079 5053 5056 5054 5054 5056 5080 5053 5055 5056 5056 5071 5080 5056 5055 5057 5057 5055 5073 5073 5055 5086 5073 5086 5085 3684 5085 5084 3687 5093 5060 3687 5060 5059 5059 5061 5074 5093 5094 5060 5059 5060 5061 5094 5092 5060 5060 5092 5062 5060 5062 5061 5092 5091 5062 5062 5091 5050 5091 5049 5050 5063 5090 5087 5069 3684 5065 5075 5065 3685 3684 5069 5085 5085 5069 5073 5082 5081 5068 5068 5081 5048 5068 5048 5066 5066 5048 5051 5066 5051 5067 5067 5051 5052 5067 5052 5063 5064 5067 5063 3649 5066 5067 5064 5063 5087 5070 5076 5077 5077 5076 5071 5075 5069 5065 5075 3685 5074 5069 5070 5073 5073 5070 5057 5071 5078 5080 5072 5079 5089 5070 5077 5057 5057 5077 5056 5069 5075 5070 5070 5075 5076 5071 5076 5078 5056 5077 5071 5076 5075 5074 5076 5074 5061 5074 3685 5058 3648 3649 5067 5074 5058 5059 5058 3686 5059 5079 5080 5089 5078 5076 5061 5064 3648 5067 5078 5061 5062 5078 5062 5050 5080 5078 5049 5080 5049 5088 5080 5088 5089 5059 3686 3687 5078 5050 5049 5063 5072 5089 5063 5089 5090 3650 3670 5082 3670 3668 5082 3668 5081 5082 5085 3664 5084 3687 3688 5093 5095 3690 5125 5095 5125 5123 5125 5126 5123 5123 5126 5121 5126 5157 5121 5157 5156 5096 5096 5156 5097 5097 5156 5128 5097 5128 5098 5098 5128 5127 5098 5127 5154 5098 5154 5099 5101 5087 5090 5101 5090 5105 5099 5104 5098 5090 5089 5105 5105 5089 5107 5105 5107 5108 5105 5108 5102 5102 5108 5106 5102 5106 5103 5103 5106 5109 5103 5109 5104 5104 5109 5098 5098 5109 5097 5089 5088 5107 5107 5088 5110 5107 5110 5108 5106 5111 5109 5088 5049 5110 5108 5110 5112 5108 5112 5106 5106 5112 5111 5109 5111 5096 5109 5096 5097 5110 5049 5112 5122 5113 5114 5122 5114 5115 5115 3689 5123 5123 3689 5095 5113 5093 3688 5113 3688 5114 5115 5114 5116 5115 5116 3689 5157 5096 5111 5121 5157 5111 5121 5111 5120 5120 5111 5112 5120 5112 5049 5120 5049 5091 5120 5091 5092 5123 5121 5120 5123 5120 5122 5122 5120 5124 5124 5120 5092 5124 5092 5094 5113 5122 5124 5104 5099 5117 5104 5117 5118 5103 5104 5118 5122 5115 5123 5103 5118 5100 5102 5103 5100 5102 5100 5119 5105 5102 5119 5105 5119 5101 5093 5113 5124 5093 5124 5094 5162 3385 3386 5137 5131 5132 3386 3387 5131 5131 3387 5161 3389 5134 5160 3402 3635 5163 5145 5127 5128 5153 5157 5126 5153 5126 5158 5158 5126 5150 5126 5125 5150 5150 5125 3690 3690 5155 5150 5159 3385 5162 5141 5132 5146 5146 5132 5164 5146 5164 5136 5146 5136 5143 5145 5135 5138 5133 5163 3635 5135 3389 3402 3388 3389 5160 5161 3388 5160 5161 5160 5136 3387 3388 5161 5162 3386 5131 5163 5135 3402 5135 5134 3389 5164 5161 5136 5159 5129 3385 5137 5162 5131 5138 5163 5133 5164 5132 5131 5164 5131 5161 5159 5162 5165 5165 5162 5137 5133 5130 5138 5163 5138 5135 5134 5135 5145 5160 5134 5136 5137 5132 5141 5139 5137 5141 5165 5137 5139 5140 5165 5139 5138 5130 5151 5151 5130 5142 5145 5138 5151 5152 5134 5145 5136 5134 5152 5141 5146 5147 5139 5141 5148 5148 5141 5147 5140 5139 5148 5140 5148 5149 5151 5142 5144 5143 5136 5152 5153 5143 5152 5146 5143 5153 5147 5146 5158 5150 5147 5158 5148 5147 5150 5146 5153 5158 5149 5148 5150 5151 5144 5127 5145 5151 5127 5152 5145 5128 5149 5150 5155 5127 5144 5154 5156 5152 5128 5153 5152 5157 5157 5152 5156 3609 3617 5154 5154 3617 5099 5099 3617 3618 5099 3618 5117 5117 3618 5118 5118 3618 3621 5118 3621 3620 5118 3620 5100 5100 3620 5119 5119 3620 3619 5119 3619 5101 5101 3619 3622 3622 5087 5101 3634 3629 5133 5133 3629 5130 5130 3629 3628 5130 3628 5142 5142 3628 3624 5142 3624 5144 5144 3624 3625 5144 3625 3609 5144 3609 5154 3634 5133 3638 3638 5133 3635 3638 3635 3632 5188 5166 5167 5169 5176 5194 5167 5203 5168 5168 5203 5175 5203 5177 5175 5175 5177 5176 5176 5177 5194 5194 5177 5174 5203 5204 5177 5204 5178 5177 5177 5178 5174 5178 5193 5174 5178 5204 5179 5179 5204 5207 5179 5207 5195 5195 5207 5206 5206 5225 5196 5196 5225 5205 5180 5208 5210 5181 5180 5182 5181 5182 5171 5181 5171 5172 5210 5211 5180 5180 5211 5183 5180 5183 5182 5211 5249 5183 5183 5170 5182 5249 5250 5183 5183 5250 5170 5196 5190 5206 5206 5190 5195 5188 5167 5168 5188 5168 5187 5187 5168 5175 5187 5175 5176 5186 5187 5176 5186 5176 5185 5185 5176 5169 5185 5169 5184 5188 5187 5189 5189 5187 5186 5190 5191 5195 5195 5191 5179 5193 5198 5174 5194 5174 5213 5194 5213 5169 5190 5196 5197 5191 5192 5179 5179 5192 5178 5190 5197 5191 5191 5197 5173 5199 5173 5172 5191 5199 5192 5192 5199 5201 5192 5201 5200 5192 5200 5193 5193 5200 5198 5199 5191 5173 5171 5199 5172 5178 5192 5193 5213 5215 5169 5201 5199 5171 5173 4138 5172 4138 5202 5172 5172 5202 5181 5174 5198 5213 5200 5201 5171 5200 5171 5182 5200 5182 5170 5200 5170 5198 5198 5212 5209 5198 5209 5213 5198 5170 5250 5198 5250 5212 5202 5180 5181 5184 5169 5214 5215 5214 5169 5208 4139 4140 5208 5180 4139 3880 3881 5219 5228 5219 5216 5228 5216 5217 5203 5226 5244 5203 5244 5204 5235 3881 3879 5241 3879 3873 3873 3874 5240 5221 5224 5222 5242 5207 5204 5225 5224 5205 5226 5229 5217 5228 5217 5227 5219 5228 5230 5203 5167 5226 5226 5167 5231 5226 5231 5229 5217 5229 5227 5228 5227 5230 5219 5230 3880 5231 5167 5166 5232 5233 5229 5229 5233 5227 5220 3954 3878 3954 5239 3878 5239 3954 5218 5239 3874 3878 3874 5239 5240 3873 5240 5241 5241 5235 3879 5235 5241 5243 5235 5219 3881 5236 3880 5230 5236 5230 5238 5238 5230 5227 5238 5227 5233 5237 5236 5238 5237 5238 5234 5239 5218 5221 5240 5239 5221 5240 5221 5222 5223 5240 5222 5241 5240 5223 5242 5241 5223 5242 5223 5206 5242 5206 5207 5243 5241 5242 5243 5242 5244 5244 5242 5204 5245 5243 5244 5216 5235 5243 5216 5243 5245 5219 5235 5216 5217 5216 5245 5217 5245 5226 5226 5245 5244 5234 5238 5233 5222 5224 5225 5222 5225 5223 5223 5225 5206 5232 5229 5231 5252 5283 5253 5253 5283 5254 5253 5254 5247 5254 5283 5255 5254 5255 5276 5283 5282 5255 5255 5269 5273 5268 5284 5285 5266 5285 5287 5275 5209 5212 5258 5261 5215 5258 5215 5213 5260 5214 5215 5260 5215 5261 5258 5213 5209 5280 5210 5208 5280 4141 5248 5278 5262 5247 5247 5262 5253 5252 5253 5246 5253 5263 5246 5264 5256 5257 5265 5257 5251 5287 5256 5264 5264 5257 5265 5266 5287 5264 5266 5264 5265 5266 5265 5267 5267 5265 5270 5268 5285 5266 5268 5266 5269 5269 5266 5267 5246 5263 5281 5255 5282 5268 5255 5268 5269 5253 5262 5263 5278 5263 5262 5270 5251 5259 5265 5251 5270 5271 5270 5259 5271 5259 5279 5267 5270 5271 5267 5271 5272 5272 5271 5279 5272 5279 5258 5269 5267 5272 5274 5272 5258 5274 5258 5209 5273 5269 5272 5273 5272 5274 5274 5209 5275 5255 5273 5276 5276 5273 5274 5276 5274 5275 5276 5275 5250 5250 5275 5212 5249 5276 5250 5254 5276 5277 5277 5276 5249 5247 5254 5277 5277 5249 5211 5248 5247 5277 5278 5247 5248 5278 5248 4141 5259 5261 5279 5259 5260 5261 5279 5261 5258 5248 5277 5210 5210 5277 5211 5248 5210 5280 4164 5246 5281 4164 4169 5246 4169 5252 5246 5252 4168 5283 5285 4165 5287 5286 5256 5287 5284 5268 5282 3882 3954 5220 3954 3953 5218 5218 3953 3952 5218 3952 3951 5218 3951 3950 5218 3950 5221 5221 3950 3949 5221 3949 5224 5224 3949 3934 5224 3934 3903 5224 3903 5205 5237 3868 5236 3851 5237 5234 3851 5234 3848 3848 5234 3846 3846 5234 5233 3846 5233 3844 3844 5233 3842 3842 5233 3840 3840 5233 5232 3840 5232 3838 3838 5232 3853 3853 5232 5231 3853 5231 3858 3858 5231 3768 3768 5231 5166 5260 3783 5214 5214 3783 3782 5214 3782 5184 5184 3782 5185 5185 3782 3781 5185 3781 5186 5186 3781 3780 5186 3780 5189 5189 3780 3810 5189 3810 3779 5189 3779 3777 5189 3777 3775 5189 3775 5188 5188 3775 3773 5188 3773 3772 5188 3772 5166 5166 3772 3770 5166 3770 3767 5166 3767 3766 5166 3766 3768 3721 3722 5286 5286 3722 5256 5256 3722 3727 5256 3727 5257 5257 3727 3726 5257 3726 5251 5251 3726 3728 5251 3728 5259 5259 3728 3730 5259 3730 5260 5260 3730 3729 3783 5260 3729 5322 5323 5315 5323 5324 5312 5312 5324 5296 5324 5325 5296 5296 5325 5298 5296 5298 5297 5297 5298 5289 5297 5289 5295 5298 5319 5289 5325 5326 5298 5298 5326 5299 5298 5299 5319 5299 5326 5316 5316 5326 5328 5316 5328 5327 5292 5327 273 5302 5333 5368 5302 5368 5303 5368 5329 5303 5303 5329 5305 5303 5305 5304 5304 5305 5306 5301 5306 5291 5301 5291 5307 5329 5330 5305 5305 5308 5306 5306 5308 5309 5306 5309 5291 5330 5337 5311 5330 5311 5305 5305 5311 5290 5305 5290 5308 5308 5290 5309 5337 5310 5311 5311 5310 5332 5321 5334 5331 5292 5293 5327 5327 5293 5316 5312 5296 5313 5313 5296 5297 5313 5297 5295 5294 5295 5321 5315 5323 5312 5314 5313 5295 5314 5295 5294 5315 5312 5313 262 5313 5314 5292 5300 5293 5300 5307 5293 5316 5317 5299 5299 5317 5319 5293 5307 5316 5316 5307 5317 5300 5318 5307 5307 5318 5301 5307 5291 5317 262 5315 5313 5291 5309 5317 5319 5317 5309 5301 5320 5306 5306 5320 5304 5309 5290 5319 5290 5289 5319 5289 5290 5311 5295 5289 5321 5320 5302 5304 5304 5302 5303 5321 5289 5334 5289 5311 5332 5289 5332 5334 5321 5331 5294 5294 5331 5288 5322 275 5323 275 5324 5323 265 5326 5325 5337 5330 5362 5335 5371 5341 5341 5371 5369 5341 5369 5336 5369 5342 5363 5369 5372 5342 5342 5356 5340 5356 5372 5370 5354 5370 5373 5354 5373 5352 5352 5373 5343 5367 5334 5332 5367 5331 5334 5350 5288 5331 5350 5331 5367 5367 5332 5347 5347 5332 5348 5348 5332 5310 5336 5351 5341 5341 5358 5335 5358 4207 5335 5353 5344 5345 5339 5345 5338 5352 5343 5344 5352 5344 5353 5353 5345 5339 5354 5352 5353 5354 5353 5355 5355 5353 5339 5356 5354 5355 5370 5354 5356 5356 5355 5340 4207 5358 5357 5342 5372 5356 5358 5341 5351 5351 5357 5358 5339 5338 5346 5359 5339 5346 5359 5346 5366 5355 5339 5359 5355 5359 5360 5360 5359 5361 5361 5359 5366 5361 5366 5347 5348 5361 5347 5340 5355 5360 5340 5360 5361 5362 5340 5361 5362 5361 5348 5362 5348 5310 5342 5340 5362 5362 5310 5337 5363 5342 5362 5363 5362 5330 5336 5369 5363 5336 5363 5364 5364 5363 5330 5364 5330 5329 5351 5336 5364 5365 5351 5364 5349 5346 5338 5346 5349 5350 5346 5350 5366 5366 5367 5347 5366 5350 5367 5368 5364 5329 5364 5368 5365 5368 5333 5365 4202 4204 4207 4204 4206 4207 4207 4206 5335 5335 4206 5371 4206 4205 5371 5343 4198 5344 200 207 4198 4198 207 5344 5344 207 5345 5345 207 209 5345 209 5338 5338 209 204 5338 204 208 5338 208 5349 5349 208 206 5349 206 5350 5350 206 210 198 5288 210 210 5288 5350 224 213 4183 4183 213 214 4183 214 4180 4180 214 219 4180 219 4192 4192 219 215 4192 215 216 4192 216 4198 4198 216 200 224 4183 4 224 4 222 5376 5375 5400 5376 5400 5421 5412 548 5413 5410 5411 5391 5391 5411 5379 5407 5374 5400 5378 5379 5374 5411 5380 5379 5379 5380 5405 5379 5405 5374 5405 5380 5381 5380 5382 5381 5382 5380 5408 5382 5408 5397 5397 5408 5414 5397 5414 5413 5383 5415 5385 5383 5385 5384 5384 5386 5399 5415 5416 5385 5384 5385 5386 5416 5417 5385 5385 5417 5387 5385 5387 5386 5417 5418 5387 5387 5418 5406 5418 5419 5406 5395 548 5390 548 5395 5413 5413 5395 5397 5378 5374 5392 5392 5374 5389 5389 5374 5407 5409 5391 5394 5391 5379 5393 5393 5379 5378 5393 5378 5392 5389 5407 5388 5394 5391 5393 5396 5403 5377 5377 5403 5381 5374 5405 5400 5398 5395 5390 5398 5390 549 5395 5396 5397 5381 5404 5405 5396 5377 5397 5397 5377 5382 5382 5377 5381 5398 549 5401 5401 549 5399 5401 5399 5386 5395 5398 5396 5396 5398 5403 5381 5403 5402 5381 5402 5404 5403 5398 5401 5403 5401 5386 5399 549 550 5399 550 5384 550 551 5384 5405 5421 5400 5402 5403 5386 5402 5386 5387 5402 5387 5404 5404 5387 5406 5404 5419 5405 5405 5419 5421 5384 551 5383 5404 5406 5419 5407 5400 5375 5407 5375 5420 5420 5388 5407 535 532 5409 5409 532 5410 532 5411 5410 5410 5391 5409 552 5415 5383 5430 5388 5420 554 5485 5451 5451 5485 5453 5451 5453 5435 5453 5424 5435 5424 5425 5432 5425 5426 5432 5432 5426 5422 5422 5426 5456 5422 5456 5455 5455 5454 5423 5427 5442 5423 5427 5441 5443 5430 5420 5375 5430 5375 5447 5447 5375 5376 5447 5376 5421 5421 5419 5433 5419 5418 5433 5433 5418 5434 5433 5434 5431 5431 5434 5432 5432 5434 5424 5418 5417 5434 5434 5417 5437 5434 5437 5436 5434 5436 5435 5434 5435 5424 5417 5416 5437 5437 5438 5436 5436 5438 5439 5436 5439 5435 5437 5416 5415 553 5415 552 5443 5442 5427 5443 5441 5444 5444 5441 5428 5444 5428 5429 5455 5423 5442 5448 5442 5443 5447 5444 5429 5447 5429 5430 5448 5455 5442 5445 5448 5443 5445 5443 5446 5446 5443 5444 5446 5444 5447 5422 5455 5448 5449 5448 5445 5449 5445 5446 5449 5446 5450 5450 5446 5447 5450 5447 5421 5422 5448 5449 5451 5435 5439 5438 5437 5415 5440 5439 5452 5452 5439 5438 5452 5438 553 553 5438 5415 5440 5451 5439 5432 5422 5449 5431 5432 5449 5431 5449 5450 5433 5431 5450 5433 5450 5421 5457 5454 5455 5456 5457 5455 5493 293 295 295 5491 5464 5464 5491 5459 295 297 5491 5491 297 289 5460 290 5462 5481 5425 5424 5481 5424 5477 5424 5453 5477 5477 5453 5482 5453 5485 5482 554 5484 5485 5485 5484 5483 5489 288 5493 5493 288 293 5476 5468 5467 5469 5459 5474 5474 5459 5492 5474 5492 5463 5474 5463 5471 5473 5487 5466 508 5461 299 5461 5490 299 5490 5486 299 298 290 5460 5488 298 5460 289 298 5488 5488 5460 5463 5491 289 5488 5493 295 5464 5490 5487 5486 5487 5462 5486 5486 5462 290 5491 5488 5492 5492 5488 5463 5466 5490 5461 5492 5459 5491 5465 5493 5464 5489 5493 5465 5461 5458 5466 5490 5466 5487 5462 5487 5473 5460 5462 5463 5464 5459 5469 5467 5464 5469 5465 5464 5467 5468 5465 5467 5466 5458 5479 5479 5458 5470 5473 5466 5479 5480 5462 5473 5463 5462 5480 5469 5474 5475 5478 5469 5475 5467 5469 5478 5476 5467 5478 5479 5470 5472 5473 5479 5457 5471 5463 5480 5481 5471 5480 5474 5471 5481 5475 5474 5477 5482 5475 5477 5478 5475 5482 5476 5478 5484 5474 5481 5477 5478 5482 5483 5484 5478 5483 5479 5472 5457 5456 5473 5457 5480 5473 5456 5457 5472 5454 5426 5480 5456 5481 5480 5425 5425 5480 5426 5485 5483 5482 5454 456 5423 5423 456 457 5423 457 5427 5427 457 458 5427 458 5441 5441 458 455 5441 455 5428 5428 455 454 5428 454 5429 5429 454 453 5429 453 5430 5430 453 435 510 460 5461 5461 460 504 5461 504 5458 5458 504 503 5458 503 502 5458 502 497 5458 497 487 5458 487 5470 5470 487 5472 5472 487 491 5472 491 496 5472 496 5454 5454 496 456 510 5461 508 510 508 512 747 5530 5514 5543 5523 5527 5531 5532 5494 5494 5532 5498 5532 5499 5498 5498 5499 5495 5495 5499 5518 5518 5499 5527 5532 750 5499 750 5500 5499 5500 5517 5499 5500 750 5501 5501 750 5536 5501 5536 5519 5519 5536 5535 5519 5535 5534 5497 5534 5533 5503 773 5538 5503 5538 5537 5526 5505 5520 5537 5504 5503 5503 5504 5506 5503 5506 5526 5526 5506 5505 5504 5539 5506 5505 5506 5528 5539 5507 5506 5506 5507 5496 5506 5496 5528 5507 5540 5496 5515 5497 5509 5497 5515 5534 5534 5515 5519 5530 5531 5514 5514 5531 5494 5514 5494 5511 5511 5494 5512 5512 5494 5498 5512 5498 5513 5513 5498 5495 5513 5495 5508 5516 5522 5524 5524 5522 5517 5521 5515 5509 5521 5509 5510 5515 5516 5519 5519 5516 5501 5517 5525 5499 5518 5527 5523 5516 5524 5501 5501 5524 5500 5521 5510 5520 5515 5521 5516 5516 5521 5522 5517 5522 5525 5499 5525 5527 5500 5524 5517 5522 5521 5520 5522 5520 5505 5510 5502 5520 5520 5502 5526 5525 5522 5505 5525 5505 5528 5525 5528 5496 5527 5525 5540 5527 5540 5543 5526 5529 5503 5525 5496 5540 5495 5518 5542 5542 5518 5523 5495 5542 5508 5508 5542 5541 747 748 5530 748 763 5530 763 5531 5530 5534 759 5533 774 5537 5538 5523 5541 5542 5544 3693 5545 5545 3693 5574 5545 5574 5573 5574 5575 5573 5573 5575 5567 5575 5576 5567 5576 5608 5567 5567 5608 5546 5546 5608 5555 5555 5608 5578 5555 5578 5547 5547 5578 5577 5547 5577 5606 5547 5606 5548 5566 5541 5549 5541 5523 5549 5548 5552 5547 5523 5543 5549 5549 5543 5553 5549 5553 5550 5550 5553 5554 5550 5554 5551 5551 5554 5552 5552 5554 5557 5552 5557 5555 5552 5555 5547 5553 5543 5558 5553 5558 5556 5553 5556 5554 5554 5556 5557 5543 5540 5558 5556 5558 5568 5556 5568 5559 5556 5559 5557 5557 5559 5555 5555 5559 5546 5558 5540 5568 5568 5540 5507 5572 5504 5537 5537 5560 5572 5572 5560 5571 5571 5560 5561 5571 5561 5562 5562 5544 5545 5537 775 5560 5567 5546 5559 5567 5559 5569 5569 5559 5568 5569 5568 5507 5569 5507 5539 5573 5567 5570 5570 5567 5569 5570 5569 5539 5573 5570 5571 5571 5570 5572 5572 5570 5539 5572 5539 5504 5563 5552 5548 5562 5545 5573 5552 5563 5564 5551 5552 5564 5571 5562 5573 5551 5564 5565 5550 5551 5565 5550 5565 5566 5549 5550 5566 563 5611 556 5611 563 557 557 5612 5611 5614 5586 5610 5609 5584 5613 5598 5577 5578 5605 5576 5602 5576 5575 5602 5602 5575 5607 5575 5574 5607 5615 5579 555 5615 555 556 5594 5580 5591 5593 5590 5592 5592 5588 5596 5598 5587 5589 5585 5613 5584 5587 5614 5609 566 5614 5610 565 566 5588 5588 566 5610 557 565 5612 5612 565 5588 5613 5587 5609 5611 5615 556 5614 5587 5586 5611 5612 5590 5611 5590 5582 5590 5612 5588 5615 5611 5582 5615 5582 5583 5589 5613 5585 5579 5615 5583 5585 5581 5589 5613 5589 5587 5579 5583 5580 5586 5587 5598 5610 5586 5596 5588 5610 5596 5590 5588 5592 5582 5590 5593 5591 5582 5593 5583 5582 5591 5580 5583 5591 5589 5581 5603 5603 5581 5595 5598 5589 5603 5604 5586 5598 5596 5586 5604 5592 5596 5599 5593 5592 5599 5600 5593 5599 5591 5593 5600 5594 5591 5600 5594 5600 5601 5603 5595 5597 5605 5596 5604 5599 5596 5605 5600 5599 5607 5607 5599 5602 5599 5605 5602 5601 5600 5607 5603 5597 5577 5598 5603 5577 5604 5598 5578 5601 5607 3693 5577 5597 5606 5608 5604 5578 5605 5604 5576 5576 5604 5608 5574 3693 5607 712 717 5606 5606 717 5548 5548 717 716 5548 716 5563 5563 716 720 5563 720 5564 5564 720 719 5564 719 5565 5565 719 718 5565 718 5566 5566 718 699 707 5541 699 699 5541 5566 733 729 5585 5585 729 5581 5581 729 730 5581 730 5595 5595 730 724 5595 724 5597 5597 724 725 5597 725 712 5597 712 5606 733 5585 735 735 5585 5584 735 5584 520 5618 5622 5649 5616 5653 5634 5634 5653 5623 5634 5623 5617 5617 5623 5622 5622 5623 5649 5653 989 5623 5623 5645 5649 989 5624 5623 5623 5624 5645 5624 5640 5645 5624 989 5625 5625 989 5656 5625 5656 5641 5641 5656 5655 5641 5655 5654 5621 5654 1013 5657 5658 5662 5626 5627 5642 5662 5658 5628 5662 5628 5626 5626 5628 5627 5658 5665 5628 5627 5628 5651 5665 5666 5628 5628 5666 5620 5628 5620 5651 5666 5659 5620 5638 5621 5633 5621 5638 5654 5654 5638 5641 5635 5617 5622 5635 5622 5630 5630 5622 5618 5652 5616 5634 5632 5634 5617 5632 5617 5637 5637 5617 5635 5636 5652 5634 5636 5634 5632 5639 5644 5646 5646 5644 5640 5643 5638 5633 5643 5633 1014 5638 5639 5641 5641 5639 5625 5618 5649 5619 5639 5646 5625 5625 5646 5624 5643 1014 5647 5647 1014 5642 5647 5642 5627 5638 5643 5639 5639 5643 5644 5640 5644 5648 5640 5648 5645 5624 5646 5640 5649 5660 5619 5644 5643 5647 5644 5647 5627 5642 1014 5650 5642 5650 5626 5649 5645 5690 5649 5690 5660 5648 5644 5627 5648 5627 5651 5648 5651 5645 5645 5651 5620 5645 5659 5690 5631 5635 5630 5650 1015 5626 5626 1015 5662 5645 5620 5659 5630 5618 5619 5630 5619 5629 5629 5631 5630 1001 997 5652 5652 997 5616 5654 995 1013 1016 5657 5662 5619 5661 5629 5619 5660 5661 5697 5698 5669 5669 5698 5670 5669 5670 5663 5698 5730 5670 5670 5730 5671 5670 5671 5691 5730 5699 5671 5671 5684 5688 5683 5702 5700 5679 5700 5701 5701 5725 5673 5667 5675 5694 5676 5629 5661 5677 5629 5676 5661 5660 5674 5674 5660 5690 5664 5658 5657 1018 5657 1017 1018 5678 5664 5663 5693 5669 5669 1019 5696 5669 5696 5697 5701 5673 5679 5679 5673 5672 5679 5672 5680 5680 5672 5668 5680 5668 5686 5681 5679 5680 5700 5679 5681 5681 5680 5682 5682 5680 5686 5683 5700 5681 5683 5681 5684 5684 5681 5682 5702 5683 5699 5684 5699 5683 5696 1019 5695 5671 5699 5684 5669 5685 1019 5685 5669 5693 5686 5668 5667 5686 5667 5694 5682 5686 5687 5687 5686 5694 5687 5694 5674 5684 5682 5687 5689 5687 5674 5689 5674 5690 5688 5684 5687 5688 5687 5689 5671 5688 5691 5691 5688 5689 5689 5690 5659 5691 5689 5666 5666 5689 5659 5665 5691 5666 5670 5691 5692 5692 5691 5665 5663 5670 5692 5692 5665 5658 5664 5663 5692 5664 5692 5658 5693 5663 5664 5685 5693 5678 5693 5664 5678 5675 5677 5694 5694 5661 5674 5694 5677 5676 5694 5676 5661 1018 5664 5657 784 5734 780 5734 784 777 777 5735 5734 787 5737 5706 787 5706 5733 789 5707 5736 5719 5701 5700 5726 5700 5702 5728 5730 5698 5728 5698 5723 5723 5698 5724 5698 5697 5724 5697 5696 5724 5695 5729 5696 5738 5731 776 5738 776 780 5718 5703 5712 5715 5711 5714 5714 5709 5717 5716 5732 5710 5716 5710 5713 5708 5736 5707 5736 5732 789 5732 5737 789 5709 787 5733 777 787 5735 5735 787 5709 5734 5738 780 5706 5737 5732 5734 5735 5711 5734 5711 5704 5711 5735 5709 5738 5734 5704 5738 5704 5705 5710 5736 5708 5731 5738 5705 5736 5710 5732 5731 5705 5703 5706 5732 5716 5733 5706 5717 5709 5733 5717 5711 5709 5714 5704 5711 5715 5712 5704 5715 5705 5704 5712 5703 5705 5712 5706 5716 5726 5727 5706 5726 5717 5706 5727 5714 5717 5720 5715 5714 5720 5721 5715 5720 5712 5715 5721 5722 5712 5721 5718 5712 5722 5716 5713 5719 5726 5716 5719 5728 5717 5727 5720 5717 5728 5721 5720 5724 5724 5720 5723 5722 5721 5729 5720 5728 5723 5721 5724 5729 5719 5725 5701 5726 5719 5700 5727 5726 5702 5699 5727 5702 5728 5727 5730 5730 5727 5699 5729 5724 5696 971 956 5725 5725 956 5673 5673 956 963 5673 963 5672 5672 963 5668 5668 963 961 5668 961 960 5668 960 5667 5667 960 959 5667 959 5675 5675 959 962 5675 962 5677 5677 962 942 942 5629 5677 5708 970 972 5708 972 5710 5710 972 975 5710 975 5713 5713 975 966 5713 966 5719 5719 966 971 5719 971 5725 970 5708 977 977 5708 5707 977 5707 745 5773 5774 5757 1230 5743 1229 5761 5745 5747 5775 5776 5746 5747 5770 5761 5776 5748 5746 5746 5748 5747 5746 5747 5745 5776 1219 5748 5747 5748 5770 1219 5767 5748 5748 5767 5760 5767 1219 5763 5763 1219 5778 5763 5778 5754 5754 5778 5777 5754 5777 1229 5754 1229 5743 5782 5779 5749 5771 5749 5750 5771 5750 5742 5779 5780 5749 5749 5780 5751 5749 5751 5750 5780 5786 5751 5750 5751 5741 5751 5740 5741 5786 5752 5751 5751 5752 5740 5762 5743 5753 5762 5753 1246 5774 5775 5757 5757 5775 5746 5757 5746 1217 1217 5746 5755 5755 5746 5745 5755 5745 5756 5756 5745 5761 5759 5756 5761 1217 5755 5758 5758 5755 5756 5754 5762 5744 5743 5762 5754 5760 5766 5748 5761 5770 5783 5754 5744 5763 5763 5744 5767 5762 5769 5744 5744 5769 5764 5764 5765 5760 5760 5765 5766 5748 5766 5770 5744 5764 5767 5769 5762 1246 5769 1246 5768 5750 5768 5742 5760 5767 5764 5764 5769 5765 5770 5781 5783 5750 5769 5768 1246 1247 5768 5768 1247 5742 5765 5741 5766 5765 5769 5750 5742 1247 5771 5770 5766 5781 5759 5758 5756 5765 5750 5741 5741 5740 5766 5766 5739 5781 5771 5782 5749 5766 5740 5752 5766 5752 5739 5772 5761 5783 5761 5772 5759 5759 5772 1216 5773 1232 5774 1232 5775 5774 1229 1245 1230 5821 5820 5788 5788 5820 5813 5820 5822 5813 5813 5822 5789 5822 5851 5789 5823 5824 5801 5811 5794 5739 5811 5739 5752 5817 5796 5783 5817 5783 5781 5796 5772 5783 5796 5797 5772 5797 1216 5772 5817 5781 5739 5817 5739 5794 5818 5780 5779 5818 5779 5819 5815 5799 5798 5788 5805 5821 5805 5784 5821 5800 5792 5790 5800 5790 5787 5787 5790 5791 5824 5792 5801 5801 5792 5800 5803 5800 5787 5823 5801 5802 5802 5801 5800 5802 5800 5803 5804 5823 5802 5804 5802 5803 5810 5804 5803 5784 5805 1248 5789 5851 5804 5789 5804 5810 1248 5805 5799 5805 5788 5798 5798 5799 5805 5787 5791 5806 5787 5806 5793 5807 5787 5793 5807 5793 5816 5803 5787 5807 5803 5807 5808 5808 5807 5809 5809 5807 5816 5809 5816 5817 5794 5809 5817 5810 5803 5808 5810 5808 5809 5811 5810 5809 5811 5809 5794 5789 5810 5812 5812 5810 5811 5813 5812 5811 5813 5811 5752 5813 5789 5812 5786 5813 5752 5814 5813 5786 5788 5813 5785 5785 5813 5814 5814 5786 5780 5798 5788 5785 5815 5798 5785 5815 5785 5819 5793 5797 5816 5816 5796 5817 5793 5806 5795 5793 5795 5797 5797 5796 5816 5785 5814 5818 5818 5814 5780 5785 5818 5819 5850 5792 5824 5823 5804 5851 5855 1025 1028 1028 1021 5856 1028 5856 5855 1033 5858 5830 1033 5830 5854 5841 5824 5823 5851 5822 5848 5822 5820 5848 5848 5820 5849 5820 5821 5849 5849 5821 5784 5847 5784 1248 5859 5825 1020 5859 1020 1025 5837 5826 5834 5836 5833 5835 5835 5831 5839 5841 5853 5832 1200 5852 1022 5852 5857 1022 5857 1034 1022 5853 5858 1034 1021 1033 5831 5831 1033 5854 5856 1021 5831 5857 5853 1034 5855 5859 1025 5830 5858 5853 5855 5856 5833 5855 5833 5828 5833 5856 5831 5859 5855 5828 5859 5828 5829 5832 5857 5852 5825 5859 5829 5852 5827 5832 5857 5832 5853 5825 5829 5826 5830 5853 5841 5854 5830 5839 5831 5854 5839 5833 5831 5835 5828 5833 5836 5834 5828 5836 5829 5828 5834 5826 5829 5834 5832 5827 5838 5841 5832 5838 5844 5830 5841 5839 5830 5844 5835 5839 5845 5842 5835 5845 5836 5835 5842 5843 5836 5842 5834 5836 5843 5837 5834 5843 5837 5843 5846 5845 5839 5844 5842 5845 5848 5843 5842 5849 5846 5843 5849 5838 5840 5824 5841 5838 5824 5844 5841 5823 5845 5844 5851 5848 5845 5851 5849 5842 5848 5846 5849 5847 5824 5840 5850 5851 5844 5823 5784 5847 5849 1199 1189 5850 5850 1189 5792 5792 1189 5790 5790 1189 1188 5790 1188 5791 5791 1188 1187 5791 1187 5806 5806 1187 1186 5806 1186 1185 5806 1185 5795 5795 1185 5797 5797 1185 1180 1171 1216 1180 1180 1216 5797 1202 1196 5852 5852 1196 5827 5827 1196 1195 5827 1195 5838 5838 1195 1191 5838 1191 5840 5840 1191 1199 5840 1199 5850 1202 5852 1205 1205 5852 1200 5866 5889 5899 5867 5892 5870 5867 5870 5868 5868 5870 5869 5868 5869 5865 5892 5893 5870 5869 5870 5860 5893 1524 5871 5893 5871 5870 5870 5871 5860 5871 1524 5883 5883 1524 5895 5883 5895 1533 1549 1533 5894 1552 5896 5874 1552 5874 5888 5888 5874 5872 5886 5861 5862 5862 5861 5885 5896 5873 5874 5872 5874 5875 5872 5875 5876 5886 5876 5861 5873 5897 5874 5874 5897 5877 5874 5877 5875 5875 5877 5878 5875 5878 5876 5876 5878 5861 5878 5864 5861 5897 5898 5877 5898 5879 5880 5898 5880 5877 5877 5880 5860 5877 5860 5878 1549 5863 1533 1533 5863 5883 5891 5892 1522 1522 5892 5867 1522 5867 5881 5881 5867 5868 5881 5868 5865 5866 5865 5889 5890 5891 1522 1521 1522 5881 5882 5881 5865 1521 5881 5882 1520 5882 5865 1520 5865 5866 5883 5884 5871 1549 5862 5863 5883 5863 5884 5862 5885 5863 5863 5885 5884 1549 1550 5862 5862 1550 5886 5885 5861 5884 5884 5864 5871 5861 5864 5884 5860 5871 5864 1550 1551 5886 5886 1551 5876 5864 5878 5860 5876 1551 5872 1551 5887 5872 5887 5888 5872 5869 5900 5889 5889 5900 5901 5869 5889 5865 5860 5880 5879 5869 5860 5879 5879 5900 5869 5889 5901 5899 5899 1520 5866 5890 1539 5891 1539 1535 5891 5891 1535 5892 5894 1533 1532 5902 1554 5932 5902 5932 5931 5932 5933 5931 5931 5933 5927 5933 5968 5927 5968 5967 5903 5903 5967 5914 5914 5967 5935 5914 5935 5904 5904 5935 5934 5904 5934 5905 5905 5934 5964 5926 5899 5911 5926 5911 5909 5899 5901 5911 5905 5910 5904 5909 5911 5912 5909 5912 5907 5907 5912 5913 5907 5913 5908 5908 5913 5910 5910 5913 5914 5910 5914 5904 5901 5900 5911 5911 5900 5915 5911 5915 5918 5911 5918 5912 5912 5918 5916 5912 5916 5913 5900 5879 5915 5916 5917 5913 5913 5917 5914 5916 5918 5919 5916 5919 5917 5914 5917 5903 5879 5898 5915 5915 5898 5919 5930 5873 5896 5896 5920 5930 5930 5920 5929 5929 5920 5921 5929 5921 5922 5922 1553 5931 5931 1553 5902 5896 1552 5920 5968 5903 5917 5919 5918 5915 5927 5968 5917 5927 5917 5928 5928 5917 5919 5928 5919 5898 5928 5898 5897 5927 5928 5897 5931 5927 5929 5929 5927 5930 5930 5927 5897 5930 5897 5873 5910 5905 5923 5908 5910 5923 5908 5923 5906 5929 5922 5931 5907 5908 5906 5907 5906 5924 5909 5907 5924 5909 5924 5925 5926 5909 5925 5966 5964 5934 5975 1249 1250 5946 5938 5939 1250 1256 5938 5938 1256 5973 5940 1258 5942 5940 5942 5972 1259 1509 5941 5964 5966 5955 5965 5934 5935 5962 5968 5933 5962 5933 5969 5969 5933 5959 5933 5932 5959 5959 5932 1554 1554 5963 5959 5970 1249 5975 5951 5949 5948 5950 5939 5956 5956 5939 5974 5956 5974 5945 5956 5945 5954 5960 5944 5953 5953 5944 5937 5941 5943 1259 5971 1258 1259 1251 5940 5973 5973 5940 5972 5973 5972 5945 1256 1251 5973 5975 1250 5938 5943 5971 1259 5971 5942 1258 5974 5973 5945 5970 5936 1249 5942 5971 5944 5975 5938 5946 5974 5939 5938 5974 5938 5973 5947 5975 5946 5970 5975 5947 5943 5937 5944 5943 5944 5971 5942 5944 5960 5972 5942 5945 5946 5939 5950 5948 5946 5950 5947 5946 5948 5949 5947 5948 5953 5937 5952 5942 5960 5965 5961 5942 5965 5945 5942 5961 5950 5956 5957 5948 5950 5958 5958 5950 5957 5951 5948 5958 5953 5952 5955 5960 5953 5955 5954 5945 5961 5962 5954 5961 5956 5954 5962 5957 5956 5969 5959 5957 5969 5958 5957 5959 5951 5958 5963 5956 5962 5969 5963 5958 5959 5960 5955 5966 5934 5960 5966 5965 5960 5934 5961 5965 5935 5967 5961 5935 5962 5961 5968 5968 5961 5967 1437 1438 5964 5964 1438 5905 5905 1438 1447 5905 1447 5923 5923 1447 5906 5906 1447 1442 5906 1442 5924 5924 1442 1441 5924 1441 5925 5925 1441 1443 5925 1443 5926 5941 1508 1449 5941 1449 5943 5943 1449 1451 5943 1451 1453 5943 1453 5937 5937 1453 1455 5937 1455 1457 5937 1457 1504 5937 1504 5952 5952 1504 5955 5955 1504 1458 5955 1458 1460 5955 1460 1437 5955 1437 5964 1508 5941 1512 1512 5941 1509 1512 1509 1505 5981 5976 5977 5979 5977 5978 5979 5978 251 251 5978 5980 5979 5981 5977 5976 5981 5982 5976 5982 5983 5985 5982 5984 5985 5984 236 236 5984 5986 5985 5983 5982 5983 5985 5987 5985 236 5987 236 241 5987 5987 241 5988 5988 241 242 5988 242 5989 5989 242 243 5989 243 5990 5990 243 244 5990 244 245 5990 245 5991 5991 245 246 5991 246 5992 5992 246 5986 5986 5984 5992 5992 5984 5982 5981 5993 5982 5977 5993 5999 5983 5993 5976 5982 5993 5992 5990 5993 5989 5989 5993 5988 5988 5993 5987 5987 5993 5983 5976 5993 5977 5999 5993 5998 5998 5993 5997 5997 5993 5996 5996 5993 5995 5995 5993 5994 5994 5993 5981 5992 5993 5991 5991 5993 5990 234 5980 5999 5999 5980 5978 5999 5978 5977 234 5999 5998 234 5998 258 258 5998 5997 258 5997 256 256 5997 5996 256 5996 254 254 5996 5995 254 5995 253 253 5995 5994 253 5994 251 251 5994 5979 5979 5994 5981 217 4037 203 203 4037 4029 4037 217 4044 4044 217 218 4044 218 4040 4040 218 221 4040 221 220 4040 220 4045 4045 220 4041 4041 220 223 203 4029 202 202 4029 4028 4021 202 4028 4019 212 4021 4021 212 202 212 4019 4018 4018 211 212 211 4018 4000 211 4000 201 4000 3979 201 201 3979 3976 201 3976 196 196 3976 194 194 3976 3975 194 3975 197 197 3975 199 199 3975 3971 199 3971 3974 199 3974 195 195 3974 3973 3973 191 195 3905 191 3973 191 3905 162 162 3905 172 172 3905 171 171 3905 3965 3965 3959 171 171 3959 173 173 3906 182 182 3906 3907 3959 3906 173 3907 3933 170 170 3933 3885 </p>
        </polylist>
      </mesh>
    </geometry>
  </library_geometries>
  <library_controllers>
  </library_controllers>
  <library_visual_scenes>
    <visual_scene id="Scene" name="Scene">
      <node id="node" name="" type="NODE">
        <matrix sid="matrix">1 0 0 0 0 1 0 0 0 0 1 0 0 0 0 1</matrix>
        <instance_geometry url="#mesh_0">
          <bind_material>
            <technique_common>
              <instance_material symbol="defaultMaterial" target="#material_0">
              </instance_material>
            </technique_common>
          </bind_material>
        </instance_geometry>
      </node>
    </visual_scene>
  </library_visual_scenes>
  <scene>
    <instance_visual_scene url="#Scene" />
  </scene>
</COLLADA>
